Workbook
Name \0: #N/A
Name \00: #REF!
Name \44333: #REF!
Name \a: #REF!
Name \add9a: #REF!
Name \b: #N/A
Name \c: #REF!
Name \d: #REF!
Name \e: #REF!
Name \F: #REF!
Name \h: #REF!
Name \i: #N/A
Name \j: #REF!
Name \k: #REF!
Name \l: #REF!
Name \m: #REF!
Name \n: #REF!
Name \o: #REF!
Name \P: #REF!
Name \q: #N/A
Name \r: #REF!
Name \s: #N/A
Name \T: #REF!
Name \X: #REF!
Name \z: #N/A
Name \zpr: #REF!
Name __________________________dep2: #REF!
Name __________________________dep3: #REF!
Name __________________________ext2: #REF!
Name __________________________ext3: #REF!
Name __________________________len2: #REF!
Name __________________________len3: #REF!
Name __________________________pc1: #REF!
Name __________________________pc2: #REF!
Name __________________________pc3: #REF!
Name __________________________tbc2: #REF!
Name __________________________tbc3: #REF!
Name __________________________wid2: #REF!
Name __________________________wid3: #REF!
Name _________________________dep2: #REF!
Name _________________________dep3: #REF!
Name _________________________ext2: #REF!
Name _________________________ext3: #REF!
Name _________________________len2: #REF!
Name _________________________len3: #REF!
Name _________________________pc1: #REF!
Name _________________________pc2: #REF!
Name _________________________pc3: #REF!
Name _________________________tbc2: #REF!
Name _________________________tbc3: #REF!
Name _________________________wid2: #REF!
Name _________________________wid3: #REF!
Name _______________________dep2: #REF!
Name _______________________dep3: #REF!
Name _______________________ext2: #REF!
Name _______________________ext3: #REF!
Name _______________________len2: #REF!
Name _______________________len3: #REF!
Name _______________________pc1: #REF!
Name _______________________pc2: #REF!

Sheet General Summary 
A2: Client: | C2: Saudi Industrial Property Authority (MODON) | D2: المالك: الهيئة السعودية للمدن الصناعية ومناطق التقنية
A3: Project: | C3: Development of Infrastructure in Kharj Industrial City | D3: اسم المشروع: تطوير شبكات البنية التحتية في المدينة الصناعية بالخرج
A4: Location: | C4: Kharj 1 Industrial City | D4: موقع المشروع: المدينة الصناعية الاولى بالخرج
A5: Project No.: | C5: KHJ1-02-007 | D5: رقم المشروع:KHJ1-02-007
A6: Item | C6: DESCRIPTION | I6: Amount SR
D7: وصف البند
A11: Package.01 | C11: Infrastructure works for AlKharj - 3.5km2 | D11: مشروع تطوير شبكات البنية التحتية في المدينة الصناعية بالخرج بمساحة 3.5 كم2 | F11: حزمة 01 | I11: =P.1!F601 -> 226527683
A13: Package.02 | C13: Infrastructure works for Labour Camp area | D13: مشروع تطوير شبكات البنية التحتية في المدينة الصناعية بالخرج للقرية العمالية | F13: حزمة 02 | I13: =P.2!F632 -> 18085168
A15: Package.03 | C15: Development of Mosuqe, Helipad, Stormwater network and Road rehabilitation | D15: مشروع تطوير مسجد و مهبط هلكبتر و شبكات سيول و تاهيل طرق | F15: حزمة 03 | I15: =P.3!I1208 -> 23118731
C37: Total - SAR Carried to General Summary | D37: التكلفة الإجمالية للمشروع | I37: =SUM(I9:I35) -> 267731582

Sheet Cover1
B4: مدن | J4: MODON
B5: الهيئة السعودية للمدن الصناعية ومناطق التقنية | J5: SAUDI AUTHORITY FOR INDUSTRIAL CITIES AND TECHNOLOGY ZONES
B12: ='General Summary '!D3 -> اسم المشروع: تطوير شبكات البنية التحتية في المدينة الصناعية بالخرج | J12: ='General Summary '!C3 -> Development of Infrastructure in Kharj Industrial City
B17: البنية التحتية والخدمات | J17: INFRASTRUCTURE AND UTILITIES
B21: جدول الكميات | J21: BILL OF QUANTITIES
B26: نوفمبر 2025 | J26: 45972

Sheet Preamble1
A1: =Cover1!B12 -> اسم المشروع: تطوير شبكات البنية التحتية في المدينة الصناعية بالخرج | D1: =Cover1!J12 -> Development of Infrastructure in Kharj Industrial City
A2: جدول الكميات | D2: BILL OF QUANTITIES
B5: مقدمة البنود - مكونات البنود | C5: ITEMS PREAMBLE - ITEMS CONTENTS
B6: أعمال الموقع والأعمال الترابية | C6: Site and Earth Works
A7: 1.1 | B7: يعتبر المقاول من خلال زيارته للموقع بأنه قام بفحص واستكشاف الموقع ومحيطه وأنه قام بتحديد والأخذ بعين الاعتبار عند إعطاء أسعاره كافة التكاليف الإضافية المتعلقة بهدم (بشكل حذر) المنشآت القائمة وطرق الوصول إلى الموقع وإزالة طبقات الأعشاب الموجودة والخرسانة والأرصفة وطبقات الرصف والاسفلت وأحجار الارصفة و التربة العلوية والسياج وحماية خطوط الخدمات القائمة وكافة ملحقاتها...الخ. | C7: The Contractor shall be deemed to have inspected and examined the Site and it's surroundings, and identified, considered and deemed to included all costs related to (carefully)demolition of existing structures, access roads, existing turfs, concrete, flagging, paving, curbing, road-metalling, topsoil, fencing, demolish and seal existing services, protection of existing service lines, accessories etc., and cart away debris, as directed by the Engineer and return of surface to its original conditions. | D7: 1.1
A8: 1.2 | B8: يشمل الهدم وإخلاء الموقع أيضا التخلص من المواد الناتجة وردم الفراغات باستخدام المواد المناسبة ما لم يتم التوجيه بغير ذلك. بالاعتماد على زيارة الموقع والمعلومات المتوفرة، على المتقدم للعطاء أن يشمل فوق سعره تكاليف إزالة المخلفات الملقاة وإزالة طبقات الرصف في الأرصفة والجزر الوسطية... ألخ. والتخلص من المخلفات إلى الأمكان العمومية المسموح بها حسب تعليمات المهندس وإعادة السطح إلى حالته الأصلية باستثناء ما تم قياسه بشكل منفرد أو تم وصفه في مكان آخر. يجب على المتقدم للعطاء أن يشمل في سعره جميع التكاليف الإضافية والناتجة عن إزالة خطوط الخدمات والمياه والكهرباء وصرف مياه الأمطار والصرف الصحي والهاتف ...ألخ. وتعديل مسارها في حال استخدامها من أجل تشغيل مباني قائمة أخرى كما تشمل إعادة السطح إلى حالته الأصلية باستثناء ما تم قياسه بشكل منفرد أو تم وصفه في مكان آخر. | C8: Item for Demolition and Site clearance shall also include disposal of the materials arising and backfilling of voids with suitable material except as otherwise directed. Based on site visit & available information, the tenderer shall allow in above rates for all Removal of dumped rubbish, removal of sidewalk & median pavements etc, and cart away debris, as directed by the Engineer and return of surface to its original conditions , unless otherwise measured separately or specified elsewhere. The tenderer shall allow in his rates for all extra costs for removal of underground utility lines, water, electrical, storm, sanitary, telephone, etc., including return of surface to its original conditions, unless otherwise measured separately or specified elsewhere. as well as ultimate development/design requirements, and to price comprehensively. | D8: 1.2
A9: 1.3 | B9: يتم حساب كميات الأعمال الترابية على أساس صافي الأبعاد الناتجة عن المخططات مع عدم السماح بمخصصات للزيادة أو النقصان أو الإهدار أو مساحات العمل. تشمل أسعار أعمال الحفر الحفاظ على الحفر جافة بالطرق المعتمدة | C9: The quantities of earthworks shall be computed net using dimensions from the Drawings with no allowance for bulking, shrinkage, waste or working space. Rates for excavation shall include for keeping excavations free from water by acceptable means. | D9: 1.3
A10: 1.4 | B10: أسعار الحفر (في مناطق القطع) تشمل تثبيت مستوى السطح النهائي المتكون طبقا للمواصفات. على المتقدمين للمناقصة الرجوع إلى المعلومات والتقارير الجيولوجية المتوفرة بخصوص حالة التربة والقيام باستكشاف الموقع بشكل ملائم للحصول على فهم كامل لحالة الارض و التربة في الموقع قبل وضع الأسعار في جدول الكميات ويجب تضمين أية تكلفة أضافية متعلقة بفحص التربة وبأعمال الحفر. ويتضمن البند الحفر في جميع انواع التربة (ترابية أو صخرية) ما لم يتم قياس الحفر في التربه الصخريه في بند منفصل. | C10: Excavation prices (in cut areas) includes installing the final surface formed according to the specifications. The Tenderers are to refer to the information and geological reports that are available relating to the condition of the soil as well as exploring the site properly to get a full understanding of the status of the land and soil at the site before pricing of the bill of quantities. Rates must include any additional costs related to examination of the soil and excavation work. The item includes excavation in all types of soil (including rocks and hard material that requires special equipment), unless otherwise measured separately or specified elsewhere | D10: 1.4
A11: 1.5 | B11: تعتبر تكاليف أعمال الحفر في مناطق القطع متضمنة لحميع الموارد المطلوبة الإضافية والمصاريف المتعلقة بالحفر لجميع الأعماق ما لم يتم قياسها بشكل منفرد. | C11: Excavation for cuttings; deemed to be included all additional resources and expenses related to various and all depths, unless otherwise measured seperately. | D11: 1.5
A12: 1.6 | B12: تشمل أسعار المواد المستخدمة في الردم من خارج الموقع الحفر في الموقع الخارجي (عند الحاجة) والنقل والتفريغ والدمك في طبقات حسب المواصفات. يجب أن تكون المواد المستوردة من خارج الموقع خالية من أية مواد عضوية أو نفايات أو أتربة سطحية أو صخور... الخ حسب المواصفات وباعتماد المهندس. | C12: The rate for imported fill material shall deemed to include borrow pit excavation, hauling, placement and compaction in layers as specified. Imported material must be free from all organic materials, waste, top soil, rock, etc., as specified, and to approval of the Engineer. | D12: 1.6
A13: 1.7 | B13: لن يتم دفع تكاليف تكديس المواد والمناولة المزدوجة للمواد التي يتم حفرها على أن يتضمنها المقاول في الأسعار المقدمة ما لم يتم قياسها بشكل منفرد. | C13: Stockpiling and Double handling of excavated material shall not be payed seperately and the Contractor shall be deemed to have included in his rates, unless measured seperately. | D13: 1.7
A14: 1.8 | B14: التكاليف الخاصة بقطع وتجهيز الأسطح التي يتم حفرها متضمنة في أسعار الحفر ذات الصلة. | C14: Trimming and preparation of excavated surfaces, are deemed to be included within the relevant excavation rates. | D14: 1.8
A15: 1.10 | B15: التكاليف الخاصة بقطع وتجهيز الأسطح التي تم ردمها متضمنة في أسعار الردم ذات الصلة. | C15: Trimming and preparation of filled surfaces, are deemed to be included within the relevant filling rates. | D15: 1.10
A16: 1.11 | B16: يجب أن تشمل أسعار المتقدم للمناقصة فيما يتعلق بالحفر أية تكاليف إضافية للحفر في أي مواد مثل التربة الترسيبية والرمال والصخور وإجراء الحفر و الردم في أوضاع التربة الغير مناسبة و معالجة التربة و الحفر علي أي أعماق والحفر تحت منسوب المياه العادي والحفر حول المرافق والخدمات القائمة و العمل ضمن مناطق محصورة وعالية الخطورة وإزالة تلك المرافق والخدمات المهملة وغير المستخدمة ودعم الجوانب العمودية ومساحات العمل وردم المناطق غير الثابتة أثناء الحفر ما لم يتم قياسها بشكل منفرد أوما لم ينص على خلاف ذلك. | C16: The tenderer shall allow in his earthworks rates for all extra costs; for excavating in any material including running silt, running sand and rock, additional cut and fill for unsuitable soil conditions, soil treatments, commencing excavation at any depth, excavating below the normal water table, excavating around existing services and mains, working in restricted areas, high risk areas, the removal of dead services , supporting the vertical sides or excavations, working space and filling soft spots , unless otherwise measured separately or specified elsewhere. | D16: 1.11
A17: 1.12 | B17: يجب أن تشمل أسعار المتقدم للمناقصة تكاليف ازالة مواد ناتج الحفر الزائدة الى المقالب العمومية المعتمدة التى تحددها الجهات المختصة | C17: The price of the contractor must include costs for materials disposal to public landfills approved by the competent authorities | D17: 1.12
B18: أعمال الخرسانة | C18: CONCRETE Works
A19: 2.1 | B19: تشمل الأسعار الخاصة بالخرسانة المصبوبة في الموقع توفير الخرسانة وصبها ويشمل ذلك كافة الوصلات وموانع التسرب وخلاطات الخرسانة والأوتاد وأساليب التحكم في الشقوق وملحقات خرسانية والإضافات والتحبيب والأعمال النهائية لتمليس السطح الخ ما لم ينص على خلاف ذلك | C19: The rates inserted for in-situ concrete in all classifications shall include for provision of concrete, and placing of concrete including all joints, water stops, rebates, groves, dowels, crack controls, concrete accessories, inserts, grouting and finishing to top surface, etc, unless otherwise measured separately. | D19: 2.1
A20: 2.2 | B20: تشمل الأسعار الخاصة بالخرسانة العادية الشدات وفي الأركان أو أي أبعاد إضافية للخرسانة طبقا لما يراه المقاول مناسبا | C20: The rates for blinding shall include for shuttering at edges or additional width of concrete at the discretion of the Contractor. | D20: 2.2
A21: 2.3 | B21: تشمل الأسعار الخاصة بالخرسانة لكافة الفئات التجويفات والفراغات وتثبيت البراغي وفتحات التثبيت | C21: The rates for concrete in all classifications shall include for forming mortises and holes, which shall include mortises for holding down bolts and weep holes. | D21: 2.3
A22: 2.4 | B22: تشمل الأسعار الخاصة بالخرسانة المسلحة الشدات بكافة أنواعها وحديد التسليح والخرسانات وكل مايلزم طبقا لما يراه المقاول مناسبا لإنهاء العمل حسب المخططات والمتطلبات الخاصة بالمواصفات. | C22: The rates for reinforcement concrete shall include all type of shuttering ,steel, concrete, as the discretion of the Contractor according to the Drawings and requirements of the Specification.. | D22: 2.4
A23: 2.5 | B23: بما لا يتعارض مع قاعدة القياس M10 يجب أن يتضمن المقاول في أسعاره إنشاء كافة الوصلات التي قد لا تكون موضحة تفصيلا أو موجودة في المخططات والمتطلبات الخاصة بالمواصفات | C23: Notwithstanding measurement rule M10, the Contractor shall be deemed to have included in his rates for all construction joints not expressly detailed or located on the Drawings and requirements of the Specification. | D23: 2.5
A24: 2.6 | B24: بما لا يتعارض مع قاعدة القياس M13 to M16 يجب أن يتضمن المقاول في أسعاره إنشاء كافة الملحقات الخرسانية التي قد لا تكون موضحة تفصيلا أو موجودة في المخططات والمتطلبات الخاصة بالمواصفات | C24: Notwithstanding measurement rule M13 to M16, the Contractor shall be deemed to have included in his rates for all concrete accessories not expressly detailed or located on the Drawings and requirements of the Specification. | D24: 2.6
A25: 2.7 | B25: تشمل الأسعار الخاصة بالدعامات أعمال الثني والتمليس والقطع المنحني وأسلاك الربط واللفات والكتل والجلسات والفواصل | C25: The rates for reinforcement shall include for bending, raking and curved cutting, notching, tying wire, laps, distance blocks, chairs and spacers. | D25: 2.7
A26: 2.8 | B26: تشمل الأسعار الخاصة بالخرسانة سابقة التجهيز الشدات أو القوالب والتشكيل ومواد الوصلات وفواصل التغطية ومواد التبطين مقاومة للمياه وأغطية خاصة ووصلات خاصة بين الوحدات وهياكل وروابط وصبات وأي وسائل تثبيت أخرى وتمليس وتشطيب مسبق ونهائي | C26: The rates for pre-cast concrete shall include shuttering or moulds, bedding, pointing, expansion material, cover strips, damp proof membranes, special sealing and special pointing between Units and Units and structure, anchor bolts, casting, other fixing devices, grouting and pre & final finishes | D26: 2.8
A27: 2.9 | B27: تشمل عناصر الخرسانة سابقة التجهيز كافة التكاليف المرتبطة بالتصنيع والتوريد والنقل للموقع والتفريغ والتخزين في الموقع وتكلفة كافة العمليات في الموقع من النقل والصب والتركيب بما فيها أجور الكرينات (الونش)وتنفيذ الأعمال على أكمل وجه وتشمل اختبارات الأنظمة بالمصنع والموقع والانظمة النهائية وبدء التنفيذ والصيانة والتأمين على المعدات في الموقع الخ طبقا للمخططات والمواصفات | C27: Pre-cast concrete components shall include for all costs associated with manufacture, supply, transportation to site, offloading, on-site storage, the cost of all operations at the site, site transportation, erection and installation, setting to work, including factory, site and final system tests and for commissioning, maintenance and insurance of the equipment on site, etc., all as specified and according to drawings | D27: 2.9
A28: 2.10 | B28: تشمل الأسعار الخاصة بصب الخرسانة والأعمال الترابية والخرسانة العادية والشدات وأعمال المبانى وأعمال التشطيبات النهائية وكافة الأعمال المدنية الضرورية ما لم يتم قياسها بشكل منفصل | C28: The rate for placing of concrete deemed to be including , earthworks, blinding, steps, masonry, concreting, final finishes and all other civil works as necessary, unless measured separately | D28: 2.10
A29: 2.11 | B29: أعمال البردورات مسبقة الصب وتشمل صب خرسانة الأساسات بالموقع، المونة الأسمنتية ، التسليح ، الحفر ، الردم ، الدمك ، الدهانات والتخلص من المخلفات وانهاء الأعمال على النحو المطلوب طبقاً لمعايير الجهات المختصة والمواصفات والمخططات التصميمية. | C29: Pre-cast concrete kerbs including in-situ concrete foundation, hunching, cement mortar, dowel bars, jointed and pointed in mortar, excavation, filling, compaction, disposal including painting and final finishes etc., all in accordance with authority standards and complete as per specifications and drawings | D29: 2.11
A30: 2.12 | B30: أعمال القواعد الخرسانية لأعمدة الإنارة واللواحات والمرورية والإرشادية تعتبر متضمّنة | C30: RCC foundations for light poles and traffic signs are considered part of the main items | D30: 2.12
B31: أعمال المواسير والتركيبات والصمامات | C31: PIPEWORK , PIPES AND FITTINGS AND VALVES
A32: 3.1 | B32: أعمال المواسير: | C32: Pipeworks: | D32: 3.1
B33: يشمل قياس أعمال المواسيرما يلي: - توريد و تشوين المواسير والقطع الخاصة - الحفر في جميع أنواع التربة (الترابية والصخرية) وإعداد الأسطح وإزالة المخلفات و يشمل تدعيم الجوانب الخاصة بالحفر وإزالة المرافق والخدمات المهملة وغير المستخدمة و نزح المياه - تركيب المواسير والقطع الخاصة في الخنادق المخصصة شاملا طبقه الأساس تحت المواسير و الطبقة المحيطة و الشريط التحذيري - الردم ويشمل الدمك باستخدام المواد المعتمدة طبقا للإجراءات الخاصة بالجهات المختصة - الحماية والدعامات الخرسانية (ان وجدت) وفقا للرسومات و المواصفات -جميع الاعمال اللازمه لربط الشبكات الجديده علي الشبكات القائمه وعمل كافة الاختبارات اللازمه وإعاده الوضع كما كان عليه وكافة الاعمال اللازمة لأتمام البند الحماية الخاصة للمرافق والخدمات المجاورة أو الطبقات المتعددة من المواسير - الاختبارات والتنظيف النهائي والغسيل والتعقيم - جميع الاعمال اللازمة لإنهاء تركيب المواسير. - جميع الاعمال يتم تنفيذها وفقا للرسومات و المواصفات الفنيه. | C33: The rate for pipeworks shall include the following: - supply and storage of pipes and special parts. - excavation in all types of soil (including rock), surface preparation, demlition, upholding the vertical sides of excavations, the removal of dead services, and dewatering. - installation of pipes and special parts in the proposed trenches including the foundation layer under pipes and the surrounding layer and caution tape. - Backfilling including compaction with approved materials all in accordance with authority regulations. - Concrete Stools and Thrust Blocks (if any) indicated in the relevant drawings and specifications. -All necessary items to interface between the new networks and the existing networks, all necessary testing, return of surface to its original conditions.and all other items to complete this item. - Special protection for utilities adjacent or multiple pipe laying, and pipe supports. - Commissioning, final cleaning, flushing and sterilisation of works. - All the works required to complete the installation of pipes. - All the works shall be in accordance with the Drawings and Specifications.
A34: 3.2 | B34: أعمال غرف المحابس و المطابق: | C34: Valve Chambers and Manholes: | D34: 3.2
B35: يشمل قياس أعمال غرف المحابس و المطابق ما يلي: - توريد المواسير والقطع الخاصة - الحفر في جميع أنواع التربة (الترابية والصخرية) وإعداد الأسطح وإزالة المخلفات ويشمل تدعيم الجوانب الخاصة بالحفر وإزالة المرافق والخدمات المهملة وغير المستخدمة و نزح المياه. - جميع الاعمال الخرسانية و تشمل الاساسات و الحوائط و الاسقف و الكراسى والدعمات الخرسانية وكتل التثبيت الخرسانية وكافة المتطلبات طبقا للمخططات والمواصفات ذات الصلة مثل دهان بيتوميني وطبقات نيوبرين.....الخ. - أعمال البناء وفرشة المونة وأعمال مقاومة المياه والدرج والاغطيه والإطارات ,و سلسله الدعم و السلامة وجميع الوصلات. - تركيب المواسير والقطع الخاصه - الحماية الخاصة للمرافق والخدمات المجاورة أو الطبقات المتعددة من المواسير - الاختبارات والتنظيف النهائي والغسيل والتعقيم - جميع الاعمال اللازمه لانهاء غرف المحابس و تركيب المواسير. - جميع الاعمال يتم تنفيذها وفقا للرسومات و المواصفات الفنيه | C35: The rate for Valve Chambers and Manholes shall include the following: - supply of pipes and special parts. - excavation in all types of soil (including rock), surface preparation, demlition, upholding the vertical sides of excavations, the removal of dead services, and dewatering. - All the concrete works including foundation, walls, slabs, stools, and thrust blocks and all the requirements in accordance with the Drawings and Soecifications such as bituminous coat, neoprene layer, etc. - All the civil works, mortar, waterproofing, stairs, covers, frames and chainlinks. - installation of pipes and special parts. - Special protection for utilities adjacent or multiple pipe laying, and pipe supports. - Commissioning, final cleaning, flushing and sterilisation of works. - All the works required to complete the installation of valve chambers and manholes. - All the works shall be in accordance with the Drawings and Soecifications.
A36: 3.3 | B36: حنفيات الحريق | C36: Fire Hydrants | D36: 3.3
B37: تشمل تكلفة حنفيات الحريق ما يلي: - توريد حنفيات الحريق والصمامات و المواسير والقطع الخاصة - الحفر في جميع أنواع التربة (الترابية والصخرية) وإعداد الأسطح وإزالة المخلفات ويشمل تدعيم الجوانب الخاصة بالحفر وإزالة المرافق والخدمات المهملة وغير المستخدمة و نزح المياه. - كافة أعمال تركيب المواسير والصمامات وصناديق الصمامات وملحقاتها وحواجز التأمين والتركيبات اللازمة والملحقات وأعمال البناء. - جميع الاعمال اللازمه لانهاء تركيب حنفيات الحريق. - جميع الاعمال يتم تنفيذها وفقا للرسومات و المواصفات الفنيه | C37: The rate for fire hydrants shall include the following: - Supply of fire hydrants, valves, pipes and special parts. - Excavation in all types of soil (including rock), surface preparation, demlition, upholding the vertical sides of excavations, the removal of dead services, and dewatering. - All the works required for pipework, valves, surface boxes, accessories, protection barricades, necessary fittings, and accessories, and civil works, - All the works required to complete the installation of fire hydrants. - All the works shall be in accordance with the Drawings and Specifications.
A38: 3.4 | B38: الصمامات المردومة | C38: Buried Valves | D38: 3.4
B39: تشمل تكلفة الصمامات المردومة ما يلي: - توريد الصمامات و المواسير والقطع الخاصة - الحفر في جميع أنواع التربة (الترابية والصخرية) وإعداد الأسطح وإزالة المخلفات ويشمل تدعيم الجوانب الخاصة بالحفر وإزالة المرافق والخدمات المهملة وغير المستخدمة و نزح المياه. - كافة أعمال تركيب المواسير والصمامات وصناديق الصمامات وملحقاتها وحواجز التأمين والتركيبات اللازمة والملحقات وأعمال البناء. - جميع الاعمال اللازمه لانهاء تركيب المحابس. - جميع الاعمال يتم تنفيذها وفقا للرسومات و المواصفات الفنيه | C39: The rate for buried valves shall include the following: - Supply of fire hydrants, valves, pipes and special parts. - Excavation in all types of soil (including rock), surface preparation, demlition, upholding the vertical sides of excavations, the removal of dead services, and dewatering. - All the works required for pipework, valves, surface boxes, accessories, protection barricades, necessary fittings, and accessories, and civil works, - All the works required to complete the installation of buried valves. - All the works shall be in accordance with the Drawings and Specifications.
A40: 3.5 | B40: يعد سطح التسوية هو سطح بداية العمل لأعمال المواسير والعمق المذكور مقاس من سطح التسوية حتى منسوب قاع المواسير. | C40: The "Grading level" shall be considered as "Commencing Surface" for pipes , the mentioned depth is from grading level to the pipe invert level. | D40: 3.5
A41: 3.6 | B41: يعد العمق المذكور لأعمال المناهل وغرف المحابس هو العمق المقاس من أعلى الغطاء حتى منسوب قاع المانهول / الغرفة | C41: The mentioned depth for manholes and valve chambers shall be considered from the top of cover to the manhole/chamber bottom | D41: 3.6
A42: 3.7 | B42: الفواصل وأعمال حقن الخرسانة للمواسير داخل العبارات/ مناطق القطع تكون مشمولة ضمن أسعار المواسير كما يجب أن تشمل إعادة الشئ لأصله المانهولات والغرف الأخرى | C42: Spacers and grouting for pipes within ducts/crossings deemed to be included within pipes rates. Additional reinstatement shall be deemed to include for manholes and other chambers. | D42: 3.7
A43: 3.8 | B43: الفواصل وأعمال حقن الخرسانة للمواسير داخل العبارات/ مناطق القطع تكون مشمولة ضمن أسعار المواسير كما يجب أن تشمل إعادة الشئ لأصله المانهولات والغرف الأخرى | C43: Spacers and grouting for pipes within ducts/crossings deemed to be included within pipes rates. Additional reinstatement shall be deemed to include for manholes and other chambers. | D43: 3.8
B44: محطات الرفع | C44: Lift Station
A45: 4.1 | B45: تشمل أعمال محطة الرفع جميع الأعمال الترابية والإنشائية والمعمارية والميكانيكية والكهربائية والتحكم حسب المخططات | C45: Lift station shall be deemed to include earthworks, structure, archeticture, mechanical, electrical, C&I as per the drawings and specifications | D45: 4.1
B46: الأعمال الكهربائية | C46: ELECTRICAL WORKS
B47: شبكة التوزيع الكهربائية للجهد المتوسط | C47: Medium voltage network distribution
A48: 5.1 | B48: خندق كابل جهد متوسط. أعمال حفر خنادق الكابلات في جميع أنواع التربة والردم ودك وتسوية الارض ونقل المخلفات الزائدة بما يشمل توريد وطرح الرملة الناعمة وشريط التحذير ومؤشرات اتجاه الكابلات وذلك وفق مواصفات الشركة السعودية للكهرباء. | C48: Medium voltage cable trench Excavation and bedding of trench on all type of soil, backfilling with imported sand, compaction , warning tape and cable markers according to Saudi Electric Company specifications. | D48: 5.1
A49: 5.1 | B49: خندق كابل جهد متوسط. أعمال حفر خنادق الكابلات في جميع أنواع التربة والردم ودك وتسوية الارض ونقل المخلفات الزائدة بما يشمل توريد وطرح الرملة الناعمة وشريط التحذير ومؤشرات اتجاه الكابلات وذلك وفق مواصفات الشركة السعودية للكهرباء. | C49: Medium voltage cable trench Excavation and bedding of trench on all type of soil, backfilling with imported sand, compaction , warning tape and cable markers according to Saudi Electric Company specifications. | D49: 5.1
A50: 5.2 | B50: (قطع / وأجزاء الطرق (نفق كابلات الجهد المتوسط توريد وتركيب واختبار ماسورة بلاستيك من الفئة الرابعة عند قطع الكيبلات الطرق شاملا التغليف بالخرسانة الاسمنتية والردم وذلك وفق مواصفات الشركة السعودية للكهرباء | C50: Road parts/cutting (medium voltage cable ducts) Supply and installing upvc class 4 ducts, including concrete casting and burial according to Saudi Electric Company specification. | D50: 5.2
A51: 5.3 | B51: كابلات الجهد المتوسط. توريد وتمديد كوابل جهد متوسط داخل خندق محفور بالارض شاملا الاختبارات وذلك وفق مواصفات الشركة السعودية للكهرباء. | C51: Medium Voltage cables. Supply , installation and testing of Medium voltage cables in trench according to Saudi Electric Company specification. | D51: 5.3
A52: 5.4 | B52: وصلات كابل جهد متوسط. توريد وتركيب واختبار وصلات كيبل جهد متوسط تتضمن الفحص والاختبارات وفقا لمواصفات الشركة السعودية للكهرباء. | C52: Medium voltage cable Straight joints. Supply , installation and testing of Medium voltage cable straight joints according to the Saudi Electric Company specifications. | D52: 5.4
A53: 5.5 | B53: نهايات كبلات الجهد المتوسط توريد وتركيب نهايات الكابلات ذات الجهد المتوسط ، بما في ذلك الاختبار ، وفقاً لمواصفات الشركة السعودية للكهرباء. | C53: Medium voltage cable Terminations supply and installation and testing of Medium voltage cable terminations, according to the Saudi Electric Company specifications . | D53: 5.5
A54: 5.6 | B54: مفتاح جهد متوسط (RMU). توريد وتركيب واختبار مفتاح جهد متوسط (وحدة الربط الحلقى) لنقاط الفتح بين المغذيات (NOP) من النوع الخارجى طبقا لمواصفات الشركة السعوديه للكهرباء. | C54: Normal Open Point (RMU) Supply, installation and testing of medium voltage (RMU), normal open point (NOP) for outdoor type , according to the Saudi Electric Company specifications. | D54: 5.6
A55: 5.7 | B55: محطات الإنارة توريد وتركيب محطات إنارة شوارع وفق المعايير القياسية لوزارة النقل ومخططات التصميم (ما عدا وحدة الحلقات للجهد المتوسط تركب خارج المحطة المصندقه ولكن بالقرب منها وفقا لمتطلبات ومواصفات الشركة السعودية للكهرباء. | C55: Supply, installation and testing of street lighting substations as per MOT codes, specifications and drawings (excluding RMU, to be installed outside the Unit substation but close to the substation as per Saudi Electric Company requirements). | D55: 5.7
A56: 5.8 | B56: كابلات الضغط المنخفض LV توريد وتمديد وتركيب واختباركابلات إنارة شوارع جهد منخفض شاملا أعمال الحفر في أي حالة من التربة والتربة بمواد موافق عليها والتخلص من المخلفات، وفق المعايير القياسية المواصفات ومخططات التصميم . | C56: Low Voltage Cables Supply , installation and testing of street lighting low voltage cables Include for excavation in all types of soil, de-watering, backfill with approved material & disposal of excavated material, as per specifications, standards and drawings. | D56: 5.8
A57: 5.9 | B57: أعمدة الإنارة توريد وتركيب أعمدة إنارة طرق وفق المعايير القياسية و المواصفات ومخططات التصميم . ويشمل توريد وتركيب قواعد خرسانية مسلحة شامل أعمال الحفر في جميع أنواع التربة, والردم بمواد موافق عليها من قبل الأستشاري, والتخلص من مخلفات الردم , وفق المعايير القياسية و المواصفات ومخططات التصميم | C57: Lighting Poles Supply and installation of road lighting poles according to specifications , standards and design drawings. Including Supply and installation of reinforced concrete foundation including excavation in all types of soil, de-watering, backfill with approved material & disposal of excavated material as per specifications, standards and drawings | D57: 5.9
A58: 5.10 | B58: وحدات إنارة الطرق توريد وتركيب وحدات إنارة طرق وفق المعايير القياسية و المواصفات ومخططات التصميم . | C58: Street Lighting Luminaire Supply, installation and testing of Street Lighting Luminaire as per specifications and drawings and in accordance with authority standards. | D58: 5.10
A59: 5.11 | B59: نظام التاريض توريد وتركيب نظام التاريض لإنارة شوارع بما يشمل أعمال حفر وردم الخندق وقضبان وكابلات التأريض , الخ . وفق المعايير القياسية / المواصفات ومخططات التصميم . | C59: Earthing installation Supply, installation and testing of the earthing system complete with earthing pits , electrodes, earthing conductors , etc. as per specifications, standards and drawings . | D59: 5.11
... A63: 5.15 | B63: توريد وتركيب واختبار كبائن توزيع لمغذي منخفض وفق المعايير القياسية ومتطلبات ومواصفات الشركة السعودية للكهرباء ودرجة حماية IP65 | C63: Supply, installation and testing of Feeder Pillar as per SEC codes, specifications and drawingsr . IP 65 | D63: 5.15
B64: الاتصالات | C64: Telecom
B65: العبارات | C65: Ducts
A66: 5.16 | B66: تشمل أعمال مد عبارات الاتصالات في الخنادق المخصصة لذلك أعمال الحفر والردم والدمك وإزالة المخلفات والصبات والمواسيروأغطية الحماية وإعادة الشئ لأصله والأشرطة التحذيرية والاختبارات وذلك طبقا لإجراءات الجهات المختصة والمواصفات والمخططات | C66: Laying of Telecommunication ducts in trenches shall include all related excavations, backfilling, other fillings, compaction, disposal, protection covers, reinstatement, draw ropes, warning tapes, testing, all as per authority requirements, specifications and drawings | D66: 5.16
B67: عبارات الطرق | C67: Road Crossing
A68: 5.17 | B68: تشمل أعمال مد عبارات الاتصالات في عبور الطرق أعمال الحفر والردم والدمك وإزالة المخلفات والأعمال الخرسانية والصبات والمواسيروأغطية الحماية وإعادة الشئ لأصله والأشرطة التحذيرية والاختبارات وذلك طبقا لإجراءات الجهات المختصة والمواصفات والمخططات | C68: Laying of Telecommunication ducts on road crossing shall include all related excavations, backfilling, other fillings, compaction, disposal, concrete work, encasements, protection covers, reinstatement, draw ropes, warning tapes, testing, all as per authority requirements, specifications and drawings | D68: 5.17
B69: أعمال الموقع والأعمال الزراعية | C69: Site and Landscaping Works
A70: 6.1 | B70: يشمل سعر زراعة النباتات و الاشجار الحفريات واستيراد ومد طبقة من التربة الناعمة، والأسمدة، والتدعيم والتسوية والتنسيق مع أعمال الإضاءة والري واستكمالها... الخ. وتنسيق الأعمال وربطها لتتلاءم مع كافة مواصفات الأسطح المعدة للزراعة والبنى التحتية كما تشمل جميع المتطلبات والشروط الخاصة والتشكيل والتصنيف (الفرز) وإتمام أعمال التسوية على الأسطح المجاورة واستكمال الحفر المعدة للأشجار. | C70: The rate for planting trees and shrubs deemed to be including excavation, importing and laying sweet soil, fertilizers, anchors, stabilisation, coordination with irrigation, lighting, etc. complete. Coordinate work with all surface features of landscaping and infrastructure and include all requirements, special conditions, shaping, grading, finishing and adjusting to adjoining surfaces. Tree pits are to be complete. | D70: 6.1
A71: 6.2 | B71: يعتبر المقاول من خلال زيارته للموقع بأنه قام بفحص واستكشاف الموقع ومحيطه وأنه قام بتحديد والأخذ بعين الاعتبار عند إعطاء أسعاره كافة التكاليف الإضافية المتعلقة بهدم (بشكل حذر) المنشآت القائمة وطرق الوصول إلى الموقع وإزالة طبقات الأعشاب الموجودة والخرسانة والأرصفة وطبقات الرصف والاسفلت وأحجار الارصفة و التربة العلوية والسياج وحماية خطوط الخدمات القائمة وكافة ملحقاتها وإعادة الوضع كما كان عليه...الخ. | C71: The Contractor shall be deemed to have inspected and examined the Site and it's surroundings, and identified, considered and deemed to included all costs related to (carefully) demolition of existing structures, access roads, existing turfs, concrete, flagging, paving, curbing, road-metalling, topsoil, fencing, demolish and seal existing services, protection of existing service lines, accessories etc., and cart away debris, as directed by the Engineer and return of surface to its original conditions. | D71: 6.2
A72: 6.3 | B72: يشمل الهدم وإخلاء الموقع أيضا التخلص من المواد الناتجة وردم الفراغات باستخدام المواد المناسبة ما لم يتم التوجيه بغير ذلك. بالاعتماد على زيارة الموقع والمعلومات المتوفرة، على المتقدم للعطاء أن يشمل سعره تكاليف إزالة المخلفات الملقاة وإزالة طبقات الرصف في الأرصفة والجزر الوسطية... ألخ. والتخلص من المخلفات إلى الأمكان العمومية المسموح بها حسب تعليمات المهندس وإعادة السطح إلى حالته الأصلية باستثناء ما تم قياسه بشكل منفرد أو تم وصفه في مكان آخر. يجب على المتقدم للعطاء أن يشمل في سعره جميع التكاليف الإضافية والناتجة عن إزالة خطوط الخدمات والمياه والكهرباء وصرف مياه الأمطار والصرف الصحي والهاتف ...ألخ. وتعديل مسارها في حال استخدامها من أجل تشغيل مباني قائمة أخرى كما تشمل إعادة السطح إلى حالته الأصلية باستثناء ما تم قياسه بشكل منفرد أو تم وصفه في مكان آخر. | C72: Item for Demolition and Site clearance shall also include disposal of the materials arising and backfilling of voids with suitable material except as otherwise directed. Based on site visit & available information, the tenderer shall allow in his rates for all Removal of dumped rubbish, removal of sidewalk & median pavements etc, and cart away debris, as directed by the Engineer and return of surface to its original conditions , unless otherwise measured separately or specified elsewhere. The tenderer shall allow in his rates for all extra costs for removal of underground utility lines, water, electrical, storm, sanitary, telephone, etc., including return of surface to its original conditions, unless otherwise measured separately or specified elsewhere. as well as ultimate development/design requirements, and to price comprehensively. | D72: 6.3
A73: 6.4 | B73: يتم حساب كميات الأعمال الترابية على أساس صافي الأبعاد الناتجة عن المخططات مع عدم السماح بمخصصات للزيادة أو النقصان أو الإهدار أو مساحات العمل. تشمل أسعار أعمال الحفر الحفاظ على الحفر جافة بالطرق المعتمدة | C73: The quantities of earthworks shall be computed net using dimensions from the Drawings with no allowance for bulking, shrinkage, waste or working space. Rates for excavation shall include for keeping excavations free from water by acceptable means. | D73: 6.4
A74: 6.5 | B74: أسعار الحفر (في مناطق القطع) تشمل تثبيت مستوى السطح النهائي المتكون طبقا للمواصفات. على المتقدمين للمناقصة الرجوع إلى المعلومات والتقارير الجيولوجية المتوفرة بخصوص حالة التربة والقيام باستكشاف الموقع بشكل ملائم للحصول على فهم كامل لحالة الارض و التربة في الموقع قبل وضع الأسعار في جدول الكميات ويجب تضمين أية تكلفة أضافية متعلقة بفحص التربة وبأعمال الحفر. ويتضمن البند الحفر في جميع أنواع التربة (ترابية أو صخرية). | C74: Excavation prices (in cut areas) includes installing the final surface formed according to the specifications. The Tenderers are to refer to the information and geological reports that are available relating to the condition of the soil as well as exploring the site properly to get a full understanding of the status of the land and soil at the site before pricing of the bill of quantities. Rates must include any additional costs related to examination of the soil and excavation work. The item includes excavation in all types of soil (including rocks and hard material that requires special equipment). | D74: 6.5
A75: 6.6 | B75: تعتبر تكاليف أعمال الحفر في مناطق القطع متضمنة لجميع الموارد المطلوبة الإضافية والمصاريف المتعلقة بالحفر لجميع الأعماق ما لم يتم قياسها بشكل منفرد. | C75: Excavation for cuttings; deemed to be included all additional resources and expenses related to various and all depths, unless otherwise measured seperately. | D75: 6.6
A76: 6.7 | B76: تشمل أسعار المواد المستخدمة في الردم من خارج الموقع الحفر في الموقع الخارجي (عند الحاجة) والنقل والتفريغ والدمك في طبقات حسب المواصفات. يجب أن تكون المواد المستوردة من خارج الموقع خالية من أية مواد عضوية أو نفايات أو أتربة سطحية أو صخور... الخ حسب المواصفات وباعتماد المهندس. | C76: The rate for imported fill material shall deemed to include borrow pit excavation, hauling, placement and compaction in layers as specified. Imported material must be free from all organic materials, waste, top soil, rock, etc., as specified, and to approval of the Engineer. | D76: 6.7
A77: 6.8 | B77: لن يتم دفع تكاليف تكديس المواد والمناولة المزدوجة للمواد التي يتم حفرها على أن يتضمنها المقاول في الأسعار المقدمة ما لم يتم قياسها بشكل منفرد. | C77: Stockpiling and Double handling of excavated material shall not be payed seperately and the Contractor shall be deemed to have included in his rates, unless measured seperately. | D77: 6.8
A78: 6.9 | B78: التكاليف الخاصة بقطع وتجهيز الأسطح التي يتم حفرها متضمنة في أسعار الحفر ذات الصلة. | C78: Trimming and preparation of excavated surfaces, are deemed to be included within the relevant excavation rates. | D78: 6.9
A79: 6.10 | B79: التكاليف الخاصة بقطع وتجهيز الأسطح التي تم ردمها متضمنة في أسعار الردم ذات الصلة. | C79: Trimming and preparation of filled surfaces, are deemed to be included within the relevant filling rates. | D79: 6.10
A80: 6.11 | B80: يجب أن تشمل أسعار المتقدم للمناقصة فيما يتعلق بالحفر أية تكاليف إضافية للحفر في أي مواد مثل التربة الترسيبية والرمال والصخور وإجراء الحفر و الردم في أوضاع التربة الغير مناسبة و معالجة التربة و الحفر علي أي أعماق والحفر تحت منسوب المياه العادي والحفر حول المرافق والخدمات القائمة و العمل ضمن مناطق محصورة وعالية الخطورة وإزالة تلك المرافق والخدمات المهملة وغير المستخدمة ودعم الجوانب العمودية ومساحات العمل وردم المناطق غير الثابتة أثناء الحفر ما لم يتم قياسها بشكل منفرد أوما لم ينص على خلاف ذلك. | C80: The tenderer shall allow in his earthworks rates for all extra costs; for excavating in any material including running silt, running sand and rock, additional cut and fill for unsuitable soil conditions, soil treatments, commencing excavation at any depth, excavating below the normal water table, excavating around existing services and mains, working in restricted areas, high risk areas, the removal of dead services , supporting the vertical sides or excavations, working space and filling soft spots , unless otherwise measured separately or specified elsewhere. | D80: 6.11
A81: 6.12 | B81: يجب أن تشمل أسعار المتقدم للمناقصة تكاليف ازالة مواد ناتج الحفر الزائدة الى المقالب العمومية المعتمدة التى تحددها الجهات المختصة | C81: The price of the contractor must include costs for materials disposal to public landfills approved by the competent authorities | D81: 6.12
A82: 6.13 | B82: يجب أن تشمل أسعار الانترلوك والبلاطات جميع المواد من بلاطات ورمل وطبقات الردم وجميع الأعمال اللازمه طبقا للمخططات والمخططات التفصيليه. | C82: The price of the interlock and pavings must include costs for the paving material, sand, bedding, backfilling layers and all the related works according to the drawings and the standard details | D82: 6.13
B83: أعمال المواسير والتركيبات والصمامات لأعمال الزراعة | C83: PIPEWORK , PIPES AND FITTINGS AND VALVES FOR LANDSCAPE WORKS
A84: 7.1 | B84: يشمل سعر مواسير كلوريد البوليفينيل في الخنادق المخصصة توريد وتركيب وتوصيل واختبار وتشغيل المواسير و الحفر فى جميع انواع التربة عدا التربة الصخرية والردم والدمك والقطع والتوصيل والملحقات والتخلص من المخلفات والأشرطة التحذيرية من النوع الممغنط ونزح المياه وسند جوانب الحفر والغسيل والتعقيم و جميع الاعمال اللازمة لاتمام العمل طبقا للإجراءات مدن والمواصفات والمخططات وأصول الصناعه | C84: The rate for uPVC pipes beemed to be including supply, lay, joint, test, commission excavation and backfill in all types of soil (excluding rock), compaction,pipe fittings (gate valves, flushing valves and air release valves) and accessories disposal of excavated material, installation of magnetic warning tape, excavation supports and dewatering, washing and sterilization, and all works required, all in accordance with MODON regulation, specfication manufacturer guidelines. | D84: 7.1
A85: 7.2 | B85: يشمل سعر أنابيب مواسير من البولي إيتلين قليل الكثافة (PN 4) توريدها وتركيبها بما في ذلك تركيبات االأسرجة وقطع التركيب وجميع المستلزمات الأخرى اللازمة لإنجاز الأعمال وفقًا للمواصفات والرسومات. | C85: The rate for LDPE plain pipes (PN 4) deemed to be including Supply and install compression fittings, saddles and all other accessories necessary to complete the works in accordance with specifications and drawings. | D85: 7.2
A86: 7.3 | B86: يشمل سعر الملحقات وقطع التركيب الخاصة بالمواسير توريدها وتركيبها طبقا للإجراءات الخاصة بالجهة المعنية والمواصفات والمخططات | C86: The rate for pipe fittings and accessories deemed to be including Supply and installation of pipes all in accordance with authority, regulations, specifications and drawings | D86: 7.3
A87: 7.4 | B87: يشمل سعر صمامات كهربائية توريد وتركيب وتوصيل الصمامات وغرف صمامات بما يشمل منظم الضغط والمناسب لمياه (TSE) ومرشحات متوازية وصمامات كرة بلاستك وصندوق صمامات مع الغطاء وجميع المستلزمات الأخرى الضرورية لاستكمال الأعمال طبقاً للمواصفات والمخططات. | C87: The rate of solenoid valve assembly deemed to be including supply, install, and connect them, the assembly shall include solenoid valve globe type normally closed, electronically actuated, diaphragm operated, equipped with pressure regulator module, manual bleeding, flow control, expedient for TSE water, in line filter, manual valve, valve box with cover, and all other accessories necessary to complete the works in accordance with specification and drawings. | D87: 7.4
A88: 7.5 | B88: يشمل سعر صمامات وصندوق صمامات توريدها وتركيبها بما يشمل ذراع الحركة وقطع التركيب وجميع المستلزمات الأخرى الضرورية لاستكمال الأعمال طبقاً للمواصفات والمخططات | C88: The rate of valves and valve box deemed to be including supply and install them, including swing arm 1", fittings, and all other accessories necessary to complete the works in accordance with specifications and drawings. | D88: 7.5
A89: 7.6 | B89: يشمل السعر تزويد نقاطات وتثبيت أنابيب التنقيط بما في ذلك قطع التركيب وجميع الملحقات الأخرى اللازمة لإكمال الأعمال وفقًا للمواصفات والرسومات. | C89: The rate of pressure compensating drippers deemed to be including supply and install them and all accessories necessary to complete the works in accordance with specifications and drawings. | D89: 7.6
A90: 7.7 | B90: يشمل سعر نظام التحكم المركزي توريد وتركيب النظام بما في ذلك جميع الأجهزة المطلوبة والاختبار والتكليف كاملة وفقا للمواصفات والرسومات | C90: The rate of central control system deemed to be including supply and installation and all required instrumentation, testing and commissioning complete in accordance with specification and drawings | D90: 7.7
A91: 7.8 | B91: في حالة عدم توفر التحكم المركزي في الموقع ، يجب توفير التحكم المركزي وتركيبه من قبل المقاول لخدمة كل من مواقع الأحساء الحالية والتوسعة حسب جدول الكميات ، وإذا كان التحكم المركزي متاحًا في الموقع ، فلن يتم تركيبه وسيتم توصيل التحكم الميداني بالتحكم المركزي الحالي. | C91: In case of central control is not available on site, central control shall be supplied and installed by the contractor to serve both Al Hasa existing and Extension sites as per the BOQ, and if the central control is available on site, it shall not be supplied and the field control will be connected to the existing central control. | D91: 7.8
A92: 7.9 | B92: يشمل سعر جهاز تحكم ميداني كهربائي توريد وتركيب الجهاز ، طبقًا لمواصفات ووثائق التصميم والمناقصة ، مزود بالكابلات الكهربائية المدرعة ، مع موانع الصواعق وقضبان التأريض المثبتة على فترات 150 متر و موصل بنظام التحكم المركزي | C92: The rate of electric field controller deemed to be including supply and installation , according to the design drawing and tender specifications and documents,Electrical Armoured Cable, with Surge Arrestors and Grounding Rods Installed at 150 meters intervals from the central controller | D92: 7.9
A93: 7.10 | B93: يشمل سعر ديكودر فردى لنقل الاشارة بين الصمامات و وحدة التحكم الميدانية توريدها وتركيبها بما يشمل موصلات مقاومة للمياه وجميع المستلزمات الأخرى الضرورية اللازمة لاستكمال الأعمال طبقاً للمخططات والمواصفات | C93: The rate of single station decoder for valve connection to field controller deemed to be including supply and install them, waterproof connectors and all other accessories necessary to complete the works in accordance with specifications and drawings. | D93: 7.10
A94: 7.11 | B94: يشمل سعر كيبل ري بسلك اتجاهين بما يشمل توريد وتركيب كيبل و التوصيل وصناديق السحب والحماية من ارتفاع الجهد المفاجئ كل 200 متر وقطع التركيب وتأريض 5/8 بوصة وجميع الأعمال ذات الصلة اللازمة لاستكمال الأعمال طبقاً للمواصفات والمخططات | C94: The rate of Irrigation cable two way wire between field controller and valves deemed to be including supply and install cables, connection, pull boxes, surge protection each 200 m, fittings, 5/8" grounding and all other associated works to complete in accordance with specifications and drawings. | D94: 7.11

Sheet P.1
A1: =Cover1!B12 -> اسم المشروع: تطوير شبكات البنية التحتية في المدينة الصناعية بالخرج | H1: =Cover1!J12 -> Development of Infrastructure in Kharj Industrial City
A2: جدول الكميات | H2: BILL OF QUANTITIES
A4: البند | B4: وصف البند | C4: الوحدة | D4: الكمية | E4: السعر (ريال سعودي) | F4: المبلغ (ريال سعودي) | G4: ITEM DESCRIPTION | H4: ITEM
C5: Unit | D5: QUANTITY | E5: PRICE (S.R) | F5: AMOUNT (S.R)
A6: أعمال الطرق | G6: ROAD WORKS
A7: =H7 -> 02 41 00 | B7: أعمال الهدم | G7: DEMOLITION | H7: 02 41 00
A8: =H8 -> B1.02 41 00.1 | B8: إزالة أسفلت قائم | C8: m2 | D8: 2200 | E8: 9 | F8: =E8*D8 -> 19800 | G8: Demolition of existing Asphalt | H8: B1.02 41 00.1
A9: =H9 -> B1.02 41 00.2 | B9: اعداد طبقة الاساس الحصوي القائمة | C9: m2 | D9: 2200 | E9: 5 | F9: =E9*D9 -> 11000 | G9: Compaction of existing aggregate base course layer | H9: B1.02 41 00.2
A10: =H10 -> B1.02 41 00.3 | B10: إزالة بردورات قائمه | C10: m | D10: 464 | E10: 12 | F10: =E10*D10 -> 5568 | G10: Demolition of existing Kerbs | H10: B1.02 41 00.3
A11: =H11 -> 31 22 00 | B11: الأعمال الترابية و التسوية | D11: 0 | G11: EARTHWORKS AND SITE GRADING | H11: 31 22 00
A12: =H12 -> B1.31 22 00.01 | B12: حفريات الطرق | C12: m3 | D12: 205106 | E12: 14 | F12: =E12*D12 -> 2871484 | G12: Excavation for cuttings | H12: B1.31 22 00.01
A13: =H13 -> B1.31 22 00.02 | B13: ردميات الطرق | C13: m3 | D13: 1378709 | E13: 20 | F13: =E13*D13 -> 27574180 | G13: Fill to the roads | H13: B1.31 22 00.02
A14: =H14 -> B1.31 22 00.03 | B14: طبقة القاعدة | C14: m3 | D14: 222337 | E14: 18 | F14: =E14*D14 -> 4002066 | G14: Subgrade | H14: B1.31 22 00.03
A15: =H15 -> 32 11 23 | B15: طبقة أساس حصوية | D15: 0 | G15: AGGREGATE BASE COURSE | H15: 32 11 23
A16: =H16 -> B1.32 11 23.01 | B16: طبقة أساس حصوية | C16: m3 | D16: 145216 | E16: 65 | F16: =E16*D16 -> 9439040 | G16: Aggregate base course | H16: B1.32 11 23.01
A17: =H17 -> 32 11 26 | B17: الإنشاء البيتوميني | D17: 0 | G17: BITUMINOUS CONSTRUCTION | H17: 32 11 26
A18: =H18 -> B1.32 11 26.02 | B18: الطبقة الأساس البيتومينية (تدرج 1 - صنف أ)، شاملاً الطبقة اللاصقة (MC1) & (RC2) . | C18: m3 | D18: 63389 | E18: 642 | F18: =E18*D18 -> 40695738 | G18: Bituminous base course (Grading I - Class A), including Prime Coat (MC1) & (RC2). | H18: B1.32 11 26.02
A19: =H19 -> 32 12 16 | B19: طبقة السطح العليا | D19: 0 | G19: ASPHALT WEARING COURSE | H19: 32 12 16
A20: =H20 -> B1.32 12 16.01 | B20: طبقة السطح العليا من الخرسانة البيتومينية (تدرج 1 - صنف أ) شاملاً الطبقة اللاصقة (RC2) . | C20: m3 | D20: 36304 | E20: 648 | F20: =E20*D20 -> 23524992 | G20: Bituminous concrete wearing course, (Grading I - Class A), including tack coat (RC2). | H20: B1.32 12 16.01
A21: =H21 -> 32 14 13 | B21: بردورات مسبقة الصب | D21: 0 | G21: PRECAST CONCRETE CURB | H21: 32 14 13
A22: =H22 -> B1.32 14 13.01 | B22: بردورات نوع (K1A) | C22: m | D22: 79448 | E22: 65 | F22: =E22*D22 -> 5164120 | G22: Concrete curb, Type (K1A) | H22: B1.32 14 13.01
A23: =H23 -> B1.32 14 13.02 | B23: بردورات نوع (K1B) | C23: m | D23: 21624 | E23: 60 | F23: =E23*D23 -> 1297440 | G23: Concrete curb, Type (K1B) | H23: B1.32 14 13.02
A24: =H24 -> B1.32 14 13.03 | B24: بردورات نوع (K2) | C24: m | D24: 2755 | E24: 63 | F24: =E24*D24 -> 173565 | G24: Concrete curb, Type (K2) | H24: B1.32 14 13.03
B32: يتم ترحيل الطرق - إلى التجميع | C32: ريال سعودي | F32: =SUM(F8:F24) -> 114778993 | G32: CARRIED TO ROADS - COLLECTION
A33: =H33 -> 32 17 23 | B33: العلامات الأرضية | G33: PAVEMENT MARKINGS | H33: 32 17 23
A34: =H34 -> 32 17 23.01 | B34: دهان ثرموبلاستيك (أبيض / أصفر) | G34: Thermoplastic pavement marking (White/Yellow) | H34: 32 17 23.01
A35: =H35 -> B1.32 17 23.01.01 | B35: دهانات مرورية بيضاء عاكسة بلاستيكية حرارية | C35: m² | D35: 18149 | E35: 41 | F35: =E35*D35 -> 744109 | G35: Retroreflective Thermoplastic White Traffic | H35: B1.32 17 23.01.01
A36: =H36 -> B1.32 17 23.01.02 | B36: دهانات مرورية صفراء عاكسة بلاستيكية حرارية | C36: m² | D36: 11771 | E36: 41 | F36: =E36*D36 -> 482611 | G36: Retroreflective Thermoplastic Yellow Traffic | H36: B1.32 17 23.01.02
A37: =H37 -> 10 14 53 | B37: اللوحات الإرشادية للطرق | D37: 0 | G37: TRAFFIC SIGNAGE | H37: 10 14 53
A38: =H38 -> B1.10 14 53.01 | B38: لوحات مرورية المثبتة بالأرض مصنوعة من ألواح ألومنيوم مع حواملها القابلة للإنفصال بالقاعدة مكونة من لوحة مروريه وعمود واحد مع كافة الاكسسورات وكل ما يلزم حسب المخططات والمواصفات. | C38: Unit | D38: 482 | E38: 1065 | F38: =E38*D38 -> 513330 | G38: Traffic signs, ground mounted, 1 Sheet Alumenium, (breakaway) Single post, with all accessories according to the drawings and specifications. | H38: B1.10 14 53.01
A39: =H39 -> B1.10 14 53.02 | B39: لوحات مرورية المثبتة بالأرض مصنوعة من ألواح ألومنيوم مع حواملها القابلة للإنفصال بالقاعدة مكونة من لوحتين مروريتين وعمود واحد مع كافة الاكسسورات وكل ما يلزم حسب المخططات والمواصفات. | C39: Unit | D39: 275 | E39: 1597 | F39: =E39*D39 -> 439175 | G39: Traffic signs, ground mounted, 2 Sheet Alumenium, (breakaway) Single post, with all accessories according to the drawings and specifications. | H39: B1.10 14 53.02
A40: =H40 -> B1.10 14 53.03 | B40: لوحات مرورية مصنوعة من ألواح الإلمنيوم مع حواملها (قابلة للانفصال بالقاعدة) مكونة من لوحه مروريه وعمودين مع كافات الاكسسورات، وكل ما يلزم حسب المخططات والمواصفات. | C40: Unit | D40: 45 | E40: 2070 | F40: =E40*D40 -> 93150 | G40: Traffic signs, ground mounted, Sheet Alumenium, (breakaway) Double post with all accessories according to the drawings and specifications. | H40: B1.10 14 53.03
A41: =H41 -> B1.10 14 53.04 | B41: علامات أرضية بارزة عاكسة (نوع - أ) | C41: Unit | D41: 500 | E41: 30 | F41: =E41*D41 -> 15000 | G41: Retroreflective raised pavement markers (Type A) | H41: B1.10 14 53.04
A42: =H42 -> B1.10 14 53.05 | B42: علامات أرضية بارزة مصنوعة من السيراميك | C42: Unit | D42: 500 | E42: 12 | F42: =E42*D42 -> 6000 | G42: Ceramic raised pavement markers | H42: B1.10 14 53.05
A43: =H43 -> B1.10 14 53.06 | B43: علامات أرضية مضيئة تعمل بالطاقة الشمسية (عيون القط) | C43: Unit | D43: 500 | E43: 166 | F43: =E43*D43 -> 83000 | G43: Solar powered lighting cateyes pavement markers | H43: B1.10 14 53.06
F44: =E44+D44 -> 0
F45: =E45+D45 -> 0
F46: =E46+D46 -> 0
F50: =E50+D50 -> 0
F52: =E52+D52 -> 0
B53: يتم ترحيل الطرق - إلى التجميع | C53: ريال سعودي | F53: =SUM(F35:F43) -> 2376375 | G53: CARRIED TO ROADS - COLLECTION
A54: الأعمال الكهربائية | F54: =E54+D54 -> 0 | G54: ELECTRICAL WORKS
A55: =H55 -> 31 23 00 | B55: خندق كابل الجهد المتوسط | F55: =E55+D55 -> 0 | G55: MEDIUM VOLTAGE CABLE TRENCH | H55: 31 23 00
A56: =H56 -> B2.31 23 00.01 | B56: حفر خندق كابل بعرض 40 سم وعمق 80 سم يسع لعدد (1) كابل | C56: m³ | D56: 6570 | E56: 7 | F56: =E56*D56 -> 45990 | G56: Excavation for Trench size 40cm wide and 80cm deep (for 1 cable) | H56: B2.31 23 00.01
A57: =H57 -> B2.31 23 00.02 | B57: حفر خندق كابل بعرض 60 سم وعمق 80 سم يسع لعدد (2) كابل | C57: m³ | D57: 4186 | E57: 10 | F57: =E57*D57 -> 41860 | G57: Excavation for Trench size 60cm wide and 80cm deep ( for 2 cables) | H57: B2.31 23 00.02
A58: =H58 -> B2.31 23 00.03 | B58: حفر خندق كابل بعرض 90 سم وعمق 80 سم يسع لعدد (3) كابل | C58: m³ | D58: 905 | E58: 15 | F58: =E58*D58 -> 13575 | G58: Excavation for Trench size 90cm wide and 80cm deep ( for 3 cables) | H58: B2.31 23 00.03
A59: =H59 -> B2.31 23 00.04 | B59: حفر خندق كابل بعرض 120 سم وعمق 80 سم يسع لعدد (4) كابل | C59: m³ | D59: 470 | E59: 20 | F59: =E59*D59 -> 9400 | G59: Excavation for Trench size 120 cm wide and 80cm deep ( for 4 cables) | H59: B2.31 23 00.04
A60: =H60 -> B2.31 23 00.05 | B60: حفر خندق كابل بعرض 150 سم وعمق 80 سم يسع لعدد (5) كابل | C60: m³ | D60: 182 | E60: 25 | F60: =E60*D60 -> 4550 | G60: Excavation for Trench size 150 cm wide and 80 cm deep ( for 5 cables) | H60: B2.31 23 00.05
A61: =H61 -> B2.31 23 00.06 | B61: حفر خندق كابل بعرض 180 سم وعمق 80 سم يسع لعدد (6) كابل | C61: m³ | D61: 1494 | E61: 30 | F61: =E61*D61 -> 44820 | G61: Excavation for Trench size 180 cm wide and 80 cm deep ( for 6 cables) | H61: B2.31 23 00.06
A62: =H62 -> B2.31 23 00.07 | B62: حفر خندق كابل بعرض 240 سم وعمق 80 سم يسع لعدد (8) كابل | C62: m³ | D62: 6330 | E62: 40 | F62: =E62*D62 -> 253200 | G62: Excavation for Trench size 240 cm wide and 80 cm deep ( for 8 cables) | H62: B2.31 23 00.07
A63: =H63 -> 33 71 19 | B63: عبارات كابلات الجهد المتوسط | G63: MEDIUM VOLTAGE CABLES DUCT BANKS | H63: 33 71 19
A64: =H64 -> B2.33 71 19.01 | B64: عبارة لعدد ( 2 ) ماسورة | C64: m | D64: 484 | E64: 271 | F64: =E64*D64 -> 131164 | G64: Duct bank 2 way | H64: B2.33 71 19.01
A65: =H65 -> B2.33 71 19.02 | B65: عبارة لعدد (4) ماسورة | C65: m | D65: 117 | E65: 504 | F65: =E65*D65 -> 58968 | G65: Duct bank 4 way | H65: B2.33 71 19.02
A66: =H66 -> B2.33 71 19.03 | B66: عبارة لعدد ( 6 ) ماسورة | C66: m | D66: 115 | E66: 737 | F66: =E66*D66 -> 84755 | G66: Duct bank 6 way | H66: B2.33 71 19.03
A67: =H67 -> B2.33 71 19.04 | B67: عبارة لعدد (10) ماسورة | C67: m | D67: 945 | E67: 768 | F67: =E67*D67 -> 725760 | G67: Duct bank 10 way | H67: B2.33 71 19.04
A68: =H68 -> 26 05 13.16 | B68: كيابل الجهد المتوسط | F68: =E68+D68 -> 0 | G68: MEDIUM VOLTAGE CABLES | H68: 26 05 13.16
A69: =H69 -> B2.26.05.13.16.01 | B69: كيبل جهد 15 ك.ف.500*3C مم2 AL/ XLPE/ LLDPE غير مسلح | C69: m | D69: 78000 | E69: 151 | F69: =E69*D69 -> 11778000 | G69: Cable: 15KV 3Cx500mm² AL/XLPE/LLDPE unarmored | H69: B2.26.05.13.16.01 | I69: =F69=Y69 -> FALSE | J69: Ref.Q | Q69: =SUMIF(J70:J73,J70,N70:N73) -> 170 | R69: =SUMIF(J70:J73,J73,N70:N73) -> 20 | S69: =SUMIF(J70:J73,#REF!,N70:N73) -> 0 | U69: =Q69*$D$69 -> 13260000 | V69: =R69*$D$69 -> 1560000 | W69: =S69*$D$69 -> 0 | Y69: =(S69+R69+Q69+T69)*$D$69 -> 14820000
A70: =H70 -> B2.26.05.13.16.02 | B70: كابل نحاس أحادي القلب جهد 15 ك.ف غير مسلح (3x1Cx50mm²,Cu/LLDPE/PVC). | C70: m | D70: 120 | E70: 71 | F70: =E70*D70 -> 8520 | G70: Single Core Cables, Copper, 15kV (3x1Cx50mm²,Cu/LLDPE/PVC). | H70: B2.26.05.13.16.02 | I70: Item | J70: Material | K70: m | L70: 1 | M70: 170 | N70: =M70*L70 -> 170 | O70: =L70*$D$69 -> 78000 | P70: =O70*M70 -> 13260000
A71: =H71 -> B2.26.05.13.16.03 | B71: وصلات كيابل مستقيمة جهد 15 ك.ف. 3C x 500 مم2 Al /XLPE/LLDPE غير مسلح | C71: Unit | D71: 170 | E71: 2301 | F71: =E71*D71 -> 391170 | G71: Straight joints cables for 15KV 3x500mm² AL/XLPE/LLDPE unarmored | H71: B2.26.05.13.16.03 | I71: Cables | J71: Material | K71: m | M71: 5 | N71: =M71*L71 -> 0 | O71: =L71*$D$69 -> 0 | P71: =O71*M71 -> 0
A72: =H72 -> B2.26.05.13.16.04 | B72: نهاية كابل جهد 15 ك.ف. 3C x 500 مم2 Al /XLPE/LLDPE | C72: Unit | D72: 40 | E72: 1534 | F72: =E72*D72 -> 61360 | G72: Cable Termination for 15KV 3Cx500mm² AL/XLPE/LLDPE | H72: B2.26.05.13.16.04 | I72: Conduits | J72: Material | K72: m | M72: 27 | N72: =M72*L72 -> 0 | O72: =L72*$D$69 -> 0 | P72: =O72*M72 -> 0
I73: Labors | J73: Manpower | K73: lot | L73: 1 | M73: =K74*I74 -> 20 | N73: =M73*L73 -> 20 | O73: =L73*$D$69 -> 78000 | P73: =O73*M73 -> 1560000
B74: يتم ترحيل شبكة التوزيع الكهربائية - إلى التجميع | C74: ريال سعودي | F74: =SUM(F56:F72) -> 13653092 | G74: CARRIED TO ELECTRICAL DISTRIBUTION NETWORK - COLLECTION | I74: =(4500*4)/30/8 -> 75 | J74: =30/8 -> 3.75 | K74: =1/J74 -> 0.26666667
A75: =H75 -> 26 13 00 | B75: مفاتيح الجهد المتوسط | F75: =E75+D75 -> 0 | G75: MEDIUM VOLTAGE SWITCHGEARS | H75: 26 13 00
A76: =H76 -> B2.26 13 00.01 | B76: مفتاح جهد متوسط (13.8 ك.ف) (وحدة الربط الحلقي) لنقاط الفتح بين المغذيات (NOP) من النوع الخارجي طبقاً لمواصفات الشركة السعودية للكهرباء ومتطلباتها | C76: Unit | D76: 7 | E76: 76697 | F76: =E76*D76 -> 536879 | G76: Normally Open Point (R M U) 13.8 kv for Outdoor type according to the Saudi Electric Company specifications and requirements | H76: B2.26 13 00.01
B77: إنارة الطرق | F77: =E77+D77 -> 0 | G77: ROAD LIGHTING
A78: =H78 -> 26 11 16 | B78: محطات الإنارة | F78: =E78+D78 -> 0 | G78: STREET LIGHTING SUB-STATION | H78: 26 11 16
A79: =H79 -> B2.26 11 16.01 | B79: محطة مصندقة 13.8/0.4 ك ف ، 500 ك.ف .ا, شاملة القواعد الخرسانية والسياج .حسب مواصفات ومعايير شركة الكهرباء | C79: Unit | D79: 5 | E79: 60701 | F79: =E79*D79 -> 303505 | G79: Unit Substation 13.8/0.4 K V, 500kVA ,Including concrete foundations and fencing, According to the specifications and standards of SEC | H79: B2.26 11 16.01 | I79: Ref.Q
A80: =H80 -> B2.26 11 16.04 | B80: وحدة الجهد المتوسط الحلقية الالية 15 ك ف , RMU. حسب مواصفات ومعايير شركة الكهرباء | C80: Unit | D80: 5 | E80: 41526 | F80: =E80*D80 -> 207630 | G80: Ring Main Unit RMU, 15 KV, According to the specifications and standards of SEC | H80: B2.26 11 16.04 | I80: Ref.Q
A81: =H81 -> 26 05 19 | B81: كابلات الضغط المنخفض | F81: =E81+D81 -> 0 | G81: LOW VOLTAGE CABLES | H81: 26 05 19
A82: =H82 -> B2.26 05 19.01 | B82: كابل الومنيوم, (4Cx185mm²,AL/XLPE/PVC). | C82: m | D82: 100 | E82: 57 | F82: =E82*D82 -> 5700 | G82: Cables, Aluminium, (4Cx185mm²,AL/XLPE/PVC). | H82: B2.26 05 19.01 | I82: Price list
A83: =H83 -> B2.26 05 19.02 | B83: كابل نحاس, (4Cx50mm²,Cu/XLPE/SWA/PVC + 1x25mm² PVC/ECC). | C83: m | D83: 50 | E83: 100 | F83: =E83*D83 -> 5000 | G83: Cables, Copper, (4Cx50mm²,Cu/XLPE/SWA/PVC + 1x25mm² PVC/ECC). | H83: B2.26 05 19.02 | I83: Price list
A84: =H84 -> B2.26 05 19.03 | B84: كابل نحاس, (4Cx95mm²,Cu/XLPE/SWA/PVC + 1x50mm² PVC/ECC). | C84: m | D84: 7240 | E84: 164 | F84: =E84*D84 -> 1187360 | G84: Cables, Copper, (4Cx95mm²,Cu/XLPE/SWA/PVC + 1x50mm² PVC/ECC). | H84: B2.26 05 19.03 | I84: Price list
A85: =H85 -> B2.26 05 19.04 | B85: كابل نحاس, (4Cx16mm²,Cu/XLPE/SWA/PVC +1x10mm² PVC/PVC) | C85: m | D85: 57370 | E85: 43 | F85: =E85*D85 -> 2466910 | G85: Cables, Copper, (4Cx16mm²,Cu/XLPE/SWA/PVC +1x10mm² PVC/PVC) | H85: B2.26 05 19.04 | I85: Price list
A86: =H86 -> 26 27 33 | B86: لوحات توزيع الجهد المنخفض | F86: =E86+D86 -> 0 | G86: LOW VOLTAGE DISTRIBUTION PANEL | H86: 26 27 33
A87: =H87 -> B2.26 27 33.01 | B87: كابينه توزيع الجهد المنخفض Main: 100A, MCCB | C87: Unit | D87: 5 | E87: 19722 | F87: =E87*D87 -> 98610 | G87: 100A MCCB Low Voltage Distribution Cabinet. | H87: B2.26 27 33.01
B93: يتم ترحيل شبكة التوزيع الكهربائية - إلى التجميع | C93: ريال سعودي | F93: =SUM(F76:F87) -> 4811594 | G93: CARRIED TO ELECTRICAL DISTRIBUTION NETWORK - COLLECTION
A94: =H94 -> 26 56 19 | B94: أعمدة إنارة | F94: =E94+D94 -> 0 | G94: LIGHTING POLES | H94: 26 56 19
A95: =H95 -> B2.26 56 19.01 | B95: أعمدة أنارة مع ذراعين ، إرتفاع 16 متر، تشمل علبة توزيع الطاقة والكوابل، والقاعدة الخرسانية | C95: Unit | D95: 107 | E95: 4306 | F95: =E95*D95 -> 460742 | G95: Lighting poles with double arm, height of ( 16 ) meters, including the power distribution box, cables , and RCC foundation. | H95: B2.26 56 19.01 | I95: Ref.Q
A96: =H96 -> B2.26 56 19.02 | B96: أعمدة أنارة مع ذراع واحد ، إرتفاع 16 متر، تشمل علبة توزيع الطاقة والكوابل، والقاعدة الخرسانية | C96: Unit | D96: 8 | E96: 4218 | F96: =E96*D96 -> 33744 | G96: Lighting poles with single arm, height of ( 16 ) meters, including the power distribution box, cables , and RCC foundation. | H96: B2.26 56 19.02 | I96: Ref.Q
A97: =H97 -> B2.26 56 19.03 | B97: أعمدة أنارة مع ذراع واحد ، إرتفاع 12 متر، تشمل علبة توزيع الطاقة والكوابل، والقاعدة الخرسانية | C97: Unit | D97: 748 | E97: 3408 | F97: =E97*D97 -> 2549184 | G97: Lighting poles with single arm, height of ( 12 ) meters, including the power distribution box, cables , and RCC foundation. | H97: B2.26 56 19.03 | I97: Ref.Q
A98: =H98 -> 26 56 19 | B98: وحدات إنارة الشوارع | F98: =E98+D98 -> 0 | G98: STREET LIGHTING LUMINAIRE | H98: 26 56 19
A99: =H99 -> B2.26.56.19.04 | B99: وحدة إنارة LED نظام اضاءة بمخرج ≥ 50000 lumen كاملة مع جهاز التحكم والمصباح ، (305) واط, 230 فولت, 60 هرتز . | C99: Unit | D99: 70 | E99: 1205 | F99: =E99*D99 -> 84350 | G99: Street Lighting ( LED) Luminaire,of Output≥ 50000 lumen complete with control gear and lamp, 305 WATT, 230 Volt, 60 HZ | H99: B2.26.56.19.04 | I99: Ref.Q
A100: =H100 -> B2.26.56.19.05 | B100: وحدة إنارة LED نظام اضاءة بمخرج ≥ 26000 lumen كاملة مع جهاز التحكم والمصباح ، (154) واط, 230 فولت, 60 هرتز . | C100: Unit | D100: 214 | E100: 981 | F100: =E100*D100 -> 209934 | G100: Street Lighting ( LED) Luminaire,of Output≥ 26000 lumen complete with control gear and lamp, 154 WATT, 230 Volt, 60 HZ | H100: B2.26.56.19.05 | I100: Ref.Q
A101: =H101 -> B2.26.56.19.06 | B101: وحدة إنارة LED نظام اضاءة بمخرج ≥ 19000 lumen كاملة مع جهاز التحكم والمصباح ، (114) واط, 230 فولت, 60 هرتز . | C101: Unit | D101: 748 | E101: 849 | F101: =E101*D101 -> 635052 | G101: Street Lighting ( LED) Luminaire,of Output≥ 19000 lumen complete with control gear and lamp, 114 WATT, 230 Volt, 60 HZ | H101: B2.26.56.19.06 | I101: Ref.Q
A102: =H102 -> 26 05 26 | B102: نظام التاريض | F102: =E102+D102 -> 0 | G102: EARTHING SYSTEM | H102: 26 05 26
A103: =H103 -> B2.26 05 26.01 | B103: يشمل تأريض الأعمدة والصوارى وكبائن التغذية ومحطة التوزيع ووحدات الربط الحلقي ومغذيات الجهد المنخفض لدوائر الإنارة وعداد قياس الطاقة. | C103: Unit | D103: 86 | E103: 1041 | F103: =E103*D103 -> 89526 | G103: Including earthing of lighting poles ,masts. feeder pillars , unit substations, RMU, L.V feeders and KWH meter. | H103: B2.26 05 26.01
A104: =H104 -> 33 71 19 | B104: عبارات عبور كابلات الطرق | D104: 0 | G104: ROAD CROSSING DUCTS | H104: 33 71 19
A105: =H105 -> B2.33 71 19.04 | B105: عبارة طرق لكابلات إنارة شوارع ذات أثنين منفذ من مواسير بوليفنيل الكلوريد (2x100 مم) | C105: m | D105: 5074 | E105: 271 | F105: =E105*D105 -> 1375054 | G105: Road crossing ducts, 2 way (2 x 100mm PVC) | H105: B2.33 71 19.04
A106: =H106 -> 26 24 16 | B106: لوحات الانارة وكبائن التوزيع | D106: 0 | G106: LIGHTING PANELS | H106: 26 24 16
A107: =H107 -> B2.26 24 16.01 | B107: كبائن التوزيع لدوائر الانارة | C107: Unit | D107: 13 | E107: 9752 | F107: =E107*D107 -> 126776 | G107: Street Lighting Feeder pillars | H107: B2.26 24 16.01
A108: =H108 -> B2.26 24 16.02 | B108: توريد وتركيب جدار مع الإطار لتركيب عداد قياس الطاقة من بلوك خرساني حسب معايير ومواصفات الشركة السعودية للكهرباء. | C108: Unit | D108: 5 | E108: 822 | F108: =E108*D108 -> 4110 | G108: Supply and installation of concrete block wall including the frame and the concrete block wall for installation of KWH meter according to the standards and specifications of SEC. | H108: B2.26 24 16.02
A109: =H109 -> 33 71 19.13 | B109: حفر سحب الكابلات | D109: 0 | G109: DRAWPITS | H109: 33 71 19.13
A110: =H110 -> B2.33 71 19.13.01 | B110: حفرة سحب مع غطاء حديد متوسط التحمل بأبعاد 600*600*1000 مم | C110: Unit | D110: 187 | E110: 4588 | F110: =E110*D110 -> 857956 | G110: Drawpit with medium duty steel cover, size 600x600x1000mm | H110: B2.33 71 19.13.01
F112: =E112+D112 -> 0
B113: يتم ترحيل شبكة التوزيع الكهربائية - إلى التجميع | C113: ريال سعودي | F113: =SUM(F95:F110) -> 6426428 | G113: CARRIED TO ELECTRICAL DISTRIBUTION NETWORK - COLLECTION
B114: الاتصالات | F114: =E114+D114 -> 0 | G114: TELECOMMUNICATIONS
A115: =H115 -> 33 71 19 | B115: عبارات عبور كابلات الطرق من الخرسانة المسلحة | F115: =E115+D115 -> 0 | G115: ROAD CROSSING REINFORCED CONCRETE ENCASEMENT DUCTS | H115: 33 71 19
A116: =H116 -> B2.33 71 19.05 | B116: عبارات عبور الطريق من المواسير البولي ايثلين 6 خطوط بقطر 50 مم | C116: m | D116: 1700 | E116: 157 | F116: =E116*D116 -> 266900 | G116: 6 way 50mm HDPE duct | H116: B2.33 71 19.05
A117: =H117 -> 33 71 19 | B117: عبارات عبور كابلات الطرق من الخرسانة الغير مسلحة | D117: 0 | G117: UNREINFORCED CONCRETE DUCTS | H117: 33 71 19
A118: =H118 -> B2.33 71 19.06 | B118: عبارات عبور الطريق من المواسير البولي ايثلين 6 خطوط بقطر 50 مم | C118: m | D118: 34650 | E118: 83 | F118: =E118*D118 -> 2875950 | G118: 6 way 50mm HDPE duct | H118: B2.33 71 19.06
...

Sheet Cover2
B4: مدن | J4: MODON
B5: الهيئة السعودية للمدن الصناعية ومناطق التقنية | J5: SAUDI AUTHORITY FOR INDUSTRIAL CITIES AND TECHNOLOGY ZONES
B12: ='General Summary '!D3 -> اسم المشروع: تطوير شبكات البنية التحتية في المدينة الصناعية بالخرج | J12: ='General Summary '!C3 -> Development of Infrastructure in Kharj Industrial City
B13: المرحلة A | J13: Phase A
B17: البنية التحتية والخدمات | J17: INFRASTRUCTURE AND UTILITIES
B21: جدول الكميات | J21: BILL OF QUANTITIES
B26: نوفمبر 2025 | J26: 45972

Sheet Preamble2
A1: اسم المشروع: تطوير شبكات البنية التحتية في المدينة الصناعية بالخرج | D1: =Cover2!J12 -> Development of Infrastructure in Kharj Industrial City
A2: جدول الكميات | D2: BILL OF QUANTITIES
B5: مقدمة البنود - مكونات البنود | C5: ITEMS PREAMBLE - ITEMS CONTENTS
B6: أعمال الموقع والأعمال الترابية | C6: Site and Earth Works
A7: 1.1 | B7: يعتبر المقاول من خلال زيارته للموقع بأنه قام بفحص واستكشاف الموقع ومحيطه وأنه قام بتحديد والأخذ بعين الاعتبار عند إعطاء أسعاره كافة التكاليف الإضافية المتعلقة بهدم (بشكل حذر) المنشآت القائمة وطرق الوصول إلى الموقع وإزالة طبقات الأعشاب الموجودة والخرسانة والأرصفة وطبقات الرصف والاسفلت وأحجار الارصفة و التربة العلوية والسياج وحماية خطوط الخدمات القائمة وكافة ملحقاتها...الخ. | C7: The Contractor shall be deemed to have inspected and examined the Site and it's surroundings, and identified, considered and deemed to included all costs related to (carefully)demolition of existing structures, access roads, existing turfs, concrete, flagging, paving, curbing, road-metalling, topsoil, fencing, demolish and seal existing services, protection of existing service lines, accessories etc., and cart away debris, as directed by the Engineer and return of surface to its original conditions. | D7: 1.1
A8: 1.2 | B8: يشمل الهدم وإخلاء الموقع أيضا التخلص من المواد الناتجة وردم الفراغات باستخدام المواد المناسبة ما لم يتم التوجيه بغير ذلك. بالاعتماد على زيارة الموقع والمعلومات المتوفرة، على المتقدم للعطاء أن يشمل فوق سعره تكاليف إزالة المخلفات الملقاة وإزالة طبقات الرصف في الأرصفة والجزر الوسطية... ألخ. والتخلص من المخلفات إلى الأمكان العمومية المسموح بها حسب تعليمات المهندس وإعادة السطح إلى حالته الأصلية باستثناء ما تم قياسه بشكل منفرد أو تم وصفه في مكان آخر. يجب على المتقدم للعطاء أن يشمل في سعره جميع التكاليف الإضافية والناتجة عن إزالة خطوط الخدمات والمياه والكهرباء وصرف مياه الأمطار والصرف الصحي والهاتف ...ألخ. وتعديل مسارها في حال استخدامها من أجل تشغيل مباني قائمة أخرى كما تشمل إعادة السطح إلى حالته الأصلية باستثناء ما تم قياسه بشكل منفرد أو تم وصفه في مكان آخر. | C8: Item for Demolition and Site clearance shall also include disposal of the materials arising and backfilling of voids with suitable material except as otherwise directed. Based on site visit & available information, the tenderer shall allow in above rates for all Removal of dumped rubbish, removal of sidewalk & median pavements etc, and cart away debris, as directed by the Engineer and return of surface to its original conditions , unless otherwise measured separately or specified elsewhere. The tenderer shall allow in his rates for all extra costs for removal of underground utility lines, water, electrical, storm, sanitary, telephone, etc., including return of surface to its original conditions, unless otherwise measured separately or specified elsewhere. as well as ultimate development/design requirements, and to price comprehensively. | D8: 1.2
A9: 1.3 | B9: يتم حساب كميات الأعمال الترابية على أساس صافي الأبعاد الناتجة عن المخططات مع عدم السماح بمخصصات للزيادة أو النقصان أو الإهدار أو مساحات العمل. تشمل أسعار أعمال الحفر الحفاظ على الحفر جافة بالطرق المعتمدة | C9: The quantities of earthworks shall be computed net using dimensions from the Drawings with no allowance for bulking, shrinkage, waste or working space. Rates for excavation shall include for keeping excavations free from water by acceptable means. | D9: 1.3
A10: 1.4 | B10: أسعار الحفر (في مناطق القطع) تشمل تثبيت مستوى السطح النهائي المتكون طبقا للمواصفات. على المتقدمين للمناقصة الرجوع إلى المعلومات والتقارير الجيولوجية المتوفرة بخصوص حالة التربة والقيام باستكشاف الموقع بشكل ملائم للحصول على فهم كامل لحالة الارض و التربة في الموقع قبل وضع الأسعار في جدول الكميات ويجب تضمين أية تكلفة أضافية متعلقة بفحص التربة وبأعمال الحفر. ويتضمن البند الحفر في جميع انواع التربة (ترابية أو صخرية) ما لم يتم قياس الحفر في التربه الصخريه في بند منفصل. | C10: Excavation prices (in cut areas) includes installing the final surface formed according to the specifications. The Tenderers are to refer to the information and geological reports that are available relating to the condition of the soil as well as exploring the site properly to get a full understanding of the status of the land and soil at the site before pricing of the bill of quantities. Rates must include any additional costs related to examination of the soil and excavation work. The item includes excavation in all types of soil (including rocks and hard material that requires special equipment), unless otherwise measured separately or specified elsewhere | D10: 1.4
A11: 1.5 | B11: تعتبر تكاليف أعمال الحفر في مناطق القطع متضمنة لحميع الموارد المطلوبة الإضافية والمصاريف المتعلقة بالحفر لجميع الأعماق ما لم يتم قياسها بشكل منفرد. | C11: Excavation for cuttings; deemed to be included all additional resources and expenses related to various and all depths, unless otherwise measured seperately. | D11: 1.5
A12: 1.6 | B12: تشمل أسعار المواد المستخدمة في الردم من خارج الموقع الحفر في الموقع الخارجي (عند الحاجة) والنقل والتفريغ والدمك في طبقات حسب المواصفات. يجب أن تكون المواد المستوردة من خارج الموقع خالية من أية مواد عضوية أو نفايات أو أتربة سطحية أو صخور... الخ حسب المواصفات وباعتماد المهندس. | C12: The rate for imported fill material shall deemed to include borrow pit excavation, hauling, placement and compaction in layers as specified. Imported material must be free from all organic materials, waste, top soil, rock, etc., as specified, and to approval of the Engineer. | D12: 1.6
A13: 1.7 | B13: لن يتم دفع تكاليف تكديس المواد والمناولة المزدوجة للمواد التي يتم حفرها على أن يتضمنها المقاول في الأسعار المقدمة ما لم يتم قياسها بشكل منفرد. | C13: Stockpiling and Double handling of excavated material shall not be payed seperately and the Contractor shall be deemed to have included in his rates, unless measured seperately. | D13: 1.7
A14: 1.8 | B14: التكاليف الخاصة بقطع وتجهيز الأسطح التي يتم حفرها متضمنة في أسعار الحفر ذات الصلة. | C14: Trimming and preparation of excavated surfaces, are deemed to be included within the relevant excavation rates. | D14: 1.8
A15: 1.10 | B15: التكاليف الخاصة بقطع وتجهيز الأسطح التي تم ردمها متضمنة في أسعار الردم ذات الصلة. | C15: Trimming and preparation of filled surfaces, are deemed to be included within the relevant filling rates. | D15: 1.10
A16: 1.11 | B16: يجب أن تشمل أسعار المتقدم للمناقصة فيما يتعلق بالحفر أية تكاليف إضافية للحفر في أي مواد مثل التربة الترسيبية والرمال والصخور وإجراء الحفر و الردم في أوضاع التربة الغير مناسبة و معالجة التربة و الحفر علي أي أعماق والحفر تحت منسوب المياه العادي والحفر حول المرافق والخدمات القائمة و العمل ضمن مناطق محصورة وعالية الخطورة وإزالة تلك المرافق والخدمات المهملة وغير المستخدمة ودعم الجوانب العمودية ومساحات العمل وردم المناطق غير الثابتة أثناء الحفر ما لم يتم قياسها بشكل منفرد أوما لم ينص على خلاف ذلك. | C16: The tenderer shall allow in his earthworks rates for all extra costs; for excavating in any material including running silt, running sand and rock, additional cut and fill for unsuitable soil conditions, soil treatments, commencing excavation at any depth, excavating below the normal water table, excavating around existing services and mains, working in restricted areas, high risk areas, the removal of dead services , supporting the vertical sides or excavations, working space and filling soft spots , unless otherwise measured separately or specified elsewhere. | D16: 1.11
A17: 1.12 | B17: يجب أن تشمل أسعار المتقدم للمناقصة تكاليف ازالة مواد ناتج الحفر الزائدة الى المقالب العمومية المعتمدة التى تحددها الجهات المختصة | C17: The price of the contractor must include costs for materials disposal to public landfills approved by the competent authorities | D17: 1.12
B18: أعمال الخرسانة | C18: CONCRETE Works
A19: 2.1 | B19: تشمل الأسعار الخاصة بالخرسانة المصبوبة في الموقع توفير الخرسانة وصبها ويشمل ذلك كافة الوصلات وموانع التسرب وخلاطات الخرسانة والأوتاد وأساليب التحكم في الشقوق وملحقات خرسانية والإضافات والتحبيب والأعمال النهائية لتمليس السطح الخ ما لم ينص على خلاف ذلك | C19: The rates inserted for in-situ concrete in all classifications shall include for provision of concrete, and placing of concrete including all joints, water stops, rebates, groves, dowels, crack controls, concrete accessories, inserts, grouting and finishing to top surface, etc, unless otherwise measured separately. | D19: 2.1
A20: 2.2 | B20: تشمل الأسعار الخاصة بالخرسانة العادية الشدات وفي الأركان أو أي أبعاد إضافية للخرسانة طبقا لما يراه المقاول مناسبا | C20: The rates for blinding shall include for shuttering at edges or additional width of concrete at the discretion of the Contractor. | D20: 2.2
A21: 2.3 | B21: تشمل الأسعار الخاصة بالخرسانة لكافة الفئات التجويفات والفراغات وتثبيت البراغي وفتحات التثبيت | C21: The rates for concrete in all classifications shall include for forming mortises and holes, which shall include mortises for holding down bolts and weep holes. | D21: 2.3
A22: 2.4 | B22: تشمل الأسعار الخاصة بالخرسانة المسلحة الشدات بكافة أنواعها وحديد التسليح والخرسانات وكل مايلزم طبقا لما يراه المقاول مناسبا لإنهاء العمل حسب المخططات والمتطلبات الخاصة بالمواصفات. | C22: The rates for reinforcement concrete shall include all type of shuttering ,steel, concrete, as the discretion of the Contractor according to the Drawings and requirements of the Specification.. | D22: 2.4
A23: 2.5 | B23: بما لا يتعارض مع قاعدة القياس M10 يجب أن يتضمن المقاول في أسعاره إنشاء كافة الوصلات التي قد لا تكون موضحة تفصيلا أو موجودة في المخططات والمتطلبات الخاصة بالمواصفات | C23: Notwithstanding measurement rule M10, the Contractor shall be deemed to have included in his rates for all construction joints not expressly detailed or located on the Drawings and requirements of the Specification. | D23: 2.5
A24: 2.6 | B24: بما لا يتعارض مع قاعدة القياس M13 to M16 يجب أن يتضمن المقاول في أسعاره إنشاء كافة الملحقات الخرسانية التي قد لا تكون موضحة تفصيلا أو موجودة في المخططات والمتطلبات الخاصة بالمواصفات | C24: Notwithstanding measurement rule M13 to M16, the Contractor shall be deemed to have included in his rates for all concrete accessories not expressly detailed or located on the Drawings and requirements of the Specification. | D24: 2.6
A25: 2.7 | B25: تشمل الأسعار الخاصة بالدعامات أعمال الثني والتمليس والقطع المنحني وأسلاك الربط واللفات والكتل والجلسات والفواصل | C25: The rates for reinforcement shall include for bending, raking and curved cutting, notching, tying wire, laps, distance blocks, chairs and spacers. | D25: 2.7
A26: 2.8 | B26: تشمل الأسعار الخاصة بالخرسانة سابقة التجهيز الشدات أو القوالب والتشكيل ومواد الوصلات وفواصل التغطية ومواد التبطين مقاومة للمياه وأغطية خاصة ووصلات خاصة بين الوحدات وهياكل وروابط وصبات وأي وسائل تثبيت أخرى وتمليس وتشطيب مسبق ونهائي | C26: The rates for pre-cast concrete shall include shuttering or moulds, bedding, pointing, expansion material, cover strips, damp proof membranes, special sealing and special pointing between Units and Units and structure, anchor bolts, casting, other fixing devices, grouting and pre & final finishes | D26: 2.8
A27: 2.9 | B27: تشمل عناصر الخرسانة سابقة التجهيز كافة التكاليف المرتبطة بالتصنيع والتوريد والنقل للموقع والتفريغ والتخزين في الموقع وتكلفة كافة العمليات في الموقع من النقل والصب والتركيب بما فيها أجور الكرينات (الونش)وتنفيذ الأعمال على أكمل وجه وتشمل اختبارات الأنظمة بالمصنع والموقع والانظمة النهائية وبدء التنفيذ والصيانة والتأمين على المعدات في الموقع الخ طبقا للمخططات والمواصفات | C27: Pre-cast concrete components shall include for all costs associated with manufacture, supply, transportation to site, offloading, on-site storage, the cost of all operations at the site, site transportation, erection and installation, setting to work, including factory, site and final system tests and for commissioning, maintenance and insurance of the equipment on site, etc., all as specified and according to drawings | D27: 2.9
A28: 2.10 | B28: تشمل الأسعار الخاصة بصب الخرسانة والأعمال الترابية والخرسانة العادية والشدات وأعمال المبانى وأعمال التشطيبات النهائية وكافة الأعمال المدنية الضرورية ما لم يتم قياسها بشكل منفصل | C28: The rate for placing of concrete deemed to be including , earthworks, blinding, steps, masonry, concreting, final finishes and all other civil works as necessary, unless measured separately | D28: 2.10
A29: 2.11 | B29: أعمال البردورات مسبقة الصب وتشمل صب خرسانة الأساسات بالموقع، المونة الأسمنتية ، التسليح ، الحفر ، الردم ، الدمك ، الدهانات والتخلص من المخلفات وانهاء الأعمال على النحو المطلوب طبقاً لمعايير الجهات المختصة والمواصفات والمخططات التصميمية. | C29: Pre-cast concrete kerbs including in-situ concrete foundation, hunching, cement mortar, dowel bars, jointed and pointed in mortar, excavation, filling, compaction, disposal including painting and final finishes etc., all in accordance with authority standards and complete as per specifications and drawings | D29: 2.11
A30: 2.12 | B30: أعمال القواعد الخرسانية لأعمدة الإنارة واللواحات والمرورية والإرشادية تعتبر متضمّنة | C30: RCC foundations for light poles and traffic signs are considered part of the main items | D30: 2.12
B31: أعمال المواسير والتركيبات والصمامات | C31: PIPEWORK , PIPES AND FITTINGS AND VALVES
A32: 3.1 | B32: أعمال المواسير: | C32: Pipeworks: | D32: 3.1
B33: يشمل قياس أعمال المواسيرما يلي: - توريد و تشوين المواسير والقطع الخاصة - الحفر في جميع أنواع التربة (الترابية والصخرية) وإعداد الأسطح وإزالة المخلفات و يشمل تدعيم الجوانب الخاصة بالحفر وإزالة المرافق والخدمات المهملة وغير المستخدمة و نزح المياه - تركيب المواسير والقطع الخاصة في الخنادق المخصصة شاملا طبقه الأساس تحت المواسير و الطبقة المحيطة و الشريط التحذيري - الردم ويشمل الدمك باستخدام المواد المعتمدة طبقا للإجراءات الخاصة بالجهات المختصة - الحماية والدعامات الخرسانية (ان وجدت) وفقا للرسومات و المواصفات -جميع الاعمال اللازمه لربط الشبكات الجديده علي الشبكات القائمه وعمل كافة الاختبارات اللازمه وإعاده الوضع كما كان عليه وكافة الاعمال اللازمة لأتمام البند الحماية الخاصة للمرافق والخدمات المجاورة أو الطبقات المتعددة من المواسير - الاختبارات والتنظيف النهائي والغسيل والتعقيم - جميع الاعمال اللازمة لإنهاء تركيب المواسير. - جميع الاعمال يتم تنفيذها وفقا للرسومات و المواصفات الفنيه. | C33: The rate for pipeworks shall include the following: - supply and storage of pipes and special parts. - excavation in all types of soil (including rock), surface preparation, demlition, upholding the vertical sides of excavations, the removal of dead services, and dewatering. - installation of pipes and special parts in the proposed trenches including the foundation layer under pipes and the surrounding layer and caution tape. - Backfilling including compaction with approved materials all in accordance with authority regulations. - Concrete Stools and Thrust Blocks (if any) indicated in the relevant drawings and specifications. -All necessary items to interface between the new networks and the existing networks, all necessary testing, return of surface to its original conditions.and all other items to complete this item. - Special protection for utilities adjacent or multiple pipe laying, and pipe supports. - Commissioning, final cleaning, flushing and sterilisation of works. - All the works required to complete the installation of pipes. - All the works shall be in accordance with the Drawings and Specifications.
A34: 3.2 | B34: أعمال غرف المحابس و المطابق: | C34: Valve Chambers and Manholes: | D34: 3.2
B35: يشمل قياس أعمال غرف المحابس و المطابق ما يلي: - توريد المواسير والقطع الخاصة - الحفر في جميع أنواع التربة (الترابية والصخرية) وإعداد الأسطح وإزالة المخلفات ويشمل تدعيم الجوانب الخاصة بالحفر وإزالة المرافق والخدمات المهملة وغير المستخدمة و نزح المياه. - جميع الاعمال الخرسانية و تشمل الاساسات و الحوائط و الاسقف و الكراسى والدعمات الخرسانية وكتل التثبيت الخرسانية وكافة المتطلبات طبقا للمخططات والمواصفات ذات الصلة مثل دهان بيتوميني وطبقات نيوبرين.....الخ. - أعمال البناء وفرشة المونة وأعمال مقاومة المياه والدرج والاغطيه والإطارات ,و سلسله الدعم و السلامة وجميع الوصلات. - تركيب المواسير والقطع الخاصه - الحماية الخاصة للمرافق والخدمات المجاورة أو الطبقات المتعددة من المواسير - الاختبارات والتنظيف النهائي والغسيل والتعقيم - جميع الاعمال اللازمه لانهاء غرف المحابس و تركيب المواسير. - جميع الاعمال يتم تنفيذها وفقا للرسومات و المواصفات الفنيه | C35: The rate for Valve Chambers and Manholes shall include the following: - supply of pipes and special parts. - excavation in all types of soil (including rock), surface preparation, demlition, upholding the vertical sides of excavations, the removal of dead services, and dewatering. - All the concrete works including foundation, walls, slabs, stools, and thrust blocks and all the requirements in accordance with the Drawings and Soecifications such as bituminous coat, neoprene layer, etc. - All the civil works, mortar, waterproofing, stairs, covers, frames and chainlinks. - installation of pipes and special parts. - Special protection for utilities adjacent or multiple pipe laying, and pipe supports. - Commissioning, final cleaning, flushing and sterilisation of works. - All the works required to complete the installation of valve chambers and manholes. - All the works shall be in accordance with the Drawings and Soecifications.
A36: 3.3 | B36: حنفيات الحريق | C36: Fire Hydrants | D36: 3.3
B37: تشمل تكلفة حنفيات الحريق ما يلي: - توريد حنفيات الحريق والصمامات و المواسير والقطع الخاصة - الحفر في جميع أنواع التربة (الترابية والصخرية) وإعداد الأسطح وإزالة المخلفات ويشمل تدعيم الجوانب الخاصة بالحفر وإزالة المرافق والخدمات المهملة وغير المستخدمة و نزح المياه. - كافة أعمال تركيب المواسير والصمامات وصناديق الصمامات وملحقاتها وحواجز التأمين والتركيبات اللازمة والملحقات وأعمال البناء. - جميع الاعمال اللازمه لانهاء تركيب حنفيات الحريق. - جميع الاعمال يتم تنفيذها وفقا للرسومات و المواصفات الفنيه | C37: The rate for fire hydrants shall include the following: - Supply of fire hydrants, valves, pipes and special parts. - Excavation in all types of soil (including rock), surface preparation, demlition, upholding the vertical sides of excavations, the removal of dead services, and dewatering. - All the works required for pipework, valves, surface boxes, accessories, protection barricades, necessary fittings, and accessories, and civil works, - All the works required to complete the installation of fire hydrants. - All the works shall be in accordance with the Drawings and Specifications.
A38: 3.4 | B38: الصمامات المردومة | C38: Buried Valves | D38: 3.4
B39: تشمل تكلفة الصمامات المردومة ما يلي: - توريد الصمامات و المواسير والقطع الخاصة - الحفر في جميع أنواع التربة (الترابية والصخرية) وإعداد الأسطح وإزالة المخلفات ويشمل تدعيم الجوانب الخاصة بالحفر وإزالة المرافق والخدمات المهملة وغير المستخدمة و نزح المياه. - كافة أعمال تركيب المواسير والصمامات وصناديق الصمامات وملحقاتها وحواجز التأمين والتركيبات اللازمة والملحقات وأعمال البناء. - جميع الاعمال اللازمه لانهاء تركيب المحابس. - جميع الاعمال يتم تنفيذها وفقا للرسومات و المواصفات الفنيه | C39: The rate for buried valves shall include the following: - Supply of fire hydrants, valves, pipes and special parts. - Excavation in all types of soil (including rock), surface preparation, demlition, upholding the vertical sides of excavations, the removal of dead services, and dewatering. - All the works required for pipework, valves, surface boxes, accessories, protection barricades, necessary fittings, and accessories, and civil works, - All the works required to complete the installation of buried valves. - All the works shall be in accordance with the Drawings and Specifications.
A40: 3.5 | B40: يعد سطح التسوية هو سطح بداية العمل لأعمال المواسير والعمق المذكور مقاس من سطح التسوية حتى منسوب قاع المواسير. | C40: The "Grading level" shall be considered as "Commencing Surface" for pipes , the mentioned depth is from grading level to the pipe invert level. | D40: 3.5
A41: 3.6 | B41: يعد العمق المذكور لأعمال المناهل وغرف المحابس هو العمق المقاس من أعلى الغطاء حتى منسوب قاع المانهول / الغرفة | C41: The mentioned depth for manholes and valve chambers shall be considered from the top of cover to the manhole/chamber bottom | D41: 3.6
A42: 3.7 | B42: الفواصل وأعمال حقن الخرسانة للمواسير داخل العبارات/ مناطق القطع تكون مشمولة ضمن أسعار المواسير كما يجب أن تشمل إعادة الشئ لأصله المانهولات والغرف الأخرى | C42: Spacers and grouting for pipes within ducts/crossings deemed to be included within pipes rates. Additional reinstatement shall be deemed to include for manholes and other chambers. | D42: 3.7
A43: 3.8 | B43: الفواصل وأعمال حقن الخرسانة للمواسير داخل العبارات/ مناطق القطع تكون مشمولة ضمن أسعار المواسير كما يجب أن تشمل إعادة الشئ لأصله المانهولات والغرف الأخرى | C43: Spacers and grouting for pipes within ducts/crossings deemed to be included within pipes rates. Additional reinstatement shall be deemed to include for manholes and other chambers. | D43: 3.8
B44: محطات الرفع | C44: Lift Station
A45: 4.1 | B45: تشمل أعمال محطة الرفع جميع الأعمال الترابية والإنشائية والمعمارية والميكانيكية والكهربائية والتحكم حسب المخططات | C45: Lift station shall be deemed to include earthworks, structure, archeticture, mechanical, electrical, C&I as per the drawings and specifications | D45: 4.1
B46: الأعمال الكهربائية | C46: ELECTRICAL WORKS
B47: شبكة التوزيع الكهربائية للجهد المتوسط | C47: Medium voltage network distribution
A48: 5.1 | B48: خندق كابل جهد متوسط. أعمال حفر خنادق الكابلات في جميع أنواع التربة والردم ودك وتسوية الارض ونقل المخلفات الزائدة بما يشمل توريد وطرح الرملة الناعمة وشريط التحذير ومؤشرات اتجاه الكابلات وذلك وفق مواصفات الشركة السعودية للكهرباء. | C48: Medium voltage cable trench Excavation and bedding of trench on all type of soil, backfilling with imported sand, compaction , warning tape and cable markers according to Saudi Electric Company specifications. | D48: 5.1
A49: 5.1 | B49: خندق كابل جهد متوسط. أعمال حفر خنادق الكابلات في جميع أنواع التربة والردم ودك وتسوية الارض ونقل المخلفات الزائدة بما يشمل توريد وطرح الرملة الناعمة وشريط التحذير ومؤشرات اتجاه الكابلات وذلك وفق مواصفات الشركة السعودية للكهرباء. | C49: Medium voltage cable trench Excavation and bedding of trench on all type of soil, backfilling with imported sand, compaction , warning tape and cable markers according to Saudi Electric Company specifications. | D49: 5.1
A50: 5.2 | B50: (قطع / وأجزاء الطرق (نفق كابلات الجهد المتوسط توريد وتركيب واختبار ماسورة بلاستيك من الفئة الرابعة عند قطع الكيبلات الطرق شاملا التغليف بالخرسانة الاسمنتية والردم وذلك وفق مواصفات الشركة السعودية للكهرباء | C50: Road parts/cutting (medium voltage cable ducts) Supply and installing upvc class 4 ducts, including concrete casting and burial according to Saudi Electric Company specification. | D50: 5.2
A51: 5.3 | B51: كابلات الجهد المتوسط. توريد وتمديد كوابل جهد متوسط داخل خندق محفور بالارض شاملا الاختبارات وذلك وفق مواصفات الشركة السعودية للكهرباء. | C51: Medium Voltage cables. Supply , installation and testing of Medium voltage cables in trench according to Saudi Electric Company specification. | D51: 5.3
A52: 5.4 | B52: وصلات كابل جهد متوسط. توريد وتركيب واختبار وصلات كيبل جهد متوسط تتضمن الفحص والاختبارات وفقا لمواصفات الشركة السعودية للكهرباء. | C52: Medium voltage cable Straight joints. Supply , installation and testing of Medium voltage cable straight joints according to the Saudi Electric Company specifications. | D52: 5.4
A53: 5.5 | B53: نهايات كبلات الجهد المتوسط توريد وتركيب نهايات الكابلات ذات الجهد المتوسط ، بما في ذلك الاختبار ، وفقاً لمواصفات الشركة السعودية للكهرباء. | C53: Medium voltage cable Terminations supply and installation and testing of Medium voltage cable terminations, according to the Saudi Electric Company specifications . | D53: 5.5
A54: 5.6 | B54: مفتاح جهد متوسط (RMU). توريد وتركيب واختبار مفتاح جهد متوسط (وحدة الربط الحلقى) لنقاط الفتح بين المغذيات (NOP) من النوع الخارجى طبقا لمواصفات الشركة السعوديه للكهرباء. | C54: Normal Open Point (RMU) Supply, installation and testing of medium voltage (RMU), normal open point (NOP) for outdoor type , according to the Saudi Electric Company specifications. | D54: 5.6
A55: 5.7 | B55: محطات الإنارة توريد وتركيب محطات إنارة شوارع وفق المعايير القياسية لوزارة النقل ومخططات التصميم (ما عدا وحدة الحلقات للجهد المتوسط تركب خارج المحطة المصندقه ولكن بالقرب منها وفقا لمتطلبات ومواصفات الشركة السعودية للكهرباء. | C55: Supply, installation and testing of street lighting substations as per MOT codes, specifications and drawings (excluding RMU, to be installed outside the Unit substation but close to the substation as per Saudi Electric Company requirements). | D55: 5.7
A56: 5.8 | B56: كابلات الضغط المنخفض LV توريد وتمديد وتركيب واختباركابلات إنارة شوارع جهد منخفض شاملا أعمال الحفر في أي حالة من التربة والتربة بمواد موافق عليها والتخلص من المخلفات، وفق المعايير القياسية المواصفات ومخططات التصميم . | C56: Low Voltage Cables Supply , installation and testing of street lighting low voltage cables Include for excavation in all types of soil, de-watering, backfill with approved material & disposal of excavated material, as per specifications, standards and drawings. | D56: 5.8
A57: 5.9 | B57: أعمدة الإنارة توريد وتركيب أعمدة إنارة طرق وفق المعايير القياسية و المواصفات ومخططات التصميم . ويشمل توريد وتركيب قواعد خرسانية مسلحة شامل أعمال الحفر في جميع أنواع التربة, والردم بمواد موافق عليها من قبل الأستشاري, والتخلص من مخلفات الردم , وفق المعايير القياسية و المواصفات ومخططات التصميم | C57: Lighting Poles Supply and installation of road lighting poles according to specifications , standards and design drawings. Including Supply and installation of reinforced concrete foundation including excavation in all types of soil, de-watering, backfill with approved material & disposal of excavated material as per specifications, standards and drawings | D57: 5.9
A58: 5.10 | B58: وحدات إنارة الطرق توريد وتركيب وحدات إنارة طرق وفق المعايير القياسية و المواصفات ومخططات التصميم . | C58: Street Lighting Luminaire Supply, installation and testing of Street Lighting Luminaire as per specifications and drawings and in accordance with authority standards. | D58: 5.10
A59: 5.11 | B59: نظام التاريض توريد وتركيب نظام التاريض لإنارة شوارع بما يشمل أعمال حفر وردم الخندق وقضبان وكابلات التأريض , الخ . وفق المعايير القياسية / المواصفات ومخططات التصميم . | C59: Earthing installation Supply, installation and testing of the earthing system complete with earthing pits , electrodes, earthing conductors , etc. as per specifications, standards and drawings . | D59: 5.11
... A63: 5.15 | B63: توريد وتركيب واختبار كبائن توزيع لمغذي منخفض وفق المعايير القياسية ومتطلبات ومواصفات الشركة السعودية للكهرباء ودرجة حماية IP65 | C63: Supply, installation and testing of Feeder Pillar as per SEC codes, specifications and drawingsr . IP 65 | D63: 5.15
B64: الاتصالات | C64: Telecom
B65: العبارات | C65: Ducts
A66: 5.16 | B66: تشمل أعمال مد عبارات الاتصالات في الخنادق المخصصة لذلك أعمال الحفر والردم والدمك وإزالة المخلفات والصبات والمواسيروأغطية الحماية وإعادة الشئ لأصله والأشرطة التحذيرية والاختبارات وذلك طبقا لإجراءات الجهات المختصة والمواصفات والمخططات | C66: Laying of Telecommunication ducts in trenches shall include all related excavations, backfilling, other fillings, compaction, disposal, protection covers, reinstatement, draw ropes, warning tapes, testing, all as per authority requirements, specifications and drawings | D66: 5.16
B67: عبارات الطرق | C67: Road Crossing
A68: 5.17 | B68: تشمل أعمال مد عبارات الاتصالات في عبور الطرق أعمال الحفر والردم والدمك وإزالة المخلفات والأعمال الخرسانية والصبات والمواسيروأغطية الحماية وإعادة الشئ لأصله والأشرطة التحذيرية والاختبارات وذلك طبقا لإجراءات الجهات المختصة والمواصفات والمخططات | C68: Laying of Telecommunication ducts on road crossing shall include all related excavations, backfilling, other fillings, compaction, disposal, concrete work, encasements, protection covers, reinstatement, draw ropes, warning tapes, testing, all as per authority requirements, specifications and drawings | D68: 5.17
B69: أعمال الموقع والأعمال الزراعية | C69: Site and Landscaping Works
A70: 6.1 | B70: يشمل سعر زراعة النباتات و الاشجار الحفريات واستيراد ومد طبقة من التربة الناعمة، والأسمدة، والتدعيم والتسوية والتنسيق مع أعمال الإضاءة والري واستكمالها... الخ. وتنسيق الأعمال وربطها لتتلاءم مع كافة مواصفات الأسطح المعدة للزراعة والبنى التحتية كما تشمل جميع المتطلبات والشروط الخاصة والتشكيل والتصنيف (الفرز) وإتمام أعمال التسوية على الأسطح المجاورة واستكمال الحفر المعدة للأشجار. | C70: The rate for planting trees and shrubs deemed to be including excavation, importing and laying sweet soil, fertilizers, anchors, stabilisation, coordination with irrigation, lighting, etc. complete. Coordinate work with all surface features of landscaping and infrastructure and include all requirements, special conditions, shaping, grading, finishing and adjusting to adjoining surfaces. Tree pits are to be complete. | D70: 6.1
A71: 6.2 | B71: يعتبر المقاول من خلال زيارته للموقع بأنه قام بفحص واستكشاف الموقع ومحيطه وأنه قام بتحديد والأخذ بعين الاعتبار عند إعطاء أسعاره كافة التكاليف الإضافية المتعلقة بهدم (بشكل حذر) المنشآت القائمة وطرق الوصول إلى الموقع وإزالة طبقات الأعشاب الموجودة والخرسانة والأرصفة وطبقات الرصف والاسفلت وأحجار الارصفة و التربة العلوية والسياج وحماية خطوط الخدمات القائمة وكافة ملحقاتها وإعادة الوضع كما كان عليه...الخ. | C71: The Contractor shall be deemed to have inspected and examined the Site and it's surroundings, and identified, considered and deemed to included all costs related to (carefully) demolition of existing structures, access roads, existing turfs, concrete, flagging, paving, curbing, road-metalling, topsoil, fencing, demolish and seal existing services, protection of existing service lines, accessories etc., and cart away debris, as directed by the Engineer and return of surface to its original conditions. | D71: 6.2
A72: 6.3 | B72: يشمل الهدم وإخلاء الموقع أيضا التخلص من المواد الناتجة وردم الفراغات باستخدام المواد المناسبة ما لم يتم التوجيه بغير ذلك. بالاعتماد على زيارة الموقع والمعلومات المتوفرة، على المتقدم للعطاء أن يشمل سعره تكاليف إزالة المخلفات الملقاة وإزالة طبقات الرصف في الأرصفة والجزر الوسطية... ألخ. والتخلص من المخلفات إلى الأمكان العمومية المسموح بها حسب تعليمات المهندس وإعادة السطح إلى حالته الأصلية باستثناء ما تم قياسه بشكل منفرد أو تم وصفه في مكان آخر. يجب على المتقدم للعطاء أن يشمل في سعره جميع التكاليف الإضافية والناتجة عن إزالة خطوط الخدمات والمياه والكهرباء وصرف مياه الأمطار والصرف الصحي والهاتف ...ألخ. وتعديل مسارها في حال استخدامها من أجل تشغيل مباني قائمة أخرى كما تشمل إعادة السطح إلى حالته الأصلية باستثناء ما تم قياسه بشكل منفرد أو تم وصفه في مكان آخر. | C72: Item for Demolition and Site clearance shall also include disposal of the materials arising and backfilling of voids with suitable material except as otherwise directed. Based on site visit & available information, the tenderer shall allow in his rates for all Removal of dumped rubbish, removal of sidewalk & median pavements etc, and cart away debris, as directed by the Engineer and return of surface to its original conditions , unless otherwise measured separately or specified elsewhere. The tenderer shall allow in his rates for all extra costs for removal of underground utility lines, water, electrical, storm, sanitary, telephone, etc., including return of surface to its original conditions, unless otherwise measured separately or specified elsewhere. as well as ultimate development/design requirements, and to price comprehensively. | D72: 6.3
A73: 6.4 | B73: يتم حساب كميات الأعمال الترابية على أساس صافي الأبعاد الناتجة عن المخططات مع عدم السماح بمخصصات للزيادة أو النقصان أو الإهدار أو مساحات العمل. تشمل أسعار أعمال الحفر الحفاظ على الحفر جافة بالطرق المعتمدة | C73: The quantities of earthworks shall be computed net using dimensions from the Drawings with no allowance for bulking, shrinkage, waste or working space. Rates for excavation shall include for keeping excavations free from water by acceptable means. | D73: 6.4
A74: 6.5 | B74: أسعار الحفر (في مناطق القطع) تشمل تثبيت مستوى السطح النهائي المتكون طبقا للمواصفات. على المتقدمين للمناقصة الرجوع إلى المعلومات والتقارير الجيولوجية المتوفرة بخصوص حالة التربة والقيام باستكشاف الموقع بشكل ملائم للحصول على فهم كامل لحالة الارض و التربة في الموقع قبل وضع الأسعار في جدول الكميات ويجب تضمين أية تكلفة أضافية متعلقة بفحص التربة وبأعمال الحفر. ويتضمن البند الحفر في جميع أنواع التربة (ترابية أو صخرية). | C74: Excavation prices (in cut areas) includes installing the final surface formed according to the specifications. The Tenderers are to refer to the information and geological reports that are available relating to the condition of the soil as well as exploring the site properly to get a full understanding of the status of the land and soil at the site before pricing of the bill of quantities. Rates must include any additional costs related to examination of the soil and excavation work. The item includes excavation in all types of soil (including rocks and hard material that requires special equipment). | D74: 6.5
A75: 6.6 | B75: تعتبر تكاليف أعمال الحفر في مناطق القطع متضمنة لجميع الموارد المطلوبة الإضافية والمصاريف المتعلقة بالحفر لجميع الأعماق ما لم يتم قياسها بشكل منفرد. | C75: Excavation for cuttings; deemed to be included all additional resources and expenses related to various and all depths, unless otherwise measured seperately. | D75: 6.6
A76: 6.7 | B76: تشمل أسعار المواد المستخدمة في الردم من خارج الموقع الحفر في الموقع الخارجي (عند الحاجة) والنقل والتفريغ والدمك في طبقات حسب المواصفات. يجب أن تكون المواد المستوردة من خارج الموقع خالية من أية مواد عضوية أو نفايات أو أتربة سطحية أو صخور... الخ حسب المواصفات وباعتماد المهندس. | C76: The rate for imported fill material shall deemed to include borrow pit excavation, hauling, placement and compaction in layers as specified. Imported material must be free from all organic materials, waste, top soil, rock, etc., as specified, and to approval of the Engineer. | D76: 6.7
A77: 6.8 | B77: لن يتم دفع تكاليف تكديس المواد والمناولة المزدوجة للمواد التي يتم حفرها على أن يتضمنها المقاول في الأسعار المقدمة ما لم يتم قياسها بشكل منفرد. | C77: Stockpiling and Double handling of excavated material shall not be payed seperately and the Contractor shall be deemed to have included in his rates, unless measured seperately. | D77: 6.8
A78: 6.9 | B78: التكاليف الخاصة بقطع وتجهيز الأسطح التي يتم حفرها متضمنة في أسعار الحفر ذات الصلة. | C78: Trimming and preparation of excavated surfaces, are deemed to be included within the relevant excavation rates. | D78: 6.9
A79: 6.10 | B79: التكاليف الخاصة بقطع وتجهيز الأسطح التي تم ردمها متضمنة في أسعار الردم ذات الصلة. | C79: Trimming and preparation of filled surfaces, are deemed to be included within the relevant filling rates. | D79: 6.10
A80: 6.11 | B80: يجب أن تشمل أسعار المتقدم للمناقصة فيما يتعلق بالحفر أية تكاليف إضافية للحفر في أي مواد مثل التربة الترسيبية والرمال والصخور وإجراء الحفر و الردم في أوضاع التربة الغير مناسبة و معالجة التربة و الحفر علي أي أعماق والحفر تحت منسوب المياه العادي والحفر حول المرافق والخدمات القائمة و العمل ضمن مناطق محصورة وعالية الخطورة وإزالة تلك المرافق والخدمات المهملة وغير المستخدمة ودعم الجوانب العمودية ومساحات العمل وردم المناطق غير الثابتة أثناء الحفر ما لم يتم قياسها بشكل منفرد أوما لم ينص على خلاف ذلك. | C80: The tenderer shall allow in his earthworks rates for all extra costs; for excavating in any material including running silt, running sand and rock, additional cut and fill for unsuitable soil conditions, soil treatments, commencing excavation at any depth, excavating below the normal water table, excavating around existing services and mains, working in restricted areas, high risk areas, the removal of dead services , supporting the vertical sides or excavations, working space and filling soft spots , unless otherwise measured separately or specified elsewhere. | D80: 6.11
A81: 6.12 | B81: يجب أن تشمل أسعار المتقدم للمناقصة تكاليف ازالة مواد ناتج الحفر الزائدة الى المقالب العمومية المعتمدة التى تحددها الجهات المختصة | C81: The price of the contractor must include costs for materials disposal to public landfills approved by the competent authorities | D81: 6.12
A82: 6.13 | B82: يجب أن تشمل أسعار الانترلوك والبلاطات جميع المواد من بلاطات ورمل وطبقات الردم وجميع الأعمال اللازمه طبقا للمخططات والمخططات التفصيليه. | C82: The price of the interlock and pavings must include costs for the paving material, sand, bedding, backfilling layers and all the related works according to the drawings and the standard details | D82: 6.13
B83: أعمال المواسير والتركيبات والصمامات لأعمال الزراعة | C83: PIPEWORK , PIPES AND FITTINGS AND VALVES FOR LANDSCAPE WORKS
A84: 7.1 | B84: يشمل سعر مواسير كلوريد البوليفينيل في الخنادق المخصصة توريد وتركيب وتوصيل واختبار وتشغيل المواسير و الحفر فى جميع انواع التربة عدا التربة الصخرية والردم والدمك والقطع والتوصيل والملحقات والتخلص من المخلفات والأشرطة التحذيرية من النوع الممغنط ونزح المياه وسند جوانب الحفر والغسيل والتعقيم و جميع الاعمال اللازمة لاتمام العمل طبقا للإجراءات مدن والمواصفات والمخططات وأصول الصناعه | C84: The rate for uPVC pipes beemed to be including supply, lay, joint, test, commission excavation and backfill in all types of soil (excluding rock), compaction,pipe fittings (gate valves, flushing valves and air release valves) and accessories disposal of excavated material, installation of magnetic warning tape, excavation supports and dewatering, washing and sterilization, and all works required, all in accordance with MODON regulation, specfication manufacturer guidelines. | D84: 7.1
A85: 7.2 | B85: يشمل سعر أنابيب مواسير من البولي إيتلين قليل الكثافة (PN 4) توريدها وتركيبها بما في ذلك تركيبات االأسرجة وقطع التركيب وجميع المستلزمات الأخرى اللازمة لإنجاز الأعمال وفقًا للمواصفات والرسومات. | C85: The rate for LDPE plain pipes (PN 4) deemed to be including Supply and install compression fittings, saddles and all other accessories necessary to complete the works in accordance with specifications and drawings. | D85: 7.2
A86: 7.3 | B86: يشمل سعر الملحقات وقطع التركيب الخاصة بالمواسير توريدها وتركيبها طبقا للإجراءات الخاصة بالجهة المعنية والمواصفات والمخططات | C86: The rate for pipe fittings and accessories deemed to be including Supply and installation of pipes all in accordance with authority, regulations, specifications and drawings | D86: 7.3
A87: 7.4 | B87: يشمل سعر صمامات كهربائية توريد وتركيب وتوصيل الصمامات وغرف صمامات بما يشمل منظم الضغط والمناسب لمياه (TSE) ومرشحات متوازية وصمامات كرة بلاستك وصندوق صمامات مع الغطاء وجميع المستلزمات الأخرى الضرورية لاستكمال الأعمال طبقاً للمواصفات والمخططات. | C87: The rate of solenoid valve assembly deemed to be including supply, install, and connect them, the assembly shall include solenoid valve globe type normally closed, electronically actuated, diaphragm operated, equipped with pressure regulator module, manual bleeding, flow control, expedient for TSE water, in line filter, manual valve, valve box with cover, and all other accessories necessary to complete the works in accordance with specification and drawings. | D87: 7.4
A88: 7.5 | B88: يشمل سعر صمامات وصندوق صمامات توريدها وتركيبها بما يشمل ذراع الحركة وقطع التركيب وجميع المستلزمات الأخرى الضرورية لاستكمال الأعمال طبقاً للمواصفات والمخططات | C88: The rate of valves and valve box deemed to be including supply and install them, including swing arm 1", fittings, and all other accessories necessary to complete the works in accordance with specifications and drawings. | D88: 7.5
A89: 7.6 | B89: يشمل السعر تزويد نقاطات وتثبيت أنابيب التنقيط بما في ذلك قطع التركيب وجميع الملحقات الأخرى اللازمة لإكمال الأعمال وفقًا للمواصفات والرسومات. | C89: The rate of pressure compensating drippers deemed to be including supply and install them and all accessories necessary to complete the works in accordance with specifications and drawings. | D89: 7.6
A90: 7.7 | B90: يشمل سعر نظام التحكم المركزي توريد وتركيب النظام بما في ذلك جميع الأجهزة المطلوبة والاختبار والتكليف كاملة وفقا للمواصفات والرسومات | C90: The rate of central control system deemed to be including supply and installation and all required instrumentation, testing and commissioning complete in accordance with specification and drawings | D90: 7.7
A91: 7.8 | B91: في حالة عدم توفر التحكم المركزي في الموقع ، يجب توفير التحكم المركزي وتركيبه من قبل المقاول لخدمة كل من مواقع الأحساء الحالية والتوسعة حسب جدول الكميات ، وإذا كان التحكم المركزي متاحًا في الموقع ، فلن يتم تركيبه وسيتم توصيل التحكم الميداني بالتحكم المركزي الحالي. | C91: In case of central control is not available on site, central control shall be supplied and installed by the contractor to serve both Al Hasa existing and Extension sites as per the BOQ, and if the central control is available on site, it shall not be supplied and the field control will be connected to the existing central control. | D91: 7.8
A92: 7.9 | B92: يشمل سعر جهاز تحكم ميداني كهربائي توريد وتركيب الجهاز ، طبقًا لمواصفات ووثائق التصميم والمناقصة ، مزود بالكابلات الكهربائية المدرعة ، مع موانع الصواعق وقضبان التأريض المثبتة على فترات 150 متر و موصل بنظام التحكم المركزي | C92: The rate of electric field controller deemed to be including supply and installation , according to the design drawing and tender specifications and documents,Electrical Armoured Cable, with Surge Arrestors and Grounding Rods Installed at 150 meters intervals from the central controller | D92: 7.9
A93: 7.10 | B93: يشمل سعر ديكودر فردى لنقل الاشارة بين الصمامات و وحدة التحكم الميدانية توريدها وتركيبها بما يشمل موصلات مقاومة للمياه وجميع المستلزمات الأخرى الضرورية اللازمة لاستكمال الأعمال طبقاً للمخططات والمواصفات | C93: The rate of single station decoder for valve connection to field controller deemed to be including supply and install them, waterproof connectors and all other accessories necessary to complete the works in accordance with specifications and drawings. | D93: 7.10
A94: 7.11 | B94: يشمل سعر كيبل ري بسلك اتجاهين بما يشمل توريد وتركيب كيبل و التوصيل وصناديق السحب والحماية من ارتفاع الجهد المفاجئ كل 200 متر وقطع التركيب وتأريض 5/8 بوصة وجميع الأعمال ذات الصلة اللازمة لاستكمال الأعمال طبقاً للمواصفات والمخططات | C94: The rate of Irrigation cable two way wire between field controller and valves deemed to be including supply and install cables, connection, pull boxes, surge protection each 200 m, fittings, 5/8" grounding and all other associated works to complete in accordance with specifications and drawings. | D94: 7.11

Sheet P.2
A1: ='General Summary '!D3 -> اسم المشروع: تطوير شبكات البنية التحتية في المدينة الصناعية بالخرج | H1: ='General Summary '!C3 -> Development of Infrastructure in Kharj Industrial City
A2: جدول الكميات | H2: BILL OF QUANTITIES
A4: البند | B4: وصف البند | C4: الوحدة | D4: الكمية | E4: السعر (ريال سعودي) | F4: المبلغ (ريال سعودي) | G4: ITEM DESCRIPTION | H4: ITEM
C5: Unit | D5: QUANTITY | E5: PRICE (S.R) | F5: AMOUNT (S.R)
A6: أعمال الطرق | G6: ROAD WORKS
A7: =H7 -> 02 41 00 | B7: أعمال الهدم | G7: DEMOLITION | H7: 02 41 00
A8: =H8 -> B1.02 41 00.1 | B8: إزالة أسفلت قائم | C8: m2 | D8: 100 | E8: 9 | F8: =E8*D8 -> 900 | G8: Demolition of existing Asphalt | H8: B1.02 41 00.1
A9: =H9 -> B1.02 41 00.2 | B9: إزالة بردورات قائمه | C9: m | D9: 100 | E9: 12 | F9: =E9*D9 -> 1200 | G9: Demolition of existing Kerbs | H9: B1.02 41 00.2
A10: =H10 -> 31 22 00 | B10: الأعمال الترابية و التسوية | G10: EARTHWORKS AND SITE GRADING | H10: 31 22 00
A11: =H11 -> B1.31 22 00.01 | B11: حفريات (في جميع أنواع التربة) | C11: m3 | D11: 17489 | E11: 14 | F11: =E11*D11 -> 244846 | G11: Excavation for cuttings (all types of soil) | H11: B1.31 22 00.01
A12: =H12 -> B1.31 22 00.02 | B12: ردميات للموقع من ناتج الحفر أو مورده من خارج الموقع | C12: m3 | D12: 6422 | E12: 24 | F12: =E12*D12 -> 154128 | G12: Embankments to the site with common / suitable excavated material or suitable imported material | H12: B1.31 22 00.02
A13: =H13 -> B1.31 22 00.03 | B13: طبقة القاعدة | C13: m3 | D13: 8953 | E13: 18 | F13: =E13*D13 -> 161154 | G13: Subgrade | H13: B1.31 22 00.03
A14: =H14 -> 32 11 23 | B14: طبقة أساس حصوية | G14: AGGREGATE BASE COURSE | H14: 32 11 23
A15: =H15 -> B1.32 11 23.01 | B15: طبقة أساس حصوية | C15: m3 | D15: 5193 | E15: 65 | F15: =E15*D15 -> 337545 | G15: Aggregate base course | H15: B1.32 11 23.01
A16: =H16 -> 32 11 26 | B16: الإنشاء البيتوميني | G16: BITUMINOUS CONSTRUCTION | H16: 32 11 26
A17: =H17 -> B1.32 11 26.01 | B17: الطبقة الأساس البيتومينية (تدرج 1 - صنف أ) بعد الدمك ، شاملاً الطبقة اللاصقة (MC1) والطبقة اللاصقة (RC2) (إن وجدت) | C17: m3 | D17: 1664 | E17: 642 | F17: =E17*D17 -> 1068288 | G17: Bituminous base course (Grading I - Class A), after compaction , including Prime Coat (MC1) (if needed) | H17: B1.32 11 26.01
A18: =H18 -> 32 12 16 | B18: طبقة السطح العليا | G18: ASPHALT WEARING COURSE | H18: 32 12 16
A19: =H19 -> B1.32 12 16.01 | B19: طبقة السطح العليا من الخرسانة البيتومينية بعد الدمك (تدرج 1 - صنف أ) شاملاً الطبقة اللاصقة (RC2) . | C19: m3 | D19: 1200 | E19: 648 | F19: =E19*D19 -> 777600 | G19: Bituminous concrete wearing course, after compaction (Grading I - Class A), including tack coat (RC2). | H19: B1.32 12 16.01
A20: =H20 -> 32 14 13 | B20: بردورات مسبقة الصب | G20: PRECAST CONCRETE CURB | H20: 32 14 13
A21: =H21 -> B1.32 14 13.01 | B21: بردورات نوع (K1A) | C21: m | D21: 2922 | E21: 65 | F21: =E21*D21 -> 189930 | G21: Concrete curb, Type (K1A) | H21: B1.32 14 13.01
A22: =H22 -> B1.32 14 13.02 | B22: بردورات نوع (K1B) | C22: m | D22: 1304 | E22: 60 | F22: =E22*D22 -> 78240 | G22: Concrete curb, Type (K1B) | H22: B1.32 14 13.02
A23: =H23 -> 32 17 23 | B23: العلامات الأرضية | G23: PAVEMENT MARKINGS | H23: 32 17 23
A24: =H24 -> 32 17 23.01 | B24: دهان ثرموبلاستيك (أبيض / أصفر) | G24: Thermoplastic pavement marking (White/Yellow) | H24: 32 17 23.01
A25: =H25 -> B1.32 17 23.01.01 | B25: خطوط مرورية بيضاء عاكسة بلاستيكية حرارية | C25: m² | D25: 789 | E25: 41 | F25: =E25*D25 -> 32349 | G25: Retroreflective Thermoplastic White Traffic lines | H25: B1.32 17 23.01.01
A26: =H26 -> B1.32 17 23.01.02 | B26: خطوط مرورية صفراء عاكسة بلاستيكية حرارية | C26: m² | D26: 495 | E26: 41 | F26: =E26*D26 -> 20295 | G26: Retroreflective Thermoplastic Yellow Traffic lines | H26: B1.32 17 23.01.02
A27: B1.32 17 23.03 | B27: علامات أرضية بارزة عاكسة (نوع - أ) | C27: nr | D27: 200 | E27: 30 | F27: =E27*D27 -> 6000 | G27: Retroreflective raised pavement markers (Type A) | H27: B1.32 17 23.03
A28: B1.32 17 23.04 | B28: علامات أرضية بارزة مصنوعة من السيراميك | C28: nr | D28: 200 | E28: 12 | F28: =E28*D28 -> 2400 | G28: Ceramic raised pavement markers | H28: B1.32 17 23.04
A29: B1.32 17 23.05 | B29: علامات أرضية مضيئة تعمل بالطاقة الشمسية (عيون القط) | C29: nr | D29: 200 | E29: 166 | F29: =E29*D29 -> 33200 | G29: Solar powered lighting cateyes pavement markers | H29: B1.32 17 23.05
A30: =H30 -> 10 14 53 | B30: اللوحات الإرشادية للطرق | G30: TRAFFIC SIGNAGE | H30: 10 14 53
A31: =H31 -> B1.10 14 53.01 | B31: لوحات مرورية المثبتة بالأرض مصنوعة من ألواح ألومنيوم مع حواملها القابلة للإنفصال بالقاعدة مكونة من لوحة مروريه وعمود واحد مع كافة الاكسسورات وكل ما يلزم حسب المخططات والمواصفات. | C31: nr | D31: 87 | E31: 1065 | F31: =E31*D31 -> 92655 | G31: Traffic signs, ground mounted, 1 Sheet Alumenium, (breakaway) Single post, with all accessories according to the drawings and specifications. | H31: B1.10 14 53.01
A32: =H32 -> B1.10 14 53.02 | B32: لوحات مرورية المثبتة بالأرض مصنوعة من ألواح ألومنيوم مع حواملها القابلة للإنفصال بالقاعدة مكونة من لوحتين مروريتين وعمود واحد مع كافة الاكسسورات وكل ما يلزم حسب المخططات والمواصفات. | C32: nr | D32: 74 | E32: 1479 | F32: =E32*D32 -> 109446 | G32: Traffic signs, ground mounted, 2 Sheet Alumenium, (breakaway) Single post, with all accessories according to the drawings and specifications. | H32: B1.10 14 53.02
A33: =H33 -> B1.10 14 53.03 | B33: لوحات مرورية مصنوعة من ألواح الإلمنيوم مع حواملها (قابلة للانفصال بالقاعدة) مكونة من لوحه مروريه وعمودين مع كافات الاكسسورات، وكل ما يلزم حسب المخططات والمواصفات. | C33: nr | D33: 6 | E33: 2011 | F33: =E33*D33 -> 12066 | G33: Traffic signs, ground mounted, Sheet Alumenium, (breakaway) Double post with all accessories according to the drawings and specifications. | H33: B1.10 14 53.03
B52: يتم ترحيل الطرق - إلى التجميع | C52: ريال سعودي | F52: =SUM(F8:F33) -> 3322242 | G52: CARRIED TO ROADS - COLLECTION
A53: خدمات أعمال الكهرباء والإتصالات | G53: DRY UTILITIES
A54: =H54 -> 31 23 00 | B54: خندق كابل الجهد المتوسط | G54: MEDIUM VOLTAGE CABLE TRENCH | H54: 31 23 00
A55: =H55 -> B2.31 23 00.01 | B55: حفر خندق كابل عرض 1.2 م وعمق 80 سم | C55: m³ | D55: =D59 -> 3817 | E55: 23 | F55: =E55*D55 -> 87791 | G55: Excavation for Trench size 1.2m wide and 80cm deep | H55: B2.31 23 00.01
A56: =H56 -> 33 71 19 | B56: عبارات كابلات الجهد المتوسط | G56: MEDIUM VOLTAGE CABLES DUCT BANKS | H56: 33 71 19
A57: =H57 -> B2.33 71 19.01 | B57: عبارات كوابل 4 مسارات (4x200mm duct) | C57: m | D57: 109 | E57: 573 | F57: =E57*D57 -> 62457 | G57: 4-way Duct Bank (4x200mm duct) | H57: B2.33 71 19.01
A58: =H58 -> 26 05 13.16 | B58: كيابل الجهد المتوسط | G58: MEDIUM VOLTAGE CABLES | H58: 26 05 13.16
A59: =H59 -> B2.26.05.13.16.01 | B59: كيبل جهد 33 ك.ف.400*3C مم2 AL/ XLPE/ LLDPE غير مسلح | C59: m | D59: 3817 | E59: 172 | F59: =E59*D59 -> 656524 | G59: Cable: 33KV 3Cx400mm² AL/XLPE/LLDPE unarmored | H59: B2.26.05.13.16.01
A60: =H60 -> B2.26.05.13.16.02 | B60: كابل نحاس أحادي القلب جهد 36 ك.ف غير مسلح (3x1Cx70mm²,Cu/LLDPE/PVC). | C60: m | D60: 90 | E60: 92 | F60: =E60*D60 -> 8280 | G60: Single Core Cables, Copper, 33kV (3x1Cx70mm²,AL/XLPE/PVC). | H60: B2.26.05.13.16.02
A61: =H61 -> B2.26.05.13.16.03 | B61: وصلات كيابل مستقيمة جهد 36 ك.ف. 3C x 400 مم2 Al /XLPE/LLDPE غير مسلح | C61: nr | D61: 60 | E61: 2615 | F61: =E61*D61 -> 156900 | G61: Straight joints cables for 36KV 3x400mm² AL/XLPE/LLDPE unarmored | H61: B2.26.05.13.16.03
A62: =H62 -> B2.26.05.13.16.04 | B62: نهاية كابل جهد 36 ك.ف. 3C x 400 مم2 Al /XLPE/LLDPE | C62: nr | D62: 40 | E62: 1534 | F62: =E62*D62 -> 61360 | G62: Cable Termination for 36KV 3Cx400mm² AL/XLPE/LLDPE | H62: B2.26.05.13.16.04
A63: 26 12 19 | B63: محولات المرافق المملوءة بالسوائل | G63: Liquid-Filled Utility Transformers | H63: 26 12 19
A64: B2.26 12 19.01 | B64: محطات فرعية مجمعة، 33/0.4 كيلو فولت | G64: UNIT substations , 33/0.4kV | H64: B2.26 12 19.01
B65: محطة فرعية نوع وحدة خارجية مع جميع وسائل الحماية والملحقات المطلوبة. تركيب واختبار وتشغيل الوحدة الرئيسية الحلقية والمحول مع لوحة توزيع الجهد المنخفض المتكاملة بالكامل وفقًا لمواصفات SEC القياسية تصنيف الطاقة وفقًا للرسومات والمستندات التعاقدية. الأنابيب ومسامير التثبيت. | G65: Fully functional unit Substation with all required protection and accessories. Installation, testing and commissioning of Ring Main Unit and Transformer with fully integrated Low Voltage Distribution Panel per SEC standard specifications Power rating as per contract drawings and documents. Conduits, anchor bolts.
A66: B2.26 12 19.01.02 | B66: محطة فرعية نوع وحدة خارجية 1,000 كيلو فولت أمبير، 33/0.4 كيلوفولت | C66: nr | D66: 7 | E66: 273919 | F66: =E66*D66 -> 1917433 | G66: 1000kVA, 33/0.4 KV unit substation | H66: B2.26 12 19.01.02
A67: B2.26 12 19.01.03 | B67: محطة فرعية نوع وحدة خارجية 1,500 كيلو فولت أمبير، 33/0.4 كيلوفولت | C67: nr | D67: 1 | E67: 323723 | F67: =E67*D67 -> 323723 | G67: 1500kVA, 33/0.4 KV unit substation | H67: B2.26 12 19.01.03
B93: يتم ترحيل شبكة التوزيع الكهربائية - إلى التجميع | C93: ريال سعودي | F93: =SUM(F55:F67) -> 3274468 | G93: CARRIED TO ELECTRICAL DISTRIBUTION NETWORK - COLLECTION
B94: إنارة الطرق | G94: ROAD LIGHTING
A95: =H95 -> 26 05 19 | B95: كابلات الضغط المنخفض | G95: LOW VOLTAGE CABLES | H95: 26 05 19
A96: B2.26 05 19.02 | B96: كابل نحاس, (4Cx10mm²,Cu/XLPE/SWA/PVC +1x10mm² PVC/PVC) | C96: m | D96: 3 | E96: 32 | F96: =E96*D96 -> 96 | G96: Cables, Copper, (4Cx10mm²,Cu/XLPE/SWA/PVC +1x10mm² PVC/PVC) | H96: B2.26 05 19.02
A97: B2.26 05 19.03 | B97: كابل الومنيوم, (4Cx300mm²,AL/XLPE/PVC). | C97: m | D97: 2637 | E97: 89 | F97: =E97*D97 -> 234693 | G97: Cables, Aluminium, (4Cx300mm²,AL/XLPE/PVC). | H97: B2.26 05 19.03
A98: B2.26 05 19.04 | B98: كابل الومنيوم, (4Cx70mm²,AL/XLPE/PVC). | C98: m | D98: 400 | E98: 23 | F98: =E98*D98 -> 9200 | G98: Cables, Aluminium, (4Cx70mm²,AL/XLPE/PVC). | H98: B2.26 05 19.04
A99: B2.26 05 19.05 | B99: كابل نحاس, (4Cx6mm²,Cu/XLPE//PVC + 1x6mm² PVC/ECC). | C99: m | D99: =(392+457+392+308+385+325+301+387+528+385+399+534) -> 4793 | E99: 32 | F99: =E99*D99 -> 153376 | G99: Cables, Copper, (4Cx6mm²,Cu/XLPE/PVC + 1x6mm² PVC/ECC). | H99: B2.26 05 19.05
A100: 26 05 33 | B100: مسارات وصناديق للأنظمة الكهربائية | G100: Raceway and Boxes for Electrical Systems | H100: 26 05 33
A101: 26 05 33.01 | B101: المواسير من البولي ايثلين خطوط بقطر 50 مم | C101: m | D101: =D99 -> 4793 | E101: 56 | F101: =E101*D101 -> 268408 | G101: 50 mm diameter PVC Conduit | H101: 26 05 33.01
A102: =H102 -> 26 56 19 | B102: أعمدة إنارة | G102: LIGHTING POLES | H102: 26 56 19
A103: =H103 -> B2.26 56 19.01 | B103: أعمدة انارة الشوارع خارجية ديكورية من الحديد المجلفن المدهون حسب رغبة المالك بذراع 1 متر وبإرتفاع 8 متر تشمل علبة توزيع الطاقة والكوابل، والقاعدة الخرسانية | C103: nr | D103: 10 | E103: 2615 | F103: =E103*D103 -> 26150 | G103: Street Lighting Hot dip galvanized steel 8-meter, 1-meter single arm high pole including the power distribution box, cables , and RCC foundation. Type R1 | H103: B2.26 56 19.01
A104: =H104 -> B2.26 56 19.02 | B104: أعمدة انارة الشوارع خارجية ديكورية من الحديد المجلفن المدهون حسب رغبة المالك بذراعين أحدهما 1 متر والآخر 3 متر وبإرتفاع 8 متر تشمل علبة توزيع الطاقة والكوابل، والقاعدة الخرسانية | C104: nr | D104: 2 | E104: 2988 | F104: =E104*D104 -> 5976 | G104: Street Lighting Hot dip galvanized steel 8-meter, double arm one of them is 1-m and the second is 3-m high pole including the power distribution box, cables , and RCC foundation. Type R2 | H104: B2.26 56 19.02
A105: =H105 -> B2.26 56 19.03 | B105: أعمدة انارة الشوارع خارجية ديكورية من الحديد المجلفن المدهون حسب رغبة المالك بذراع 3 متر وبإرتفاع 8 متر تشمل علبة توزيع الطاقة والكوابل، والقاعدة الخرسانية | C105: nr | D105: 106 | E105: 3299 | F105: =E105*D105 -> 349694 | G105: Street Lighting Hot dip galvanized steel 8-meter, 3-meter single arm high pole including the power distribution box, cables , and RCC foundation. Type R3 | H105: B2.26 56 19.03
A106: =H106 -> 26 56 19 | B106: وحدات إنارة الشوارع | G106: STREET LIGHTING LUMINAIRE | H106: 26 56 19
A107: B2.26 56 19.01 | B107: وحدة إنارة LED نظام اضاءة 92 وات (13000 Lumen) وبظام حماية من العوامل الجوية شاملا الأسلاك | C107: nr | D107: =(2*D104+D103+D105) -> 120 | E107: 965 | F107: =E107*D107 -> 115800 | G107: Street Lighting ( LED) Luminaire with 92 Watt, 13000 Lumen LED luminaire light complete with wiring, | H107: B2.26 56 19.01
A108: =H108 -> 26 05 26 | B108: نظام التاريض | G108: EARTHING SYSTEM | H108: 26 05 26
A109: =H109 -> B2.26 05 26.01 | B109: يشمل تأريض الأعمدة والصوارى وكبائن التغذية ومحطة التوزيع ووحدات الربط الحلقي ومغذيات الجهد المنخفض لدوائر الإنارة وعداد قياس الطاقة. | C109: nr | D109: 185 | E109: 1296 | F109: =E109*D109 -> 239760 | G109: Including earthing of lighting poles ,masts. feeder pillars , unit substations, RMU, L.V feeders and KWH meter. | H109: B2.26 05 26.01
A110: =H110 -> 33 71 19 | B110: عبارات عبور كابلات الطرق | G110: ROAD CROSSING DUCTS | H110: 33 71 19
A111: 33 71 19 .01 | B111: عبارة طرق لكابلات إنارة شوارع ذات أثنين منفذ من مواسير بوليفنيل الكلوريد (2x110 مم) | C111: m | D111: 80 | E111: 308 | F111: =E111*D111 -> 24640 | G111: Road crossing ducts, 2 way (2 x 110mm PVC) | H111: 33 71 19 .01
A112: 33 71 19 .02 | B112: عبارة طرق لكابلات إنارة شوارع ذات ثلاث منافذ من مواسير بوليفنيل الكلوريد (3x110 مم) | C112: m | D112: 66 | E112: 308 | F112: =E112*D112 -> 20328 | G112: Road crossing ducts, 3 way (3 x 110mm PVC) | H112: 33 71 19 .02
A113: 34 71 19 .03 | B113: عبارة طرق لكابلات إنارة شوارع ذات أربعة منافذ من مواسير بوليفنيل الكلوريد (4x110 مم) | C113: m | D113: 21 | E113: 573 | F113: =E113*D113 -> 12033 | G113: Road crossing ducts, 4 way (4 x 110mm PVC) | H113: 34 71 19 .03
A114: 34 71 19 .04 | B114: عبارة طرق لكابلات إنارة شوارع ذات ست منافذ من مواسير بوليفنيل الكلوريد (6x110 مم) | C114: m | D114: 30 | E114: 838 | F114: =E114*D114 -> 25140 | G114: Road crossing ducts,6 way (6 x 110mm PVC) | H114: 34 71 19 .04
A115: =H115 -> 26 24 16 | B115: لوحات الانارة وكبائن التوزيع | G115: LIGHTING PANELS | H115: 26 24 16
A116: =H116 -> B2.26 24 16.01 | B116: لوحات توزيع الانارة | C116: nr | D116: 3 | E116: 11081 | F116: =E116*D116 -> 33243 | G116: Street Lighting Feeder pillars | H116: B2.26 24 16.01
A117: =H117 -> B2.26 24 16.02 | B117: توريد وتركيب جدار مع الإطار لتركيب عداد قياس الطاقة من بلوك خرساني حسب معايير ومواصفات الشركة السعودية للكهرباء. | C117: nr | D117: 3 | E117: 934 | F117: =E117*D117 -> 2802 | G117: Supply and installation of concrete wall including the frame and the concrete block wall for installation of KWH meter according to the standards and specifications of SEC. | H117: B2.26 24 16.02
B124: يتم ترحيل شبكة التوزيع الكهربائية - إلى التجميع | C124: ريال سعودي | F124: =SUM(F96:F117) -> 1521339 | G124: CARRIED TO ELECTRICAL DISTRIBUTION NETWORK - COLLECTION
B125: الاتصالات | G125: TELECOMMUNICATIONS
A126: =H126 -> 33 71 19 | B126: عبارات عبور كابلات الطرق من الخرسانة المسلحة | G126: ROAD CROSSING REINFORCED CONCRETE ENCASEMENT DUCTS | H126: 33 71 19
A127: =H127 -> B2.33 71 19.05 | B127: عبارات عبور الطريق من المواسير البولي ايثلين 6 خطوط بقطر 50 مم | C127: m | D127: 87 | E127: 178 | F127: =E127*D127 -> 15486 | G127: 6 way 50mm HDPE duct | H127: B2.33 71 19.05
A128: =H128 -> B2.33 71 19.06 | B128: عبارات عبور الطريق من المواسير البولي ايثلين 6 خطوط بقطر 50 مم+12 خطوط بقطر 32 مم | C128: m | D128: 40 | E128: 205 | F128: =E128*D128 -> 8200 | G128: 6 way 50mm + 12 way 32mm HDPE duct | H128: B2.33 71 19.06
A129: =H129 -> B2.33 71 19.07 | B129: عبارات عبور الطريق من المواسير البولي ايثلين 6 خطوط بقطر 50 مم+8 خطوط بقطر 32 مم | C129: m | D129: 7 | E129: 199 | F129: =E129*D129 -> 1393 | G129: 6 way 50mm + 8 way 32mm HDPE duct | H129: B2.33 71 19.07
A130: =H130 -> B2.33 71 19.08 | B130: عبارات عبور الطريق من المواسير البولي ايثلين 6 خطوط بقطر 50 مم+4 خطوط بقطر 32 مم | C130: m | D130: 14 | E130: 193 | F130: =E130*D130 -> 2702 | G130: 6 way 50mm + 4 way 32mm HDPE duct | H130: B2.33 71 19.08
A131: =H131 -> B2.33 71 19.09 | B131: عبارات عبور الطريق من المواسير البولي ايثلين 6 خطوط بقطر 50 مم+2 خطوط بقطر 32 مم+ 1خطوط بقطر 16 مم | C131: m | D131: 21 | E131: 193 | F131: =E131*D131 -> 4053 | G131: 6 way 50mm + 2 way 32mm+1way 16mm HDPE duct | H131: B2.33 71 19.09
A132: B2.33 71 19.10 | B132: عبارات عبور الطريق من المواسير البولي ايثلين 6 خطوط بقطر 50 مم+2 خطوط بقطر 32 مم | C132: m | D132: 12 | E132: 193 | F132: =E132*D132 -> 2316 | G132: 6 way 50mm + 2 way 32mm | H132: B2.33 71 19.10
A133: =H133 -> B2.33 71 19.11 | B133: عبارات عبور الطريق من المواسير البولي ايثلين 12 خطوط بقطر 50 مم+8 خطوط بقطر 32 مم | C133: m | D133: 16 | E133: 224 | F133: =E133*D133 -> 3584 | G133: 12 way 50mm + 8 way 32mm HDPE duct | H133: B2.33 71 19.11
A134: =H134 -> B2.33 71 19.12 | B134: عبارات عبور الطريق من المواسير البولي ايثلين 12 خطوط بقطر 50 مم+2 خطوط بقطر 32 مم | C134: m | D134: 12 | E134: 212 | F134: =E134*D134 -> 2544 | G134: 12 way 50mm + 2 way 32mm HDPE duct | H134: B2.33 71 19.12
A135: =H135 -> B2.33 71 19.13 | B135: عبارات عبور الطريق من المواسير البولي ايثلين 8 خطوط بقطر 32 مم | C135: m | D135: 57 | E135: 187 | F135: =E135*D135 -> 10659 | G135: 8 way 32mm HDPE duct | H135: B2.33 71 19.13
A136: =H136 -> B2.33 71 19.14 | B136: عبارات عبور الطريق من المواسير البولي ايثلين 4 خطوط بقطر 32 مم | C136: m | D136: 26 | E136: 162 | F136: =E136*D136 -> 4212 | G136: 4 way 32mm HDPE duct | H136: B2.33 71 19.14
A137: =H137 -> 33 71 19 | B137: عبارات عبور كابلات الطرق من الخرسانة الغير مسلحة | G137: UNREINFORCED CONCRETE DUCTS | H137: 33 71 19
A138: =H138 -> B2.33 71 19.14 | B138: عبارات عبور الطريق من المواسير البولي ايثلين | C138: m | D138: 34 | E138: 178 | F138: =E138*D138 -> 6052 | G138: HDPE duct | H138: B2.33 71 19.14
A139: =H139 -> 33 71 19 | B139: العبارات | G139: DUCTS | H139: 33 71 19
A140: =H140 -> B2.33 71 19.15 | B140: المواسير من البولي ايثلين 2 خطوط بقطر 32 مم | C140: m | D140: 311 | E140: 50 | F140: =E140*D140 -> 15550 | G140: 2 x 32 mm diameter HDPE ducts | H140: B2.33 71 19.15
A141: =H141 -> B2.33 71 19.16 | B141: المواسير من البولي ايثلين 2 خطوط بقطر 32 مم+1 خطوط بقطر 16 مم | C141: m | D141: 613 | E141: 55 | F141: =E141*D141 -> 33715 | G141: 2 x 32 mm +1 x 16mm diameter HDPE ducts | H141: B2.33 71 19.16
A142: =H142 -> B2.33 71 19.17 | B142: المواسير من البولي ايثلين 8 خطوط بقطر 32 مم | C142: m | D142: 50 | E142: 62 | F142: =E142*D142 -> 3100 | G142: 8x 32mm diameter HDPE ducts | H142: B2.33 71 19.17
A143: =H143 -> B2.33 71 19.18 | B143: المواسير من البولي ايثلين4 خطوط بقطر 32 مم | C143: m | D143: 56 | E143: 56 | F143: =E143*D143 -> 3136 | G143: 4x 32mm diameter HDPE ducts | H143: B2.33 71 19.18
A144: =H144 -> B2.33 71 19.19 | B144: المواسير من البولي ايثلين 6 خطوط بقطر 50 مم | C144: m | D144: 467 | E144: 60 | F144: =E144*D144 -> 28020 | G144: 6 x 50 mm diameter HDPE ducts | H144: B2.33 71 19.19
A145: =H145 -> B2.33 71 19.20 | B145: المواسير من البولي ايثلين 6 خطوط بقطر 50 مم+2 خطوط بقطر 32 مم | C145: m | D145: 69 | E145: 62 | F145: =E145*D145 -> 4278 | G145: 6 x 50 mm +2 x 32mm diameter HDPE ducts | H145: B2.33 71 19.20
A146: =H146 -> B2.33 71 19.21 | B146: المواسير من البولي ايثلين 6 خطوط بقطر 50 مم+2 خطوط بقطر 32 مم+1 خطوط بقطر 16 مم | C146: m | D146: 230 | E146: 68 | F146: =E146*D146 -> 15640 | G146: 6 x 50 mm +2 x 32mm+1 x 16mm diameter HDPE ducts | H146: B2.33 71 19.21
A147: =H147 -> B2.33 71 19.22 | B147: المواسير من البولي ايثلين 6 خطوط بقطر 50 مم+8 خطوط بقطر 32 مم | C147: m | D147: 19 | E147: 93 | F147: =E147*D147 -> 1767 | G147: 6 x 50 mm +8 x 32mm diameter HDPE ducts | H147: B2.33 71 19.22
A148: =H148 -> B2.33 71 19.23 | B148: المواسير من البولي ايثلين 6 خطوط بقطر 50 مم+12 خطوط بقطر 32 مم | C148: m | D148: 32 | E148: 112 | F148: =E148*D148 -> 3584 | G148: 6 x 50 mm +12 x 32mm diameter HDPE ducts | H148: B2.33 71 19.23
A149: =H149 -> B2.33 71 19.24 | B149: المواسير من البولي ايثلين 12 خطوط بقطر 50 مم+8 خطوط بقطر 32 مم | C149: m | D149: 4 | E149: 123 | F149: =E149*D149 -> 492 | G149: 12 x 50 mm +8 x 32mm diameter HDPE ducts | H149: B2.33 71 19.24
A150: =H150 -> B2.33 71 19.25 | B150: المواسير من البولي ايثلين 12 خطوط بقطر 50 مم+28 خطوط بقطر 32 مم | C150: m | D150: 18 | E150: 187 | F150: =E150*D150 -> 3366 | G150: 12 x 50 mm +2x 32mm diameter HDPE ducts | H150: B2.33 71 19.25
...

Sheet Cover3
B4: مدن | J4: MODON
B5: الهيئة السعودية للمدن الصناعية ومناطق التقنية | J5: SAUDI AUTHORITY FOR INDUSTRIAL CITIES AND TECHNOLOGY ZONES
B12: المدينة الصناعية الأولى بالخرج | J12: Kharj 1st Industrial City
B15: ='General Summary '!D3 -> اسم المشروع: تطوير شبكات البنية التحتية في المدينة الصناعية بالخرج | N15: ='General Summary '!C3 -> Development of Infrastructure in Kharj Industrial City
B18: مبنى المسجد ومهبط الطائرات | J18: Mosque and helipad
B23: جدول الكميات | J23: BILL OF QUANTITIES
B28: نوفمبر- 25 | J28: 45972

Sheet Preamble3
A1: اسم المشروع: تطوير شبكات البنية التحتية في المدينة الصناعية بالخرج | D1: ='General Summary '!C3 -> Development of Infrastructure in Kharj Industrial City
A2: جدول الكميات | D2: BILL OF QUANTITIES
B5: مقدمة البنود - مكونات البنود | C5: ITEMS PREAMBLE - ITEMS CONTENTS
B6: أعمال الموقع والأعمال الترابية | C6: Site and Earth Works
A7: 1.1 | B7: يعتبر المقاول من خلال زيارته للموقع بأنه قام بفحص واستكشاف الموقع ومحيطه وأنه قام بتحديد والأخذ بعين الاعتبار عند إعطاء أسعاره كافة التكاليف الإضافية المتعلقة بهدم (بشكل حذر) المنشآت القائمة وطرق الوصول إلى الموقع وإزالة طبقات الأعشاب الموجودة والخرسانة والأرصفة وطبقات الرصف والاسفلت وأحجار الارصفة و التربة العلوية والسياج وحماية خطوط الخدمات القائمة وكافة ملحقاتها...الخ. | C7: The Contractor shall be deemed to have inspected and examined the Site and it's surroundings, and identified, considered and deemed to included all costs related to (carefully)demolition of existing structures, access roads, existing turfs, concrete, flagging, paving, curbing, road-metalling, topsoil, fencing, demolish and seal existing services, protection of existing service lines, accessories etc., and cart away debris, as directed by the Engineer and return of surface to its original conditions. | D7: 1.1
A8: 1.2 | B8: يشمل الهدم وإخلاء الموقع أيضا التخلص من المواد الناتجة وردم الفراغات باستخدام المواد المناسبة ما لم يتم التوجيه بغير ذلك. بالاعتماد على زيارة الموقع والمعلومات المتوفرة، على المتقدم للعطاء أن يشمل فوق سعره تكاليف إزالة المخلفات الملقاة وإزالة طبقات الرصف في الأرصفة والجزر الوسطية... ألخ. والتخلص من المخلفات إلى الأمكان العمومية المسموح بها حسب تعليمات المهندس وإعادة السطح إلى حالته الأصلية باستثناء ما تم قياسه بشكل منفرد أو تم وصفه في مكان آخر. يجب على المتقدم للعطاء أن يشمل في سعره جميع التكاليف الإضافية والناتجة عن إزالة خطوط الخدمات والمياه والكهرباء وصرف مياه الأمطار والصرف الصحي والهاتف ...ألخ. وتعديل مسارها في حال استخدامها من أجل تشغيل مباني قائمة أخرى كما تشمل إعادة السطح إلى حالته الأصلية باستثناء ما تم قياسه بشكل منفرد أو تم وصفه في مكان آخر. | C8: Item for Demolition and Site clearance shall also include disposal of the materials arising and backfilling of voids with suitable material except as otherwise directed. Based on site visit & available information, the tenderer shall allow in above rates for all Removal of dumped rubbish, removal of sidewalk & median pavements etc, and cart away debris, as directed by the Engineer and return of surface to its original conditions , unless otherwise measured separately or specified elsewhere. The tenderer shall allow in his rates for all extra costs for removal of underground utility lines, water, electrical, storm, sanitary, telephone, etc., including return of surface to its original conditions, unless otherwise measured separately or specified elsewhere. as well as ultimate development/design requirements, and to price comprehensively. | D8: 1.2
A9: 1.3 | B9: يتم حساب كميات الأعمال الترابية على أساس صافي الأبعاد الناتجة عن المخططات مع عدم السماح بمخصصات للزيادة أو النقصان أو الإهدار أو مساحات العمل. تشمل أسعار أعمال الحفر الحفاظ على الحفر جافة بالطرق المعتمدة | C9: The quantities of earthworks shall be computed net using dimensions from the Drawings with no allowance for bulking, shrinkage, waste or working space. Rates for excavation shall include for keeping excavations free from water by acceptable means. | D9: 1.3
A10: 1.4 | B10: أسعار الحفر (في مناطق القطع) تشمل تثبيت مستوى السطح النهائي المتكون طبقا للمواصفات. على المتقدمين للمناقصة الرجوع إلى المعلومات والتقارير الجيولوجية المتوفرة بخصوص حالة التربة والقيام باستكشاف الموقع بشكل ملائم للحصول على فهم كامل لحالة الارض و التربة في الموقع قبل وضع الأسعار في جدول الكميات ويجب تضمين أية تكلفة أضافية متعلقة بفحص التربة وبأعمال الحفر. ويتضمن البند الحفر في جميع انواع التربة (ترابية أو صخرية) ما لم يتم قياس الحفر في التربه الصخريه في بند منفصل. | C10: Excavation prices (in cut areas) includes installing the final surface formed according to the specifications. The Tenderers are to refer to the information and geological reports that are available relating to the condition of the soil as well as exploring the site properly to get a full understanding of the status of the land and soil at the site before pricing of the bill of quantities. Rates must include any additional costs related to examination of the soil and excavation work. The item includes excavation in all types of soil (including rocks and hard material that requires special equipment), unless otherwise measured separately or specified elsewhere | D10: 1.4
A11: 1.5 | B11: تعتبر تكاليف أعمال الحفر في مناطق القطع متضمنة لحميع الموارد المطلوبة الإضافية والمصاريف المتعلقة بالحفر لجميع الأعماق ما لم يتم قياسها بشكل منفرد. | C11: Excavation for cuttings; deemed to be included all additional resources and expenses related to various and all depths, unless otherwise measured seperately. | D11: 1.5
A12: 1.6 | B12: تشمل أسعار المواد المستخدمة في الردم من خارج الموقع الحفر في الموقع الخارجي (عند الحاجة) والنقل والتفريغ والدمك في طبقات حسب المواصفات. يجب أن تكون المواد المستوردة من خارج الموقع خالية من أية مواد عضوية أو نفايات أو أتربة سطحية أو صخور... الخ حسب المواصفات وباعتماد المهندس. | C12: The rate for imported fill material shall deemed to include borrow pit excavation, hauling, placement and compaction in layers as specified. Imported material must be free from all organic materials, waste, top soil, rock, etc., as specified, and to approval of the Engineer. | D12: 1.6
A13: 1.7 | B13: لن يتم دفع تكاليف تكديس المواد والمناولة المزدوجة للمواد التي يتم حفرها على أن يتضمنها المقاول في الأسعار المقدمة ما لم يتم قياسها بشكل منفرد. | C13: Stockpiling and Double handling of excavated material shall not be payed seperately and the Contractor shall be deemed to have included in his rates, unless measured seperately. | D13: 1.7
A14: 1.8 | B14: التكاليف الخاصة بقطع وتجهيز الأسطح التي يتم حفرها متضمنة في أسعار الحفر ذات الصلة. | C14: Trimming and preparation of excavated surfaces, are deemed to be included within the relevant excavation rates. | D14: 1.8
A15: 1.10 | B15: التكاليف الخاصة بقطع وتجهيز الأسطح التي تم ردمها متضمنة في أسعار الردم ذات الصلة. | C15: Trimming and preparation of filled surfaces, are deemed to be included within the relevant filling rates. | D15: 1.10
A16: 1.11 | B16: يجب أن تشمل أسعار المتقدم للمناقصة فيما يتعلق بالحفر أية تكاليف إضافية للحفر في أي مواد مثل التربة الترسيبية والرمال والصخور وإجراء الحفر و الردم في أوضاع التربة الغير مناسبة و معالجة التربة و الحفر علي أي أعماق والحفر تحت منسوب المياه العادي والحفر حول المرافق والخدمات القائمة و العمل ضمن مناطق محصورة وعالية الخطورة وإزالة تلك المرافق والخدمات المهملة وغير المستخدمة ودعم الجوانب العمودية ومساحات العمل وردم المناطق غير الثابتة أثناء الحفر ما لم يتم قياسها بشكل منفرد أوما لم ينص على خلاف ذلك. | C16: The tenderer shall allow in his earthworks rates for all extra costs; for excavating in any material including running silt, running sand and rock, additional cut and fill for unsuitable soil conditions, soil treatments, commencing excavation at any depth, excavating below the normal water table, excavating around existing services and mains, working in restricted areas, high risk areas, the removal of dead services , supporting the vertical sides or excavations, working space and filling soft spots , unless otherwise measured separately or specified elsewhere. | D16: 1.11
A17: 1.12 | B17: يجب أن تشمل أسعار المتقدم للمناقصة تكاليف ازالة مواد ناتج الحفر الزائدة الى المقالب العمومية المعتمدة التى تحددها الجهات المختصة | C17: The price of the contractor must include costs for materials disposal to public landfills approved by the competent authorities | D17: 1.12
B18: أعمال الخرسانة | C18: CONCRETE Works
A19: 2.1 | B19: تشمل الأسعار الخاصة بالخرسانة المصبوبة في الموقع توفير الخرسانة وصبها ويشمل ذلك كافة الوصلات وموانع التسرب وخلاطات الخرسانة والأوتاد وأساليب التحكم في الشقوق وملحقات خرسانية والإضافات والتحبيب والأعمال النهائية لتمليس السطح الخ ما لم ينص على خلاف ذلك | C19: The rates inserted for in-situ concrete in all classifications shall include for provision of concrete, and placing of concrete including all joints, water stops, rebates, groves, dowels, crack controls, concrete accessories, inserts, grouting and finishing to top surface, etc, unless otherwise measured separately. | D19: 2.1
A20: 2.2 | B20: تشمل الأسعار الخاصة بالخرسانة العادية الشدات وفي الأركان أو أي أبعاد إضافية للخرسانة طبقا لما يراه المقاول مناسبا | C20: The rates for blinding shall include for shuttering at edges or additional width of concrete at the discretion of the Contractor. | D20: 2.2
A21: 2.3 | B21: تشمل الأسعار الخاصة بالخرسانة لكافة الفئات التجويفات والفراغات وتثبيت البراغي وفتحات التثبيت | C21: The rates for concrete in all classifications shall include for forming mortises and holes, which shall include mortises for holding down bolts and weep holes. | D21: 2.3
A22: 2.4 | B22: تشمل الأسعار الخاصة بالخرسانة المسلحة الشدات بكافة أنواعها وحديد التسليح والخرسانات وكل مايلزم طبقا لما يراه المقاول مناسبا لإنهاء العمل حسب المخططات والمتطلبات الخاصة بالمواصفات. | C22: The rates for reinforcement concrete shall include all type of shuttering ,steel, concrete, as the discretion of the Contractor according to the Drawings and requirements of the Specification.. | D22: 2.4
A23: 2.5 | B23: بما لا يتعارض مع قاعدة القياس M10 يجب أن يتضمن المقاول في أسعاره إنشاء كافة الوصلات التي قد لا تكون موضحة تفصيلا أو موجودة في المخططات والمتطلبات الخاصة بالمواصفات | C23: Notwithstanding measurement rule M10, the Contractor shall be deemed to have included in his rates for all construction joints not expressly detailed or located on the Drawings and requirements of the Specification. | D23: 2.5
A24: 2.6 | B24: بما لا يتعارض مع قاعدة القياس M13 to M16 يجب أن يتضمن المقاول في أسعاره إنشاء كافة الملحقات الخرسانية التي قد لا تكون موضحة تفصيلا أو موجودة في المخططات والمتطلبات الخاصة بالمواصفات | C24: Notwithstanding measurement rule M13 to M16, the Contractor shall be deemed to have included in his rates for all concrete accessories not expressly detailed or located on the Drawings and requirements of the Specification. | D24: 2.6
A25: 2.7 | B25: تشمل الأسعار الخاصة بالدعامات أعمال الثني والتمليس والقطع المنحني وأسلاك الربط واللفات والكتل والجلسات والفواصل | C25: The rates for reinforcement shall include for bending, raking and curved cutting, notching, tying wire, laps, distance blocks, chairs and spacers. | D25: 2.7
A26: 2.8 | B26: تشمل الأسعار الخاصة بالخرسانة سابقة التجهيز الشدات أو القوالب والتشكيل ومواد الوصلات وفواصل التغطية ومواد التبطين مقاومة للمياه وأغطية خاصة ووصلات خاصة بين الوحدات وهياكل وروابط وصبات وأي وسائل تثبيت أخرى وتمليس وتشطيب مسبق ونهائي | C26: The rates for pre-cast concrete shall include shuttering or moulds, bedding, pointing, expansion material, cover strips, damp proof membranes, special sealing and special pointing between units and units and structure, anchor bolts, casting, other fixing devices, grouting and pre & final finishes | D26: 2.8
A27: 2.9 | B27: تشمل عناصر الخرسانة سابقة التجهيز كافة التكاليف المرتبطة بالتصنيع والتوريد والنقل للموقع والتفريغ والتخزين في الموقع وتكلفة كافة العمليات في الموقع من النقل والصب والتركيب بما فيها أجور الكرينات (الونش)وتنفيذ الأعمال على أكمل وجه وتشمل اختبارات الأنظمة بالمصنع والموقع والانظمة النهائية وبدء التنفيذ والصيانة والتأمين على المعدات في الموقع الخ طبقا للمخططات والمواصفات | C27: Pre-cast concrete components shall include for all costs associated with manufacture, supply, transportation to site, offloading, on-site storage, the cost of all operations at the site, site transportation, erection and installation, setting to work, including factory, site and final system tests and for commissioning, maintenance and insurance of the equipment on site, etc., all as specified and according to drawings | D27: 2.9
A28: 2.10 | B28: تشمل الأسعار الخاصة بصب الخرسانة والأعمال الترابية والخرسانة العادية والشدات وأعمال المبانى وأعمال التشطيبات النهائية وكافة الأعمال المدنية الضرورية ما لم يتم قياسها بشكل منفصل | C28: The rate for placing of concrete deemed to be including , earthworks, blinding, steps, masonry, concreting, final finishes and all other civil works as necessary, unless measured separately | D28: 2.10
A29: 2.11 | B29: أعمال البردورات مسبقة الصب وتشمل صب خرسانة الأساسات بالموقع، المونة الأسمنتية ، التسليح ، الحفر ، الردم ، الدمك ، الدهانات والتخلص من المخلفات وانهاء الأعمال على النحو المطلوب طبقاً لمعايير الجهات المختصة والمواصفات والمخططات التصميمية. | C29: Pre-cast concrete kerbs including in-situ concrete foundation, hunching, cement mortar, dowel bars, jointed and pointed in mortar, excavation, filling, compaction, disposal including painting and final finishes etc., all in accordance with authority standards and complete as per specifications and drawings | D29: 2.11
A30: 2.12 | B30: أعمال القواعد الخرسانية لأعمدة الإنارة واللواحات والمرورية والإرشادية تعتبر متضمّنة | C30: RCC foundations for light poles and traffic signs are considered part of the main items | D30: 2.12
B31: أعمال المواسير والتركيبات والصمامات | C31: PIPEWORK , PIPES AND FITTINGS AND VALVES
A32: 3.1 | B32: أعمال المواسير: | C32: Pipeworks: | D32: 3.1
B33: يشمل قياس أعمال المواسيرما يلي: - توريد و تشوين المواسير والقطع الخاصة - الحفر في جميع أنواع التربة (الترابية والصخرية) وإعداد الأسطح وإزالة المخلفات و يشمل تدعيم الجوانب الخاصة بالحفر وإزالة المرافق والخدمات المهملة وغير المستخدمة و نزح المياه - تركيب المواسير والقطع الخاصة في الخنادق المخصصة شاملا طبقه الأساس تحت المواسير و الطبقة المحيطة و الشريط التحذيري - الردم ويشمل الدمك باستخدام المواد المعتمدة طبقا للإجراءات الخاصة بالجهات المختصة - الحماية والدعامات الخرسانية (ان وجدت) وفقا للرسومات و المواصفات -جميع الاعمال اللازمه لربط الشبكات الجديده علي الشبكات القائمه وعمل كافة الاختبارات اللازمه وإعاده الوضع كما كان عليه وكافة الاعمال اللازمة لأتمام البند الحماية الخاصة للمرافق والخدمات المجاورة أو الطبقات المتعددة من المواسير - الاختبارات والتنظيف النهائي والغسيل والتعقيم - جميع الاعمال اللازمة لإنهاء تركيب المواسير. - جميع الاعمال يتم تنفيذها وفقا للرسومات و المواصفات الفنيه. | C33: The rate for pipeworks shall include the following: - supply and storage of pipes and special parts. - excavation in all types of soil (including rock), surface preparation, demlition, upholding the vertical sides of excavations, the removal of dead services, and dewatering. - installation of pipes and special parts in the proposed trenches including the foundation layer under pipes and the surrounding layer and caution tape. - Backfilling including compaction with approved materials all in accordance with authority regulations. - Concrete Stools and Thrust Blocks (if any) indicated in the relevant drawings and specifications. -All necessary items to interface between the new networks and the existing networks, all necessary testing, return of surface to its original conditions.and all other items to complete this item. - Special protection for utilities adjacent or multiple pipe laying, and pipe supports. - Commissioning, final cleaning, flushing and sterilisation of works. - All the works required to complete the installation of pipes. - All the works shall be in accordance with the Drawings and Specifications.
A34: 3.2 | B34: أعمال غرف المحابس و المطابق: | C34: Valve Chambers and Manholes: | D34: 3.2
B35: يشمل قياس أعمال غرف المحابس و المطابق ما يلي: - توريد المواسير والقطع الخاصة - الحفر في جميع أنواع التربة (الترابية والصخرية) وإعداد الأسطح وإزالة المخلفات ويشمل تدعيم الجوانب الخاصة بالحفر وإزالة المرافق والخدمات المهملة وغير المستخدمة و نزح المياه. - جميع الاعمال الخرسانية و تشمل الاساسات و الحوائط و الاسقف و الكراسى والدعمات الخرسانية وكتل التثبيت الخرسانية وكافة المتطلبات طبقا للمخططات والمواصفات ذات الصلة مثل دهان بيتوميني وطبقات نيوبرين.....الخ. - أعمال البناء وفرشة المونة وأعمال مقاومة المياه والدرج والاغطيه والإطارات ,و سلسله الدعم و السلامة وجميع الوصلات. - تركيب المواسير والقطع الخاصه - الحماية الخاصة للمرافق والخدمات المجاورة أو الطبقات المتعددة من المواسير - الاختبارات والتنظيف النهائي والغسيل والتعقيم - جميع الاعمال اللازمه لانهاء غرف المحابس و تركيب المواسير. - جميع الاعمال يتم تنفيذها وفقا للرسومات و المواصفات الفنيه | C35: The rate for Valve Chambers and Manholes shall include the following: - supply of pipes and special parts. - excavation in all types of soil (including rock), surface preparation, demlition, upholding the vertical sides of excavations, the removal of dead services, and dewatering. - All the concrete works including foundation, walls, slabs, stools, and thrust blocks and all the requirements in accordance with the Drawings and Soecifications such as bituminous coat, neoprene layer, etc. - All the civil works, mortar, waterproofing, stairs, covers, frames and chainlinks. - installation of pipes and special parts. - Special protection for utilities adjacent or multiple pipe laying, and pipe supports. - Commissioning, final cleaning, flushing and sterilisation of works. - All the works required to complete the installation of valve chambers and manholes. - All the works shall be in accordance with the Drawings and Soecifications.
A36: 3.3 | B36: حنفيات الحريق | C36: Fire Hydrants | D36: 3.3
B37: تشمل تكلفة حنفيات الحريق ما يلي: - توريد حنفيات الحريق والصمامات و المواسير والقطع الخاصة - الحفر في جميع أنواع التربة (الترابية والصخرية) وإعداد الأسطح وإزالة المخلفات ويشمل تدعيم الجوانب الخاصة بالحفر وإزالة المرافق والخدمات المهملة وغير المستخدمة و نزح المياه. - كافة أعمال تركيب المواسير والصمامات وصناديق الصمامات وملحقاتها وحواجز التأمين والتركيبات اللازمة والملحقات وأعمال البناء. - جميع الاعمال اللازمه لانهاء تركيب حنفيات الحريق. - جميع الاعمال يتم تنفيذها وفقا للرسومات و المواصفات الفنيه | C37: The rate for fire hydrants shall include the following: - Supply of fire hydrants, valves, pipes and special parts. - Excavation in all types of soil (including rock), surface preparation, demlition, upholding the vertical sides of excavations, the removal of dead services, and dewatering. - All the works required for pipework, valves, surface boxes, accessories, protection barricades, necessary fittings, and accessories, and civil works, - All the works required to complete the installation of fire hydrants. - All the works shall be in accordance with the Drawings and Specifications.
A38: 3.4 | B38: الصمامات المردومة | C38: Buried Valves | D38: 3.4
B39: تشمل تكلفة الصمامات المردومة ما يلي: - توريد الصمامات و المواسير والقطع الخاصة - الحفر في جميع أنواع التربة (الترابية والصخرية) وإعداد الأسطح وإزالة المخلفات ويشمل تدعيم الجوانب الخاصة بالحفر وإزالة المرافق والخدمات المهملة وغير المستخدمة و نزح المياه. - كافة أعمال تركيب المواسير والصمامات وصناديق الصمامات وملحقاتها وحواجز التأمين والتركيبات اللازمة والملحقات وأعمال البناء. - جميع الاعمال اللازمه لانهاء تركيب المحابس. - جميع الاعمال يتم تنفيذها وفقا للرسومات و المواصفات الفنيه | C39: The rate for buried valves shall include the following: - Supply of fire hydrants, valves, pipes and special parts. - Excavation in all types of soil (including rock), surface preparation, demlition, upholding the vertical sides of excavations, the removal of dead services, and dewatering. - All the works required for pipework, valves, surface boxes, accessories, protection barricades, necessary fittings, and accessories, and civil works, - All the works required to complete the installation of buried valves. - All the works shall be in accordance with the Drawings and Specifications.
A40: 3.5 | B40: يعد سطح التسوية هو سطح بداية العمل لأعمال المواسير والعمق المذكور مقاس من سطح التسوية حتى منسوب قاع المواسير. | C40: The "Grading level" shall be considered as "Commencing Surface" for pipes , the mentioned depth is from grading level to the pipe invert level. | D40: 3.5
A41: 3.6 | B41: يعد العمق المذكور لأعمال المناهل وغرف المحابس هو العمق المقاس من أعلى الغطاء حتى منسوب قاع المانهول / الغرفة | C41: The mentioned depth for manholes and valve chambers shall be considered from the top of cover to the manhole/chamber bottom | D41: 3.6
A42: 3.7 | B42: الفواصل وأعمال حقن الخرسانة للمواسير داخل العبارات/ مناطق القطع تكون مشمولة ضمن أسعار المواسير كما يجب أن تشمل إعادة الشئ لأصله المانهولات والغرف الأخرى | C42: Spacers and grouting for pipes within ducts/crossings deemed to be included within pipes rates. Additional reinstatement shall be deemed to include for manholes and other chambers. | D42: 3.7
A43: 3.8 | B43: الفواصل وأعمال حقن الخرسانة للمواسير داخل العبارات/ مناطق القطع تكون مشمولة ضمن أسعار المواسير كما يجب أن تشمل إعادة الشئ لأصله المانهولات والغرف الأخرى | C43: Spacers and grouting for pipes within ducts/crossings deemed to be included within pipes rates. Additional reinstatement shall be deemed to include for manholes and other chambers. | D43: 3.8
B44: محطات الرفع | C44: Lift Station
A45: 4.1 | B45: تشمل أعمال محطة الرفع جميع الأعمال الترابية والإنشائية والمعمارية والميكانيكية والكهربائية والتحكم حسب المخططات | C45: Lift station shall be deemed to include earthworks, structure, archeticture, mechanical, electrical, C&I as per the drawings and specifications | D45: 4.1
B46: الأعمال الكهربائية | C46: ELECTRICAL WORKS
B47: شبكة التوزيع الكهربائية للجهد المتوسط | C47: Medium voltage network distribution
A48: 5.1 | B48: خندق كابل جهد متوسط. أعمال حفر خنادق الكابلات في جميع أنواع التربة والردم ودك وتسوية الارض ونقل المخلفات الزائدة بما يشمل توريد وطرح الرملة الناعمة وشريط التحذير ومؤشرات اتجاه الكابلات وذلك وفق مواصفات الشركة السعودية للكهرباء. | C48: Medium voltage cable trench Excavation and bedding of trench on all type of soil, backfilling with imported sand, compaction , warning tape and cable markers according to Saudi Electric Company specifications. | D48: 5.1
A49: 5.1 | B49: خندق كابل جهد متوسط. أعمال حفر خنادق الكابلات في جميع أنواع التربة والردم ودك وتسوية الارض ونقل المخلفات الزائدة بما يشمل توريد وطرح الرملة الناعمة وشريط التحذير ومؤشرات اتجاه الكابلات وذلك وفق مواصفات الشركة السعودية للكهرباء. | C49: Medium voltage cable trench Excavation and bedding of trench on all type of soil, backfilling with imported sand, compaction , warning tape and cable markers according to Saudi Electric Company specifications. | D49: 5.1
A50: 5.2 | B50: (قطع / وأجزاء الطرق (نفق كابلات الجهد المتوسط توريد وتركيب واختبار ماسورة بلاستيك من الفئة الرابعة عند قطع الكيبلات الطرق شاملا التغليف بالخرسانة الاسمنتية والردم وذلك وفق مواصفات الشركة السعودية للكهرباء | C50: Road parts/cutting (medium voltage cable ducts) Supply and installing upvc class 4 ducts, including concrete casting and burial according to Saudi Electric Company specification. | D50: 5.2
A51: 5.3 | B51: كابلات الجهد المتوسط. توريد وتمديد كوابل جهد متوسط داخل خندق محفور بالارض شاملا الاختبارات وذلك وفق مواصفات الشركة السعودية للكهرباء. | C51: Medium Voltage cables. Supply , installation and testing of Medium voltage cables in trench according to Saudi Electric Company specification. | D51: 5.3
A52: 5.4 | B52: وصلات كابل جهد متوسط. توريد وتركيب واختبار وصلات كيبل جهد متوسط تتضمن الفحص والاختبارات وفقا لمواصفات الشركة السعودية للكهرباء. | C52: Medium voltage cable Straight joints. Supply , installation and testing of Medium voltage cable straight joints according to the Saudi Electric Company specifications. | D52: 5.4
A53: 5.5 | B53: نهايات كبلات الجهد المتوسط توريد وتركيب نهايات الكابلات ذات الجهد المتوسط ، بما في ذلك الاختبار ، وفقاً لمواصفات الشركة السعودية للكهرباء. | C53: Medium voltage cable Terminations supply and installation and testing of Medium voltage cable terminations, according to the Saudi Electric Company specifications . | D53: 5.5
A54: 5.6 | B54: مفتاح جهد متوسط (RMU). توريد وتركيب واختبار مفتاح جهد متوسط (وحدة الربط الحلقى) لنقاط الفتح بين المغذيات (NOP) من النوع الخارجى طبقا لمواصفات الشركة السعوديه للكهرباء. | C54: Normal Open Point (RMU) Supply, installation and testing of medium voltage (RMU), normal open point (NOP) for outdoor type , according to the Saudi Electric Company specifications. | D54: 5.6
A55: 5.7 | B55: محطات الإنارة توريد وتركيب محطات إنارة شوارع وفق المعايير القياسية لوزارة النقل ومخططات التصميم (ما عدا وحدة الحلقات للجهد المتوسط تركب خارج المحطة المصندقه ولكن بالقرب منها وفقا لمتطلبات ومواصفات الشركة السعودية للكهرباء. | C55: Supply, installation and testing of street lighting substations as per MOT codes, specifications and drawings (excluding RMU, to be installed outside the Unit substation but close to the substation as per Saudi Electric Company requirements). | D55: 5.7
A56: 5.8 | B56: كابلات الضغط المنخفض LV توريد وتمديد وتركيب واختباركابلات إنارة شوارع جهد منخفض شاملا أعمال الحفر في أي حالة من التربة والتربة بمواد موافق عليها والتخلص من المخلفات، وفق المعايير القياسية المواصفات ومخططات التصميم . | C56: Low Voltage Cables Supply , installation and testing of street lighting low voltage cables Include for excavation in all types of soil, de-watering, backfill with approved material & disposal of excavated material, as per specifications, standards and drawings. | D56: 5.8
A57: 5.9 | B57: أعمدة الإنارة توريد وتركيب أعمدة إنارة طرق وفق المعايير القياسية و المواصفات ومخططات التصميم . ويشمل توريد وتركيب قواعد خرسانية مسلحة شامل أعمال الحفر في جميع أنواع التربة, والردم بمواد موافق عليها من قبل الأستشاري, والتخلص من مخلفات الردم , وفق المعايير القياسية و المواصفات ومخططات التصميم | C57: Lighting Poles Supply and installation of road lighting poles according to specifications , standards and design drawings. Including Supply and installation of reinforced concrete foundation including excavation in all types of soil, de-watering, backfill with approved material & disposal of excavated material as per specifications, standards and drawings | D57: 5.9
A58: 5.10 | B58: وحدات إنارة الطرق توريد وتركيب وحدات إنارة طرق وفق المعايير القياسية و المواصفات ومخططات التصميم . | C58: Street Lighting Luminaire Supply, installation and testing of Street Lighting Luminaire as per specifications and drawings and in accordance with authority standards. | D58: 5.10
A59: 5.11 | B59: نظام التاريض توريد وتركيب نظام التاريض لإنارة شوارع بما يشمل أعمال حفر وردم الخندق وقضبان وكابلات التأريض , الخ . وفق المعايير القياسية / المواصفات ومخططات التصميم . | C59: Earthing installation Supply, installation and testing of the earthing system complete with earthing pits , electrodes, earthing conductors , etc. as per specifications, standards and drawings . | D59: 5.11
... A63: 5.15 | B63: توريد وتركيب واختبار كبائن توزيع لمغذي منخفض وفق المعايير القياسية ومتطلبات ومواصفات الشركة السعودية للكهرباء ودرجة حماية IP65 | C63: Supply, installation and testing of Feeder Pillar as per SEC codes, specifications and drawingsr . IP 65 | D63: 5.15
B64: الاتصالات | C64: Telecom
B65: العبارات | C65: Ducts
A66: 5.16 | B66: تشمل أعمال مد عبارات الاتصالات في الخنادق المخصصة لذلك أعمال الحفر والردم والدمك وإزالة المخلفات والصبات والمواسيروأغطية الحماية وإعادة الشئ لأصله والأشرطة التحذيرية والاختبارات وذلك طبقا لإجراءات الجهات المختصة والمواصفات والمخططات | C66: Laying of Telecommunication ducts in trenches shall include all related excavations, backfilling, other fillings, compaction, disposal, protection covers, reinstatement, draw ropes, warning tapes, testing, all as per authority requirements, specifications and drawings | D66: 5.16
B67: عبارات الطرق | C67: Road Crossing
A68: 5.17 | B68: تشمل أعمال مد عبارات الاتصالات في عبور الطرق أعمال الحفر والردم والدمك وإزالة المخلفات والأعمال الخرسانية والصبات والمواسيروأغطية الحماية وإعادة الشئ لأصله والأشرطة التحذيرية والاختبارات وذلك طبقا لإجراءات الجهات المختصة والمواصفات والمخططات | C68: Laying of Telecommunication ducts on road crossing shall include all related excavations, backfilling, other fillings, compaction, disposal, concrete work, encasements, protection covers, reinstatement, draw ropes, warning tapes, testing, all as per authority requirements, specifications and drawings | D68: 5.17
B69: أعمال الموقع والأعمال الزراعية | C69: Site and Landscaping Works
A70: 6.1 | B70: يشمل سعر زراعة النباتات و الاشجار الحفريات واستيراد ومد طبقة من التربة الناعمة، والأسمدة، والتدعيم والتسوية والتنسيق مع أعمال الإضاءة والري واستكمالها... الخ. وتنسيق الأعمال وربطها لتتلاءم مع كافة مواصفات الأسطح المعدة للزراعة والبنى التحتية كما تشمل جميع المتطلبات والشروط الخاصة والتشكيل والتصنيف (الفرز) وإتمام أعمال التسوية على الأسطح المجاورة واستكمال الحفر المعدة للأشجار. | C70: The rate for planting trees and shrubs deemed to be including excavation, importing and laying sweet soil, fertilizers, anchors, stabilisation, coordination with irrigation, lighting, etc. complete. Coordinate work with all surface features of landscaping and infrastructure and include all requirements, special conditions, shaping, grading, finishing and adjusting to adjoining surfaces. Tree pits are to be complete. | D70: 6.1
A71: 6.2 | B71: يعتبر المقاول من خلال زيارته للموقع بأنه قام بفحص واستكشاف الموقع ومحيطه وأنه قام بتحديد والأخذ بعين الاعتبار عند إعطاء أسعاره كافة التكاليف الإضافية المتعلقة بهدم (بشكل حذر) المنشآت القائمة وطرق الوصول إلى الموقع وإزالة طبقات الأعشاب الموجودة والخرسانة والأرصفة وطبقات الرصف والاسفلت وأحجار الارصفة و التربة العلوية والسياج وحماية خطوط الخدمات القائمة وكافة ملحقاتها وإعادة الوضع كما كان عليه...الخ. | C71: The Contractor shall be deemed to have inspected and examined the Site and it's surroundings, and identified, considered and deemed to included all costs related to (carefully) demolition of existing structures, access roads, existing turfs, concrete, flagging, paving, curbing, road-metalling, topsoil, fencing, demolish and seal existing services, protection of existing service lines, accessories etc., and cart away debris, as directed by the Engineer and return of surface to its original conditions. | D71: 6.2
A72: 6.3 | B72: يشمل الهدم وإخلاء الموقع أيضا التخلص من المواد الناتجة وردم الفراغات باستخدام المواد المناسبة ما لم يتم التوجيه بغير ذلك. بالاعتماد على زيارة الموقع والمعلومات المتوفرة، على المتقدم للعطاء أن يشمل سعره تكاليف إزالة المخلفات الملقاة وإزالة طبقات الرصف في الأرصفة والجزر الوسطية... ألخ. والتخلص من المخلفات إلى الأمكان العمومية المسموح بها حسب تعليمات المهندس وإعادة السطح إلى حالته الأصلية باستثناء ما تم قياسه بشكل منفرد أو تم وصفه في مكان آخر. يجب على المتقدم للعطاء أن يشمل في سعره جميع التكاليف الإضافية والناتجة عن إزالة خطوط الخدمات والمياه والكهرباء وصرف مياه الأمطار والصرف الصحي والهاتف ...ألخ. وتعديل مسارها في حال استخدامها من أجل تشغيل مباني قائمة أخرى كما تشمل إعادة السطح إلى حالته الأصلية باستثناء ما تم قياسه بشكل منفرد أو تم وصفه في مكان آخر. | C72: Item for Demolition and Site clearance shall also include disposal of the materials arising and backfilling of voids with suitable material except as otherwise directed. Based on site visit & available information, the tenderer shall allow in his rates for all Removal of dumped rubbish, removal of sidewalk & median pavements etc, and cart away debris, as directed by the Engineer and return of surface to its original conditions , unless otherwise measured separately or specified elsewhere. The tenderer shall allow in his rates for all extra costs for removal of underground utility lines, water, electrical, storm, sanitary, telephone, etc., including return of surface to its original conditions, unless otherwise measured separately or specified elsewhere. as well as ultimate development/design requirements, and to price comprehensively. | D72: 6.3
A73: 6.4 | B73: يتم حساب كميات الأعمال الترابية على أساس صافي الأبعاد الناتجة عن المخططات مع عدم السماح بمخصصات للزيادة أو النقصان أو الإهدار أو مساحات العمل. تشمل أسعار أعمال الحفر الحفاظ على الحفر جافة بالطرق المعتمدة | C73: The quantities of earthworks shall be computed net using dimensions from the Drawings with no allowance for bulking, shrinkage, waste or working space. Rates for excavation shall include for keeping excavations free from water by acceptable means. | D73: 6.4
A74: 6.5 | B74: أسعار الحفر (في مناطق القطع) تشمل تثبيت مستوى السطح النهائي المتكون طبقا للمواصفات. على المتقدمين للمناقصة الرجوع إلى المعلومات والتقارير الجيولوجية المتوفرة بخصوص حالة التربة والقيام باستكشاف الموقع بشكل ملائم للحصول على فهم كامل لحالة الارض و التربة في الموقع قبل وضع الأسعار في جدول الكميات ويجب تضمين أية تكلفة أضافية متعلقة بفحص التربة وبأعمال الحفر. ويتضمن البند الحفر في جميع أنواع التربة (ترابية أو صخرية). | C74: Excavation prices (in cut areas) includes installing the final surface formed according to the specifications. The Tenderers are to refer to the information and geological reports that are available relating to the condition of the soil as well as exploring the site properly to get a full understanding of the status of the land and soil at the site before pricing of the bill of quantities. Rates must include any additional costs related to examination of the soil and excavation work. The item includes excavation in all types of soil (including rocks and hard material that requires special equipment). | D74: 6.5
A75: 6.6 | B75: تعتبر تكاليف أعمال الحفر في مناطق القطع متضمنة لجميع الموارد المطلوبة الإضافية والمصاريف المتعلقة بالحفر لجميع الأعماق ما لم يتم قياسها بشكل منفرد. | C75: Excavation for cuttings; deemed to be included all additional resources and expenses related to various and all depths, unless otherwise measured seperately. | D75: 6.6
A76: 6.7 | B76: تشمل أسعار المواد المستخدمة في الردم من خارج الموقع الحفر في الموقع الخارجي (عند الحاجة) والنقل والتفريغ والدمك في طبقات حسب المواصفات. يجب أن تكون المواد المستوردة من خارج الموقع خالية من أية مواد عضوية أو نفايات أو أتربة سطحية أو صخور... الخ حسب المواصفات وباعتماد المهندس. | C76: The rate for imported fill material shall deemed to include borrow pit excavation, hauling, placement and compaction in layers as specified. Imported material must be free from all organic materials, waste, top soil, rock, etc., as specified, and to approval of the Engineer. | D76: 6.7
A77: 6.8 | B77: لن يتم دفع تكاليف تكديس المواد والمناولة المزدوجة للمواد التي يتم حفرها على أن يتضمنها المقاول في الأسعار المقدمة ما لم يتم قياسها بشكل منفرد. | C77: Stockpiling and Double handling of excavated material shall not be payed seperately and the Contractor shall be deemed to have included in his rates, unless measured seperately. | D77: 6.8
A78: 6.9 | B78: التكاليف الخاصة بقطع وتجهيز الأسطح التي يتم حفرها متضمنة في أسعار الحفر ذات الصلة. | C78: Trimming and preparation of excavated surfaces, are deemed to be included within the relevant excavation rates. | D78: 6.9
A79: 6.10 | B79: التكاليف الخاصة بقطع وتجهيز الأسطح التي تم ردمها متضمنة في أسعار الردم ذات الصلة. | C79: Trimming and preparation of filled surfaces, are deemed to be included within the relevant filling rates. | D79: 6.10
A80: 6.11 | B80: يجب أن تشمل أسعار المتقدم للمناقصة فيما يتعلق بالحفر أية تكاليف إضافية للحفر في أي مواد مثل التربة الترسيبية والرمال والصخور وإجراء الحفر و الردم في أوضاع التربة الغير مناسبة و معالجة التربة و الحفر علي أي أعماق والحفر تحت منسوب المياه العادي والحفر حول المرافق والخدمات القائمة و العمل ضمن مناطق محصورة وعالية الخطورة وإزالة تلك المرافق والخدمات المهملة وغير المستخدمة ودعم الجوانب العمودية ومساحات العمل وردم المناطق غير الثابتة أثناء الحفر ما لم يتم قياسها بشكل منفرد أوما لم ينص على خلاف ذلك. | C80: The tenderer shall allow in his earthworks rates for all extra costs; for excavating in any material including running silt, running sand and rock, additional cut and fill for unsuitable soil conditions, soil treatments, commencing excavation at any depth, excavating below the normal water table, excavating around existing services and mains, working in restricted areas, high risk areas, the removal of dead services , supporting the vertical sides or excavations, working space and filling soft spots , unless otherwise measured separately or specified elsewhere. | D80: 6.11
A81: 6.12 | B81: يجب أن تشمل أسعار المتقدم للمناقصة تكاليف ازالة مواد ناتج الحفر الزائدة الى المقالب العمومية المعتمدة التى تحددها الجهات المختصة | C81: The price of the contractor must include costs for materials disposal to public landfills approved by the competent authorities | D81: 6.12
B82: أعمال المواسير والتركيبات والصمامات لأعمال الزراعة | C82: PIPEWORK , PIPES AND FITTINGS AND VALVES FOR LANDSCAPE WORKS
A83: 7.1 | B83: يشمل سعر مواسير كلوريد البوليفينيل في الخنادق المخصصة توريد وتركيب وتوصيل واختبار وتشغيل المواسير و الحفر فى جميع انواع التربة عدا التربة الصخرية والردم والدمك والقطع والتوصيل والملحقات والتخلص من المخلفات والأشرطة التحذيرية من النوع الممغنط ونزح المياه وسند جوانب الحفر والغسيل والتعقيم و جميع الاعمال اللازمة لاتمام العمل طبقا للإجراءات مدن والمواصفات والمخططات وأصول الصناعه | C83: The rate for uPVC pipes beemed to be including supply, lay, joint, test, commission excavation and backfill in all types of soil (excluding rock), compaction,pipe fittings (gate valves, flushing valves and air release valves) and accessories disposal of excavated material, installation of magnetic warning tape, excavation supports and dewatering, washing and sterilization, and all works required, all in accordance with MODON regulation, specfication manufacturer guidelines. | D83: 7.1
A84: 7.2 | B84: يشمل سعر أنابيب مواسير من البولي إيتلين قليل الكثافة (PN 4) توريدها وتركيبها بما في ذلك تركيبات االأسرجة وقطع التركيب وجميع المستلزمات الأخرى اللازمة لإنجاز الأعمال وفقًا للمواصفات والرسومات. | C84: The rate for LDPE plain pipes (PN 4) deemed to be including Supply and install compression fittings, saddles and all other accessories necessary to complete the works in accordance with specifications and drawings. | D84: 7.2
A85: 7.3 | B85: يشمل سعر الملحقات وقطع التركيب الخاصة بالمواسير توريدها وتركيبها طبقا للإجراءات الخاصة بالجهة المعنية والمواصفات والمخططات | C85: The rate for pipe fittings and accessories deemed to be including Supply and installation of pipes all in accordance with authority, regulations, specifications and drawings | D85: 7.3
A86: 7.4 | B86: يشمل سعر صمامات كهربائية توريد وتركيب وتوصيل الصمامات وغرف صمامات بما يشمل منظم الضغط والمناسب لمياه (TSE) ومرشحات متوازية وصمامات كرة بلاستك وصندوق صمامات مع الغطاء وجميع المستلزمات الأخرى الضرورية لاستكمال الأعمال طبقاً للمواصفات والمخططات. | C86: The rate of solenoid valve assembly deemed to be including supply, install, and connect them, the assembly shall include solenoid valve globe type normally closed, electronically actuated, diaphragm operated, equipped with pressure regulator module, manual bleeding, flow control, expedient for TSE water, in line filter, manual valve, valve box with cover, and all other accessories necessary to complete the works in accordance with specification and drawings. | D86: 7.4
A87: 7.5 | B87: يشمل سعر صمامات وصندوق صمامات توريدها وتركيبها بما يشمل ذراع الحركة وقطع التركيب وجميع المستلزمات الأخرى الضرورية لاستكمال الأعمال طبقاً للمواصفات والمخططات | C87: The rate of valves and valve box deemed to be including supply and install them, including swing arm 1", fittings, and all other accessories necessary to complete the works in accordance with specifications and drawings. | D87: 7.5
A88: 7.6 | B88: يشمل السعر تزويد نقاطات وتثبيت أنابيب التنقيط بما في ذلك قطع التركيب وجميع الملحقات الأخرى اللازمة لإكمال الأعمال وفقًا للمواصفات والرسومات. | C88: The rate of pressure compensating drippers deemed to be including supply and install them and all accessories necessary to complete the works in accordance with specifications and drawings. | D88: 7.6
A89: 7.7 | B89: يشمل سعر نظام التحكم المركزي توريد وتركيب النظام بما في ذلك جميع الأجهزة المطلوبة والاختبار والتكليف كاملة وفقا للمواصفات والرسومات | C89: The rate of central control system deemed to be including supply and installation and all required instrumentation, testing and commissioning complete in accordance with specification and drawings | D89: 7.7
A90: 7.8 | B90: في حالة عدم توفر التحكم المركزي في الموقع ، يجب توفير التحكم المركزي وتركيبه من قبل المقاول لخدمة كل من مواقع الأحساء الحالية والتوسعة حسب جدول الكميات ، وإذا كان التحكم المركزي متاحًا في الموقع ، فلن يتم تركيبه وسيتم توصيل التحكم الميداني بالتحكم المركزي الحالي. | C90: In case of central control is not available on site, central control shall be supplied and installed by the contractor to serve both Al Hasa existing and Extension sites as per the BOQ, and if the central control is available on site, it shall not be supplied and the field control will be connected to the existing central control. | D90: 7.8
A91: 7.9 | B91: يشمل سعر جهاز تحكم ميداني كهربائي توريد وتركيب الجهاز ، طبقًا لمواصفات ووثائق التصميم والمناقصة ، مزود بالكابلات الكهربائية المدرعة ، مع موانع الصواعق وقضبان التأريض المثبتة على فترات 150 متر و موصل بنظام التحكم المركزي | C91: The rate of electric field controller deemed to be including supply and installation , according to the design drawing and tender specifications and documents,Electrical Armoured Cable, with Surge Arrestors and Grounding Rods Installed at 150 meters intervals from the central controller | D91: 7.9
A92: 7.10 | B92: يشمل سعر ديكودر فردى لنقل الاشارة بين الصمامات و وحدة التحكم الميدانية توريدها وتركيبها بما يشمل موصلات مقاومة للمياه وجميع المستلزمات الأخرى الضرورية اللازمة لاستكمال الأعمال طبقاً للمخططات والمواصفات | C92: The rate of single station decoder for valve connection to field controller deemed to be including supply and install them, waterproof connectors and all other accessories necessary to complete the works in accordance with specifications and drawings. | D92: 7.10
A93: 7.11 | B93: يشمل سعر كيبل ري بسلك اتجاهين بما يشمل توريد وتركيب كيبل و التوصيل وصناديق السحب والحماية من ارتفاع الجهد المفاجئ كل 200 متر وقطع التركيب وتأريض 5/8 بوصة وجميع الأعمال ذات الصلة اللازمة لاستكمال الأعمال طبقاً للمواصفات والمخططات | C93: The rate of Irrigation cable two way wire between field controller and valves deemed to be including supply and install cables, connection, pull boxes, surge protection each 200 m, fittings, 5/8" grounding and all other associated works to complete in accordance with specifications and drawings. | D93: 7.11

Sheet P.3
A4: Client: | C4: Saudi Industrial Property Authority (MODON) | D4: المالك: الهيئة السعودية للمدن الصناعية ومناطق التقنية (مدن)
A5: Project: | C5: Development of Infrastructure in Kharj Industrial City | D5: اسم المشروع: تطوير شبكات البنية التحتية في المدينة الصناعية بالخرج
A6: Location: | C6: Kharj 1st industrial City | D6: موقع المشروع: المدينة الصناعية الأولى بالخرج
A7: Project No.: | C7: KHJ1-02-007 | D7: رقم المشروع: KHJ1-02-007
A8: Item | C8: DESCRIPTION | D8: وصف البند | F8: Unit | G8: Quantity | H8: Rate | I8: Amount SR
A11: 2 | C11: DIVISION 02- SITE WORKS | D11: القسم الثانى: أعمال الموقع
A13: 2.1 | C13: EXCAVATION AND BACKFILLING | D13: الحفريات و الردم
A15: 2.1.1 | C15: Roadway, asphalt layers, and base course layer excavation for cuttings and all types of soil | D15: حفريات الطرق في جميع أنواع التربة وطبقات الأسفلت وطبقة الأساس الحصوية | F15: m3 | G15: 146522 | H15: 14 | I15: =H15*G15 -> 2051308
A18: 2.1.2 | C18: Backfilling with material free of debris and boulders to reach the level of the settlement, in layers not exceeding 200 mm with compaction minimum 95% for each layer. Price includes testing each layer by a specialized laboratory according to specifications and approval to engineer. | D18: الردم بتربة خالية من الشوائب والأحجار للوصول الى المنسوب المطلوب ويكون الردم على طبقات لا تزيد عن 200مم مع الدمك والكثافة كحد أدنى 95% لكل طبقة والسعر يشمل الإختبار لكل طبقة وذلك من قبل مكتب متخصص معتمد طبقا للمواصفات واعتماد المهندس | F18: m3 | G18: 155000 | H18: 14 | I18: =H18*G18 -> 2170000
C27: Total - SAR Carried to Collection | D27: إجمالى الصفحة | I27: =SUM(I15:I19) -> 4221308
A30: 2.2 | C30: PAVEMENTS AND PARKINGS | D30: أعمال الطـــرق والمواقف
A32: 2.2.1 | C32: Supply and installation of paving blocks 200*100*60 mm, grey and dark grey color, including but not limited to excavation, compaction, sub-base material, bedding and other accessories to complete all as per drawings & specification. | D32: توريد وتركيب بلاط أرصفة بأبعاد 200*100*60 مم واللون يكون رمادى فاتح وغامق والسعر يشمل ولا يقتصر على الحفر والردم ومواد الأساس والأساس المساعد وجميع الملحقات لإكمال الأعمال طبقا للمخططات والمواصفات | F32: m2 | G32: =1193+700 -> 1893 | H32: 69 | I32: =H32*G32 -> 130617
A34: 2.2.2 | C34: Supply and install precast concrete curbstone including lean concrete base and concrete for back support as per drawings and specification | D34: توريد وتركيب بردورات خرسانية من الخرسانة الجاهزة سابقة الصب مع تركيب فرشة خرسانية أسفلها مع صب خرسانة من الخلف للتدعيم كما هو موضح بالمخططات والمواصفات
A36: 2.2.2.1 | C36: 900 * 300 * 150 (one side chamfer) | D36: 150 * 300 * 900 mm توريد وتركيب بردورة أسمنتية مسبقة الصنع مشطوفة من ناحية واحدة بمقاس | F36: L.m | G36: 7100 | H36: 77 | I36: =H36*G36 -> 546700
A38: 2.2.2.2 | C38: 500 * 300 * 100 (two side chamfer) | D38: 100 * 300 * 500 mm توريد وتركيب بردورة أسمنتية مسبقة الصنع مشطوفة من الناحيتين بمقاس | F38: L.m | G38: 800 | H38: 72 | I38: =H38*G38 -> 57600
A40: 2.2.3 | C40: Gravel beddings layer Nominal size gravel for planting basins as shown on the drawings and specifications | D40: توريد وتركيب وفرد ورص طبقة من البحص لزوم أحواض الزراعة والاسطح وتنسيق الموقع كما هو موضح بالمخططات والمواصفات | F40: m2 | G40: 900 | H40: 24 | I40: =H40*G40 -> 21600
A42: 2.2.4 | C42: Sand beddings as shown on the drawings and specifications | D42: توريد وتركيب وفرد ورص طبقة من الرمل كما هو موضح بالمخططات والمواصفات | F42: m2 | G42: 1200 | H42: 59 | I42: =H42*G42 -> 70800
C46: Total - SAR Carried to Collection | D46: إجمالى الصفحة | I46: =SUM(I32:I42) -> 827317
A49: 2.2 | C49: PAVEMENTS AND PARKINGS (CONT'D) | D49: تكملة أعمال الطـــرق والمواقف
A50: 2.2.5 | C50: Supply and lay bituminous wearing course asphalt layer class (A) including tack coat (RC2) according to specifications and drawings | D50: توريد وتنفيذ طبقة السطح العلوية من الخرسانة البيتومينية تصنيف (أ) والسعر يشمل الطبقة اللاصقة (RC2) طبقا للمواصفات والمخططات | F50: m3 | G50: 4903 | H50: 642 | I50: =H50*G50 -> 3147726
A52: 2.2.6 | C52: Supply and lay bituminous base course asphalt layer class (A); including prime coat (MC1) according to specifications and drawings | D52: توريد وتنفيذ طبقة الأساس البيتومينية وتكون المواد تصنيف (أ) والسعر يشمل الطبقة التأسيسية (MC1) وطبقة (RC2) طبقا للمواصفات والمخططات | F52: m3 | G52: 6935 | H52: 648 | I52: =H52*G52 -> 4493880
A54: 2.2.7 | C54: Supply and lay base course layer for the full width of the road as per specifications and drawings | D54: توريد وتنفيذ طبقة الأساس الحصوية وذلك لعرض الطريق طبقا للمواصفات والمخططات | F54: m3 | G54: 20063 | H54: 65 | I54: =H54*G54 -> 1304095
A56: 2.2.8 | C56: Supply and lay subgrade material up to the full width of the road as per specifications and drawings | D56: توريد وتنفيذ طبقة القاعدة الترابية وذلك لعرض الطريق طبقا للمواصفات والمخططات | F56: m3 | G56: 23904 | H56: 18 | I56: =H56*G56 -> 430272
A58: 2.2.9 | C58: Supply and install thermoplastic pavement road markings | D58: توريد وتنفيذ أعمال الدهان الحرارى (الثرموبلاستيك) للعلامات الأرضية للطرق الأسفلتية | F58: m2 | G58: 290 | H58: 24 | I58: =H58*G58 -> 6960
A60: 2.2.10 | C60: Supply and install concrete parking bumper with dimensions 1800*150*100 mm | D60: توريد وتركيب مصدات خرسانية لمواقف السيارات بأبعاد 1800*150*100 مم | F60: Nos. | G60: 140 | H60: 142 | I60: =H60*G60 -> 19880
A62: 2.2.11 | C62: Supply and install aircraft tie-down including all the required fixations and accessories per drawings and specifications | D62: توريد وتركيب أربطة للطائرات شاملا كافة التركيبات والاكسسوارات طبقا للمخططات والمواصفات. | F62: Nos. | G62: 4 | H62: 8871 | I62: =H62*G62 -> 35484
C66: Total - SAR Carried to Collection | D66: إجمالى الصفحة | I66: =SUM(I50:I62) -> 9438297
A69: 2.3 | C69: LANDSCAPING | D69: تنسيق حدائق الموقع العام
C70: Provide Landscaping including plants | D70: توريد وتركيب وتنسيق الموقع العام مع الزراعات
C72: Soft landscaping to be carried out as per landscaping specifications and other related sections and details in the drawings | D72: يتعين تنفيذ زراعة النباتات لتنسيق الحدائق حسب مواصفات تنسيق الحدائق والأقسام الأخرى ذات العلاقة والتفاصيل الواردة في المخططات
C74: Procure and plant in position trees, shrubs, groundcover plants including all required excavation from rough grade,backfilling, holding / transferring from Holding Nursery, plant supports and including sweet soil, including maintenance of the trees up to the period of plants survival and ready for Client's to receive the plants taking over all in accordance with the drawings and specification. | D74: شراء وزراعة فى أماكن المخصصة الأشجار والنباتات والتربة الزراعية شاملا الحفر بالتربة الخشنة والردم ونقل الشتلات من المشتل شامل عناصر تثبيت النباتات ومواد السماد شاملا الصيانة وموافقة المهندس وجميع ما يلزم حسب المواصفات والمخططات
C75: The pit size specify as follows:- | D75: أبعاد الحفرة تحدد على النحو التالي: -
C76: Palm: 2*2*2 m | D76: النخيل: 2 * 2 * 2 م
C77: Trees: 1.5*1.5*1.5 m | D77: الأشجار: 1.5 * 1.5 * 1.5 متر
C78: Large Shrubs: 1*1*1 m | D78: الشجيرات الكبيرة: 1 * 1 * 1 م
C79: Small Shrubs: 0.6*0.6*0.6 m | D79: الشجيرات الصغيرة: 0.6 * 0.6 * 0.6 متر
C80: Ground Cover: 450 mm layer | D80: الغلاف الأرضي: 450 مم للطبقة
C81: Grass: 300 mm layer | D81: نجيلة: 300 مم للطبقة
A83: 2.3.1 | C83: Trees | D83: الأشجار
A84: 2.3.1.1 | C84: Poinciana | D84: بونسيانا | F84: Nos. | G84: 175 | H84: 769 | I84: =H84*G84 -> 134575
A86: 2.3.1.2 | C86: Quisqualis Indica | D86: ياسمين هندي احمر | F86: Nos. | G86: 30 | H86: 887 | I86: =H86*G86 -> 26610
A88: 2.3.2 | C88: Ground Covers | D88: كسوة الأرض (الغلاف الأرضى)
A89: 2.3.2.1 | C89: Pennisetum Rubrum Red | D89: حلفا | F89: Nos. | G89: 286 | H89: 30 | I89: =H89*G89 -> 8580
A91: 2.3.2.2 | C91: Acalypha hispida | D91: ذيل القط الأحمر | F91: Nos. | G91: 120 | H91: 30 | I91: =H91*G91 -> 3600
A93: 2.3.2.3 | C93: Bougainvillea | D93: جهنمية | F93: Nos. | G93: 25 | H93: 30 | I93: =H93*G93 -> 750
C95: Total - SAR Carried to Collection | D95: إجمالى الصفحة | I95: =SUM(I84:I93) -> 174115
A98: 3 | C98: DIVISION 3 - CONCRETE | D98: القسم الثالث : أعمال الخرسانة
A100: 3.1 | C100: Cast in place Lean concrete, Minimum Compressive Strength after 28 days ( fc' ) = 20 Mpa as per the drawing, type V cement, including formworks and curing. | D100: توريد وصب خرســانة عادية بمقاومة تصل الى 20 ميجاباسكال بعد 28 يوم وبالأبعاد والمناسـيب الموضحة على الرسومات التنفيذية طبقا للمواصفات على أن يكون الأسمنت من النوع المقاوم لأملاح الكبريتات (نوع V) والإجهاد حسب المحدد بالمخططات شاملا البند الشدات بأنواعها والإختبارات المختلفة والصب والحماية والمعالجة وتقديم جيمع مخططات الورشة وكل ما يلزم لإنهاء البند على أكمل وجه للعناصر التالية:ـ
A102: 3.1.1 | C102: Lean concrete under foundation | D102: خرسانة عادية أسفل الأساسات | F102: m³ | G102: 53 | H102: 494 | I102: =H102*G102 -> 26182
A104: 3.2 | C104: Cast in place reinforced concrete for the sub-structures, Minimum Compressive Strength after 28 days ( fc' ) = 35 Mpa ,as per the drawing ,type V cement,including formworks & curing & testing and reinforcement. | D104: توريد وصب خرســانة مسلحة بمقاومة تصل الى35 ميجاباسكال أى بعد 28 يوم وبالأبعاد والمناسـيب الموضحة على الرسومات التنفيذية طبقا للمواصفات على أن يكون الأسمنت من النوع المقاوم لأملاح الكبريتات (نوع V) والإجهاد حسب المحدد بالمخططات شاملا حديد التسليح كما يشمل البند الشدات والإختبارات المختلفة والصب والحماية والمعالجة وتقديم جيمع مخططات الورشة وكل ما يلزم لإنهاء البند على أكمل وجه للعناصر التالية:ـ
A105: 3.2.1 | C105: Isolated Footings | D105: القواعد المنفصلة | F105: m³ | G105: 140 | H105: 909 | I105: =H105*G105 -> 127260
A106: 3.2.2 | C106: Raft Foundation | D106: أساسات اللبشة | F106: m³ | G106: 5 | H106: 909 | I106: =H106*G106 -> 4545
A107: 3.2.3 | C107: Grade beams | D107: الميدات | F107: m³ | G107: =35+12+1 -> 48 | H107: 909 | I107: =H107*G107 -> 43632
A108: 3.2.4 | C108: Columns neck | D108: رقاب الأعمدة | F108: m³ | G108: =12+11+1 -> 24 | H108: 1061 | I108: =H108*G108 -> 25464
A109: 3.2.5 | C109: Walls for water tank & pump room | D109: حوائط خزان المياه وغرفة المضخة | F109: m³ | G109: 23 | H109: 1129 | I109: =H109*G109 -> 25967
A110: 3.2.6 | C110: Slabs for water tank & pump room | D110: بلاطة خزان المياه وغرفة المضخة | F110: m³ | G110: 11 | H110: 1129 | I110: =H110*G110 -> 12419
A112: 3.3 | C112: Provide and cast 35 Mpa, 200 mm thk helipad slab including 25mm filler board with insulation sealant as per drawings and specification | D112: توريد وصب خرسانة مسلحة لبلاطة المهبط بإجهاد 35 ميجاباسكال وبسمك 200 مم مع عمل فواصل تملأ بمواد مرنة حسب الموضح بالمخططات والمواصفات | F112: m³ | G112: 60 | H112: 1361 | I112: =H112*G112 -> 81660
A114: 3.4 | C114: Provide 35 Mpa, 150 mm thk concrete floor slab on grade with 2 layers reinforcement . Including 12 mm thk filler board and sealant between (grade beams and slab on grade) & (pedestals and slab on grade), as per drawings and specification | D114: توريد وصب خرسانة مسلحة لبلاطة الأرضية بإجهاد 35 ميجاباسكال وبسمك 150 مم مع طبقتين شامل ألواح الفيلر بسمك 12 مم مع عمل فواصل تمدد وانكماش أفقية حيث تملأ بمواد مرنة معتمدة مسبقا بين (الميدات وبلاطات الأرضية) & (وركائز الأعمدة المعدنية وبلاطات الأرضية) حسب الموضح بالمخططات والمواصفات | F114: m³ | G114: =74+10+1 -> 85 | H114: 1136 | I114: =H114*G114 -> 96560
C117: Total - SAR Carried to Collection | D117: إجمالى الصفحة | I117: =SUM(I101:I114) -> 443689
A121: 3 | C121: DIVISION 3 - CONCRETE (CONT'D) | D121: القسم الثالث : تكملة أعمال الخرسانة
A123: 3.5 | C123: Cast in place reinforced concrete for the super-structures, Minimum Compressive Strength after 28 days ( fc' ) = 35 Mpa Type I cement as per drawing & specification including formworks, reinforcement, curing & testing. | D123: توريد وصب خرســانة مسلحة بمقاومة تصل الى 35 ميجاباسكال بعد 28 يوم وبالأبعاد والمناسـيب الموضحة على الرسومات التنفيذية طبقا للمواصفات على أن يكون الأسمنت من النوع المقاوم لأملاح الكبريتات (نوع I) والإجهاد حسب المحدد بالمخططات شاملا حديد التسليح كما يشمل البند الشدات والإختبارات المختلفة والصب والحماية والمعالجة وتقديم جيمع مخططات الورشة وكل ما يلزم لإنهاء البند على أكمل وجه للعناصر التالية:ـ
A125: 3.5.1 | C125: Columns | D125: الأعمدة | F125: m³ | G125: =51+5+10 -> 66 | H125: 1061 | I125: =H125*G125 -> 70026
A126: 3.5.2 | C126: Slab beams and tie beams | D126: كمرات الاسقف والكرات الرابطة | F126: m³ | G126: =57+13+2 -> 72 | H126: 1164 | I126: =H126*G126 -> 83808
A127: 3.5.3 | C127: Steps and ramps | D127: درجات السلالم والمنحدرات | F127: m³ | G127: =8+1+6 -> 15 | H127: 1164 | I127: =H127*G127 -> 17460
A128: 3.5.4 | C128: Roof Slab | D128: بلاطات السقف | F128: m³ | G128: =97+13+1 -> 111 | H128: 1164 | I128: =H128*G128 -> 129204
C131: Total - SAR Carried to Collection | D131: إجمالى الصفحة | I131: =SUM(I124:I129) -> 300498
A135: 4 | C135: DIVISION 04 - MASONRY | D135: القسم الرابع: أعمال المبانى
A137: 4.1 | C137: Supply and install insulated CMU for external walls for mosque and helipad where material is approved by the Client with lintels for all openings to include intermediate columns and bond beam (where spacing of columns & beams as specified in the drawings) with necessary joining reinforcement between walls, columns and bond beams, including anchors, filler board and steel reinforcement and whatever needed to do a perfect work all as per drawing & specification. | D137: توريد وتنفيذ بلوكات حسب النوعية المعتمدة من المالك للحوائط الخارجية للمسجد وبلوكات خرسانية لمهبط الطائرات والسعر يشمل التوريد والتركيب والمونة من البلوك المفرغ المعزول المعتمد كما يشمل الاكسسوارات المعدنية المجلفنة كل مدماكين وزوايا معدنية مع الربط باعمدة وكمرات خرسانية رابطة حيث تكون على مسافات وفقا لما هو موضح بالمخططات كما تشمل توريد الخرسانة واعمال الشدات الخشبية والصب والمونة وأدوات التثبيت وألواح الفيلر(عند اللزوم) وكل ما يلزم لتنفيذ البند على أكمل وجه طبقا لما هو موضح بالمخططات والمواصفات
A139: 4.1.1 | C139: 200mm thk | D139: حوائط بسمك 200 مم | F139: m² | G139: 1134 | H139: 142 | I139: =H139*G139 -> 161028
A140: 4.1.2 | C140: 300mm thk | D140: حوائط بسمك 300 مم | F140: m² | G140: 247 | H140: 172 | I140: =H140*G140 -> 42484
A141: 4.1.3 | C141: Concrete masonry unit, 100 mm thick wall | D141: بلوكات خرسانية سمك 100 مم | F141: m² | G141: 85 | H141: 118 | I141: =H141*G141 -> 10030
C146: Total - SAR Carried to Collection | D146: إجمالى الصفحة | I146: =SUM(I138:I143) -> 213542
A149: 4 | C149: DIVISION 04 - MASONRY (CONT'D) | D149: تكملة أعمال المبانى
A151: 4.2 | C151: Supply and install CMU where material is approved by the Client for internal walls with standard lintels for all openings to include intermediate columns and bond beam (where spacing of columns & beams as specified in the drawings) with necessary joining reinforcement between walls, columns and bond beams, including anchors, filler board and steel reinforcement and whatever needed to do a perfect work all as per drawing & specification. | D151: توريد وتنفيذ مبانى للحوائط الداخلية للمسجد حسب النوعية المعتمدة من المالك والسعر يشمل التوريد والتركيب والمونة من البلوك المفرغ الغير معزول المعتمد كما يشمل الاكسسوارات المعدنية المجلفنة كل مدماكين وزوايا معدنية مع الربط باعمدة وكمرات خرسانية رابطة حيث تكون على مسافات وفقا لما هو موضح بالمخططات كما تشمل توريد الخرسانة واعمال الشدات الخشبية والصب والمونة وأدوات التثبيت وألواح الفيلر(عند اللزوم) وكل ما يلزم لتنفيذ البند على أكمل وجه طبقا لما هو موضح بالمخططات والمواصفات
A153: 4.2.1 | C153: 100mm thk | D153: حوائط بسمك 100 مم | F153: m² | G153: =39+57 -> 96 | H153: 118 | I153: =H153*G153 -> 11328
A155: 4.2.2 | C155: 200mm thk | D155: حوائط بسمك 200 مم | F155: m² | G155: =341+76 -> 417 | H155: 142 | I155: =H155*G155 -> 59214
A157: 4.2.3 | C157: 150mm thk | D157: حوائط بسمك 150 مم | F157: m² | G157: 35 | H157: 142 | I157: =H157*G157 -> 4970
C165: Total - SAR Carried to Collection | D165: إجمالى الصفحة | I165: =SUM(I153:I158) -> 75512
A168: 5 | C168: DIVISION 05- METALS | D168: القسم الخامس: الأعمال المعدنية
A170: 5.1 | C170: Supply and install stainless steel handrail 200mm high (matte finish) including all necessary fixings, fixtures, painting all as per drawings and specifications (ref, dwg. AR-801 Det. 04) for ramps | D170: توريد وتركيب درابزين من الحديد الستانلس ستيل بإرتفاع 200 مم (تشطيب مطفى) حسب لما سيتم إعتماده من قبل المالك ويشمل السعر الدهانات وجميع الملحقات والتركيبات ومسامير التثبيت الإستانلس ستيل وجميع ما يلزم وفقا للمخططات والمواصفات مرجع (dwg. AR-801 Det. 04) للرامبات | F170: LM | G170: 11 | H170: 769 | I170: =H170*G170 -> 8459
A172: 5.2 | C172: Supply and install galvanized iron access ladder, height as shown in drawings. | D172: توريد وتركيب سلم من الحديد المجلفن والإرتفاع والأبعاد وجميع ما يلزم لتنفيذ البند وفقا للمخططات والمواصفات | F172: set | G172: 2 | H172: 11828 | I172: =H172*G172 -> 23656
A175: 5.3 | C175: Supply and install GRC arabic pattern water proofing paint finish works (islamic pattern) 1700* 3850 mm, including all necessary fixings, fixtures, painting all as per drawings and specifications.(ref. dwg. AR-201 Elev. 01) | D175: توريد وتركيب أعمال زخرفية بنظام النمط العربى من الحوائط الجى ار سى المعزولة ضد العوامل الجوية ومدهونة حسب موافقة المالك (نمط إسلامى) بأبعاد 1700 *3850 مم كما يشتمل على الدهانات وجميع الملحقات والتركيبات ومسامير التثبيت وجميع ما يلزم وفقا للمخططات والمواصفات (مرجع. dwg. AR-201 Elev. 01) | F175: NOS | G175: 2 | H175: 1935 | I175: =H175*G175 -> 3870
A177: 5.4 | C177: Supply and install heavy duty ductile iron steel cover with frame size 1500*2000mm including all necessary fixings, painting and all as per drawings and specifications. | D177: توريد وتركيب غطاء معدني من الحديد الدكتايل للخزان heavy duty مع الاطار قياس 1500*2000 مم ويشمل السعر الدهانات وجميع الملحقات والتركيبات ومسامير التثبيت وجميع ما يلزم لتنفيذ البند كما هو موضح بالمخططات والمواصفات | F177: NOS | G177: 1 | H177: 5323 | I177: =H177*G177 -> 5323
A179: 5.5 | C179: Supply and install heavy duty ductile iron steel cover with frame size 1000*1000mm including all necessary fixings, painting and all as per drawings and specifications. | D179: توريد وتركيب غطاء معدني من الحديد الدكتايل للخزان heavy duty مع الاطار قياس 1000*1000 مم ويشمل السعر الدهانات وجميع الملحقات والتركيبات ومسامير التثبيت وجميع ما يلزم لتنفيذ البند كما هو موضح بالمخططات والمواصفات | F179: NOS | G179: 2 | H179: 1774 | I179: =H179*G179 -> 3548
C182: Total - SAR Carried to Collection | D182: إجمالى الصفحة | I182: =SUM(I170:I180) -> 44856
A185: 5 | C185: DIVISION 05- METALS (CONT'D) | D185: القسم الخامس: تكملة الأعمال المعدنية
A187: 5.6 | C187: Design, supply and installation of Structural steel members and plates (Grade as per structural drawings), corrosion-protected with three coat system to ensure the specified life to first maintenance. Design, supply and installation of Cold formed steel secondary members (purlins & Girts, grades as per steel drawings), galvanized to satisfy the specified life to first maintenance. a) Corrugated glavanized steel roofing sheet 0.7mm thick for pump shed, with metal flashing and fascia, ridge capping, sub framing, paint finish, as per drawings and specification b) All necessary other accessories to complete the pump shed roof as per specification, drawings, codes, manufactures instructions.(for pump shed) | D187: تصميم، توريد و تركيب كمرات و أعمدة و قطع من الصلب (ذات درجة مقاومة كما هو موضح في الرسومات) و تشمل االدهانات اللازمة للحماية مؤلفة من ثلاث طبقات ضد التاكل لضمان عدم التلف قبل إنقضاء الفترة المحددة لاعمال الصيانة الاولى تصميم، توريد و تركيب أعضاء ثانوية من القطاعات المشكلة على البارد (مدادات و طوق بحزام ,ذات درجة مقاومة كما هو موضح في الرسومات), مجلفن لضمان عدم أ- تغطيات الاسطح من الصاج المعرج بسمك 0.7مم لمظلة المضخة مشتملة على القطاعات المعدنية لتغطية الاجزاء الامامية و الجانبية (metal flashing and fascia) و الاطارات الثانوية والتشطيب بالدهان طبقا للمخططات و المواصفات ب- جميع الاكسسوارات اللازمة لاكمال سطح مظلة المضخة طبقا للمواصفات و المخططات و الاكواد التصميمية و تعليمات المصنع التلف قبل إنقضاء الفترة المحددة لاعمال الصيانة الاولى (لمظلة المضخة) | F187: NOS | G187: 1 | H187: 35485 | I187: =H187*G187 -> 35485
A189: 5.7 | C189: Supply and fix galvanized steel chain link fence wall including the gate and its accessories; including steel tube framing and posts, turn buckle, tension wire, bracing, streching bar and all necessary associated works to complete the tasks all in accordance with the drawings and specifications and of the supplier requirement to the Client satisfaction; materials should be SASO certified. (Note: Contractor to submit shop drawings for Client approval and the setting out as per site condition prior to start any activities on site for Engineer approval.) | D189: توريد وتركيب سياج معدنى على شكل سلسلة من الصلب المجلفن بما في ذلك البوابة وملحقاتها شامل التيوبات ومسامير التثبيت والقواعد المعدنية والعوارض والدهانات المانعة للصدأ ومواد الحشووجميع الأعمال المدنية المرتبطة والتى تضمن إكمال الأعمال كما هو موضح بالمواصفات والمخططات ؛ جميع المواد ستكون معتمدة من الهيئة السعودية للمقاييس ساسو. (ملاحظة: يجب على المقاول تقديم وإعتماد مخططات الورشة التنفيذية من المالك كما يجب عليه أيضا رفع وتوقيع الأبعاد حسب ظروف الموقع قبل الشروع بالبدء بتنفيذ اى أعمال بالموقع وذلك لإعتماد المهندس المشرف) | F189: m | G189: 235 | H189: 296 | I189: =H189*G189 -> 69560
C193: Total - SAR Carried to Collection | D193: إجمالى الصفحة | I193: =SUM(I187:I189) -> 105045
A196: 7 | C196: DIVISION 07- THERMAL & MOISTURE PROTECTION. | D196: القسم السابع: أعمال العزل المائى والحرارى
A198: 7.1 | C198: Provide and apply 2 coats of bitumen waterproofing paint on concrete surfaces in contact with soil. | D198: توريد وتنفيذ أعمال العزل بدهان وجهين متعامدين من البيتومين الساخن للقواعد ورقاب الأعمدة والميد الأرضية وكل الأسطح الملامسة للتربة والبند يشمل كل ما يلزم لإنهاء الأعمال طبقا للمخططات والمواصفات الفنية وتعليمات جهة الإشراف | F198: m² | G198: =640+150+23+30+300+95 -> 1238 | H198: 15 | I198: =H198*G198 -> 18570
A200: 7.2 | C200: Provide and lay 2 layers of waterproofing membrane 4mm including 1 layer protection board for RC footings and RC walls in contact with soil according to the drawings and specification | D200: توريد وتركيب طبقتين من العزل مكون من لفائف البيتومين المسلح بسمك 4 مم كلا منهما من المواد المعتمدة لزوم الأرضية والحوائط وكل ما يلزم لتنفيذ البند وفقا للمخططات والمواصفات | F200: m² | G200: 130 | H200: 77 | I200: =H200*G200 -> 10010
A202: 7.3 | C202: Provide and lay epoxies 2 coating for inner surfaces | D202: توريد وتنفيذ دهان إيبوكسى من وجهين متعامدين لجميع الأسطح الداخلية وكل ما يلزم لتنفيذ البند وفقا للمخططات والمواصفات | F202: m² | G202: 170 | H202: 95 | I202: =H202*G202 -> 16150
A204: 7.4 | C204: Provide and lay 250 micron thick polythelene sheet under grade slab & blinding concrete. | D204: توريد وتركيب طبقة حماية من مادة البولي ايثيلين بسمك 250 ميكرون تحت خرسانة العادية للأرضيات والأساسات .....الخ | F204: m² | G204: 650 | H204: 8 | I204: =H204*G204 -> 5200
A206: 7.5 | C206: Supply and pour 50 mm concrete screed protection for waterproofing membrane as per drawings and specifications | D206: توريد وتنفيذ طبقة حمايه من الخرسانه بسمك 50 مم لألواح العزل البيتومينيه طبقا للمخططات والمواصفات. | F206: m² | G206: 4 | H206: 16 | I206: =H206*G206 -> 64
A208: 7.6 | C208: Supply and apply anti termite under all concrete in touch with earth for all buildings as per manufacture instructions, engineer approval | D208: توريد وتنفيذ ورش المبيدات الخاصة لمقاومة النمل الأبيض والحشرات بالتركيز الموصى به حسب تعليمات الشركة المنتجة وذلك اسفل الأسطح الخرسانية الملامسة للتربة مع الضمان على ان تقوم بالرش شركة متخصصة وطبقا لتعليمات المهندس المشرف وحسب المواصفات | F208: m² | G208: =650+75+20+40 -> 785 | H208: 6 | I208: =H208*G208 -> 4710
C213: Total - SAR Carried to Collection | D213: إجمالى الصفحة | I213: =SUM(I198:I208) -> 54704
A216: 7 | C216: THERMAL & MOISTURE PROTECTION (CONT'D) | D216: تكملة أعمال العزل المائى والحرارى
A218: 7.6 | C218: Water proofing system | D218: نظام العزل المائى
A220: 7.6.1 | C220: 4mm thick membrane (2 layers) | D220: توريد وتركيب طبقتين متعامدتين من لفائف البيتومين المسلح سمك 4 مم
...

Sheet Chamber1
F1: دعواتك للعطار
C2: Drawing Refrence | F2: SE-118 | G2: SE-119
F3: TYPE 1 | G3: TYPE 2
A4: inputs | C4: Desc | D4: unit | F4: QTY | G4: QTY
C5: Length (net) | D5: m | F5: 0.6 | G5: 4.4
C6: Width (net) | D6: m | F6: 0.6 | G6: 2.8
C7: Depth (net)+fixed dim 350 mm | D7: m | F7: 1 | G7: =0.44+0.6+2.11 -> 3.15
C9: wall Thickness | D9: m | F9: 0.35 | G9: 0.35
C10: Slab Thickness | D10: m | F10: 0.35 | G10: 0.25
C11: Footing Thickness | D11: m | F11: 0.35 | G11: 0.35
C12: Footing extention | D12: m | F12: 0.4 | G12: 0.35
C14: Hunched for footing vertical | D14: m | F14: 0 | G14: 0.5
C15: Hunched for footing horizontal | D15: m | F15: 0 | G15: 0.35
C16: PC thickness | D16: m | F16: 0.075 | G16: 0.1
C18: valve Support len | D18: m | F18: 0 | G18: =1.05*2 -> 2.1
C19: Valve support width | D19: m | F19: 0 | G19: =0.625*2 -> 1.25
C20: valve Support thick | F20: 0 | G20: =0.15*2 -> 0.3
C23: Earth Work
A24: Output | B24: 1 | C24: Excavation | D24: m3 | E24: 6 | F24: =+(F7+F11+F14)*(F5+F5+F9+F12+F9+F12)*(F6+F6+F9+F12+F9+F12) -> 9.8415 | G24: =+(G7+G11+G14)*(G5+G5+G9+G12+G9+G12)*(G6+G6+G9+G12+G9+G12) -> 285.6
B25: 2 | C25: Filling | D25: m3 | E25: 9 | F25: =F24-F29-F30-(F5*F6*(F7-F10)) -> 6.2283125 | G25: =G24-G29-G30-(G5*G6*(G7-G10)) -> 210.79775
B26: 3
C28: Concrete
C29: PC | D29: m3 | E29: =290+80 -> 370 | F29: =(F16)*(F5+(2*F9)+(2*(F12+F16)))*(F6+(2*F9)+(2*(F12+F16))) -> 0.3796875 | G29: =(G16)*(G5+(2*G9)+(2*(G12+G16)))*(G6+(2*G9)+(2*(G12+G16))) -> 2.64
C30: RC | D30: m3 | E30: =320+250 -> 570 | F30: =SUM(F31:F37) -> 2.9995 | G30: =SUM(G31:G37) -> 36.43425
C31: footing | D31: m3 | F31: =(F11)*(F5+(2*F9)+(2*F12))*(F6+(2*F9)+(2*F12)) -> 1.5435 | G31: =(G11)*(G5+(2*G9)+(2*G12))*(G6+(2*G9)+(2*G12)) -> 8.526
C32: additional | D32: m3 | F32: =((F15+F14)*F14/2)*((2*(F5+F9+(F12/2)))+(2*(F6+F9+(F12/2)))) -> 0 | G32: =((G15+G14)*G14/2)*((2*(G5+G9+(G12/2)))+(2*(G6+G9+(G12/2)))) -> 3.50625
C33: walls | D33: m3 | F33: =(F9)*(F7)*(2*(F5+F9+F9)+(F6)*2) -> 1.33 | G33: =(G9)*(G7)*(2*(G5+G9+G9)+(G6)*2) -> 17.4195
C34: additional wall | D34: m3 | F34: =1.5*F9*1.8*3*0 -> 0 | G34: =1.5*G9*1.8*3 -> 2.835
C35: slab | D35: m3 | F35: =F5*F6*F10 -> 0.126 | G35: =G5*G6*G10 -> 3.08
C36: additional Beams | D36: m3 | F36: =+F6*0.4*(0.5-F10)*0 -> 0 | G36: =+G6*0.4*(0.5-G10) -> 0.28
C37: Vlave support | D37: m3 | F37: =F18*F19*F20 -> 0 | G37: =G18*G19*G20 -> 0.7875
C39: Steel | D39: Ton | E39: 3.5 | F39: =SUM(F40:F43) -> 0.354025 | G39: =SUM(G40:G43) -> 5.290845
C40: per for footing | D40: =70/1000 -> 0.07 | F40: =$D$40*SUM(F31:F32) -> 0.108045 | G40: =$D$40*SUM(G31:G32) -> 0.8422575
C41: per for walls | D41: 0.175 | F41: =$D$41*SUM(F33:F34) -> 0.23275 | G41: =$D$41*SUM(G33:G34) -> 3.5445375
C42: per for slab | D42: 0.105 | F42: =$D$42*SUM(F35:F36) -> 0.01323 | G42: =$D$42*SUM(G35:G36) -> 0.3528
C43: per for add and valve support | D43: 0.7 | F43: =$D$43*F37 -> 0 | G43: =$D$43*G37 -> 0.55125
C45: Insulation and paints
C46: waterproof (out side) with protection board | D46: m2 | E46: 45 | F46: =SUM(F47:F49) -> 9.61 | G46: =SUM(G47:G49) -> 96.657857
C47: footing | D47: m2 | F47: =SUM(F31:F32)/F11 -> 4.41 | G47: =SUM(G31:G32)/G11 -> 34.377857
C48: walls | D48: m2 | F48: =(SUM(F33:F34)/F9)+F7*2*F9*2 -> 5.2 | G48: =(SUM(G33:G34)/G9)+G7*2*G9*2 -> 62.28
C49: slab | D49: m2
C50: Sand mortat screed above membrane 25 mm | D50: m3 | E50: 15 | F50: =(F29*0.025)/F16 -> 0.1265625 | G50: =(G29*0.025)/G16 -> 0.66
C51: epoxy (inside) | D51: m2 | E51: 50 | F51: =SUM(F52:F54) -> 2.28 | G51: =SUM(G52:G54) -> 66.4
C52: footing | D52: m2 | F52: =F5*F6 -> 0.36 | G52: =G5*G6 -> 12.32
C53: walls | D53: m2 | F53: =2*(((F7-F10)*F5)+((F7-F10)*F6)) -> 1.56 | G53: =2*(((G7-G10)*G5)+((G7-G10)*G6)) -> 41.76
C54: slab | D54: m2 | F54: =F5*F6 -> 0.36 | G54: =G5*G6 -> 12.32
C55: polyethylene | D55: m2 | E55: 7 | F55: =F29/F16 -> 5.0625 | G55: =G29/G16 -> 26.4
C57: Miscellaneous
C58: Ladder (check type) | D58: Nr/len | E58: 150 | F58: =F7 -> 1 | G58: =CEILING(G7,0.5) -> 3.5
C59: Vent Pipe | D59: Nr | F59: 1 | G59: 1
C60: Puddle Flange | D60: Nr/Phi | F60: 3 | G60: 3
C61: Cover IR steel | D61: Nr | E61: 1700 | F61: 1 | G61: 1
C62: Cover Precast | D62: Nr/m2
C63: wall stopper | D63: M | E63: 15 | F63: =((F5+F9)+(F6+F9))*2 -> 3.8 | G63: =((G5+G9)+(G6+G9))*2 -> 15.8
F66: =SUMPRODUCT(F24:F63,$E$24:$E$63) -> 4457.3282 | G66: =SUMPRODUCT(G24:G63,$E$24:$E$63) -> 35699.924
F68: =F66/(F5*F6*(F7-0.4+0.25)) -> 14566.432 | G68: =G66/(G5*G6*(G7-0.4+0.25)) -> 965.90703
A72: Footing
A77: walls
A82: slab

Sheet MAN TYPE1
F1: دعواتك للعطار
C2: Drawing Refrence | F2: SE-118 | G2: SE-119
F3: TYPE 1 | G3: TYPE 2
A4: inputs | C4: Desc | D4: unit | F4: QTY | G4: QTY
C5: Length (net) | D5: m | F5: 2 | G5: 4.4
C6: Width (net) | D6: m | F6: 1 | G6: 2.8
C7: Depth (net)+fixed dim 350 mm | D7: m | F7: 1 | G7: =0.44+0.6+2.11 -> 3.15
C9: wall Thickness | D9: m | F9: 0.2 | G9: 0.35
C10: Slab Thickness | D10: m | F10: 0.2 | G10: 0.25
C11: Footing Thickness | D11: m | F11: 0.2 | G11: 0.35
C12: Footing extention | D12: m | F12: 0.4 | G12: 0.35
C14: Hunched for footing vertical | D14: m | F14: 0 | G14: 0.5
C15: Hunched for footing horizontal | D15: m | F15: 0 | G15: 0.35
C16: PC thickness | D16: m | F16: 0.075 | G16: 0.1
C18: valve Support len | D18: m | F18: 0 | G18: =1.05*2 -> 2.1
C19: Valve support width | D19: m | F19: 0 | G19: =0.625*2 -> 1.25
C20: valve Support thick | F20: 0 | G20: =0.15*2 -> 0.3
C23: Earth Work
A24: Output | B24: 1 | C24: Excavation | D24: m3 | E24: 6 | F24: =+(F7+F11+F14)*(F5+F5+F9+F12+F9+F12)*(F6+F6+F9+F12+F9+F12) -> 19.968 | G24: =+(G7+G11+G14)*(G5+G5+G9+G12+G9+G12)*(G6+G6+G9+G12+G9+G12) -> 285.6
B25: 2 | C25: Filling | D25: m3 | E25: 9 | F25: =F24-F29-F30-(F5*F6*(F7-F10)) -> 14.609563 | G25: =G24-G29-G30-(G5*G6*(G7-G10)) -> 210.79775
B26: 3
C28: Concrete
