Workbook

Sheet Sheet3
A1: م | B1: الطريق | C1: تاريخ بداية الاعمال | D1: تاريخ نهاية الاعمال | E1: الشبكة | F1: البند | G1: الوحدة | H1: الكمية الإجمالية | I1: الكمية المنفذة | J1: الكمية المتبقية | K1: نسبة المنفذ | L1: نسبة المتبقي | M1: تاريخ البداية | N1: تاريخ النهاية | O1: المخطط % حتى اليوم | P1: الكمية المخططة حتى اليوم | Q1: المنفذ % فعلياً | R1: الفرق % (منفذ − مخطط) | S1: الفرق بالكمية (منفذ − مخطط) | T1: الحالة | V1: تاريخ التحديث
A2: 1 | B2: RD10 | C2: 46272 | D2: 30-10-2026 | E2: شبكة تصريف السيول | F2: تركيب المناهل Manhole | G2: عدد | H2: 50 | I2: =H2-5 -> 45 | J2: =H2-I2 -> 5 | K2: =I2/H2 -> 0.9 | L2: =J2/H2 -> 0.1 | M2: 46272 | N2: 46280 | O2: =IF(OR(M2="",N2=""),"",IF($V$2<M2,0,IF($V$2>=N2,1,NETWORKDAYS.INTL(M2,$V$2,"0000110")/MAX(1,NETWORKDAYS.INTL(M2,N2,"0000110"))))) -> 1 | P2: =IF(O2="","",O2*H2) -> 50 | Q2: =K2 -> 0.9 | R2: =IF(O2="","",Q2-O2) -> -0.1 | S2: =IF(O2="","",I2-P2) -> -5 | T2: =IF(O2="","",IF(AND(O2=0,Q2=0),"لم يحن موعده",IF(R2<-0.005,"متأخر",IF(R2>0.005,"متقدم","مطابق")))) -> متأخر | V2: 46294
F3: تركيب مصائد الأمطارCatchBase | G3: عدد | H3: 106 | I3: =H3-9 -> 97 | J3: =H3-I3 -> 9 | K3: =I3/H3 -> 0.91509434 | L3: =J3/H3 -> 0.08490566 | M3: 46272 | N3: 46280 | O3: =IF(OR(M3="",N3=""),"",IF($V$2<M3,0,IF($V$2>=N3,1,NETWORKDAYS.INTL(M3,$V$2,"0000110")/MAX(1,NETWORKDAYS.INTL(M3,N3,"0000110"))))) -> 1 | P3: =IF(O3="","",O3*H3) -> 106 | Q3: =K3 -> 0.91509434 | R3: =IF(O3="","",Q3-O3) -> -0.08490566 | S3: =IF(O3="","",I3-P3) -> -9 | T3: =IF(O3="","",IF(AND(O3=0,Q3=0),"لم يحن موعده",IF(R3<-0.005,"متأخر",IF(R3>0.005,"متقدم","مطابق")))) -> متأخر
F4: تشكيل قاع المناهل الرئيسيه Penching | G4: عدد | H4: 50 | I4: =H4-50 -> 0 | J4: =H4-I4 -> 50 | K4: =I4/H4 -> 0 | L4: =J4/H4 -> 1 | M4: 46295 | N4: 46302 | O4: =IF(OR(M4="",N4=""),"",IF($V$2<M4,0,IF($V$2>=N4,1,NETWORKDAYS.INTL(M4,$V$2,"0000110")/MAX(1,NETWORKDAYS.INTL(M4,N4,"0000110"))))) -> 0 | P4: =IF(O4="","",O4*H4) -> 0 | Q4: =K4 -> 0 | R4: =IF(O4="","",Q4-O4) -> 0 | S4: =IF(O4="","",I4-P4) -> 0 | T4: =IF(O4="","",IF(AND(O4=0,Q4=0),"لم يحن موعده",IF(R4<-0.005,"متأخر",IF(R4>0.005,"متقدم","مطابق")))) -> لم يحن موعده
F5: تركيب الكفرات مصائد الأمطارCovers Catsh Base | G5: عدد | H5: 106 | I5: 0 | J5: =H5-I5 -> 106 | K5: =I5/H5 -> 0 | L5: =J5/H5 -> 1 | M5: 46295 | N5: 46302 | O5: =IF(OR(M5="",N5=""),"",IF($V$2<M5,0,IF($V$2>=N5,1,NETWORKDAYS.INTL(M5,$V$2,"0000110")/MAX(1,NETWORKDAYS.INTL(M5,N5,"0000110"))))) -> 0 | P5: =IF(O5="","",O5*H5) -> 0 | Q5: =K5 -> 0 | R5: =IF(O5="","",Q5-O5) -> 0 | S5: =IF(O5="","",I5-P5) -> 0 | T5: =IF(O5="","",IF(AND(O5=0,Q5=0),"لم يحن موعده",IF(R5<-0.005,"متأخر",IF(R5>0.005,"متقدم","مطابق")))) -> لم يحن موعده
F6: تركيب الكفرات للمناهل الرئيسية Manhole Cover | G6: عدد | H6: 50 | I6: =H6-50 -> 0 | J6: =H6-I6 -> 50 | K6: =I6/H6 -> 0 | L6: =J6/H6 -> 1 | M6: 46296 | N6: 46303 | O6: =IF(OR(M6="",N6=""),"",IF($V$2<M6,0,IF($V$2>=N6,1,NETWORKDAYS.INTL(M6,$V$2,"0000110")/MAX(1,NETWORKDAYS.INTL(M6,N6,"0000110"))))) -> 0 | P6: =IF(O6="","",O6*H6) -> 0 | Q6: =K6 -> 0 | R6: =IF(O6="","",Q6-O6) -> 0 | S6: =IF(O6="","",I6-P6) -> 0 | T6: =IF(O6="","",IF(AND(O6=0,Q6=0),"لم يحن موعده",IF(R6<-0.005,"متأخر",IF(R6>0.005,"متقدم","مطابق")))) -> لم يحن موعده
E7: شبكة المياه | F7: حفر وتمديد الخطوط الرئيسية Main Pipe | G7: م.ط | H7: 4583 | I7: =H7-150 -> 4433 | J7: =H7-I7 -> 150 | K7: =I7/H7 -> 0.96727035 | L7: =J7/H7 -> 0.032729653 | M7: 46272 | N7: 46280 | O7: =IF(OR(M7="",N7=""),"",IF($V$2<M7,0,IF($V$2>=N7,1,NETWORKDAYS.INTL(M7,$V$2,"0000110")/MAX(1,NETWORKDAYS.INTL(M7,N7,"0000110"))))) -> 1 | P7: =IF(O7="","",O7*H7) -> 4583 | Q7: =K7 -> 0.96727035 | R7: =IF(O7="","",Q7-O7) -> -0.032729653 | S7: =IF(O7="","",I7-P7) -> -150 | T7: =IF(O7="","",IF(AND(O7=0,Q7=0),"لم يحن موعده",IF(R7<-0.005,"متأخر",IF(R7>0.005,"متقدم","مطابق")))) -> متأخر
E8: شبكة الري | F8: حفر وتمديد الخطوط الرئيسية Main Pipe | G8: م.ط | H8: 5866 | I8: =H8-3381 -> 2485 | J8: =H8-I8 -> 3381 | K8: =I8/H8 -> 0.42362768 | L8: =J8/H8 -> 0.57637232 | M8: 46272 | N8: 46283 | O8: =IF(OR(M8="",N8=""),"",IF($V$2<M8,0,IF($V$2>=N8,1,NETWORKDAYS.INTL(M8,$V$2,"0000110")/MAX(1,NETWORKDAYS.INTL(M8,N8,"0000110"))))) -> 1 | P8: =IF(O8="","",O8*H8) -> 5866 | Q8: =K8 -> 0.42362768 | R8: =IF(O8="","",Q8-O8) -> -0.57637232 | S8: =IF(O8="","",I8-P8) -> -3381 | T8: =IF(O8="","",IF(AND(O8=0,Q8=0),"لم يحن موعده",IF(R8<-0.005,"متأخر",IF(R8>0.005,"متقدم","مطابق")))) -> متأخر
F9: المحابس valve | G9: عدد | H9: 30 | I9: =H9-30 -> 0 | J9: =H9-I9 -> 30 | K9: =I9/H9 -> 0 | L9: =J9/H9 -> 1 | M9: 46283 | N9: 46290 | O9: =IF(OR(M9="",N9=""),"",IF($V$2<M9,0,IF($V$2>=N9,1,NETWORKDAYS.INTL(M9,$V$2,"0000110")/MAX(1,NETWORKDAYS.INTL(M9,N9,"0000110"))))) -> 1 | P9: =IF(O9="","",O9*H9) -> 30 | Q9: =K9 -> 0 | R9: =IF(O9="","",Q9-O9) -> -1 | S9: =IF(O9="","",I9-P9) -> -30 | T9: =IF(O9="","",IF(AND(O9=0,Q9=0),"لم يحن موعده",IF(R9<-0.005,"متأخر",IF(R9>0.005,"متقدم","مطابق")))) -> متأخر
F10: غرف الري(خرسانة) valve Chamber | G10: عدد | H10: 19 | I10: =H10-12 -> 7 | J10: =H10-I10 -> 12 | K10: =I10/H10 -> 0.36842105 | L10: =J10/H10 -> 0.63157895 | M10: 46278 | N10: 46285 | O10: =IF(OR(M10="",N10=""),"",IF($V$2<M10,0,IF($V$2>=N10,1,NETWORKDAYS.INTL(M10,$V$2,"0000110")/MAX(1,NETWORKDAYS.INTL(M10,N10,"0000110"))))) -> 1 | P10: =IF(O10="","",O10*H10) -> 19 | Q10: =K10 -> 0.36842105 | R10: =IF(O10="","",Q10-O10) -> -0.63157895 | S10: =IF(O10="","",I10-P10) -> -12 | T10: =IF(O10="","",IF(AND(O10=0,Q10=0),"لم يحن موعده",IF(R10<-0.005,"متأخر",IF(R10>0.005,"متقدم","مطابق")))) -> متأخر
F11: تركيب غرف المحابس (ميكانيكا) valve Chamber | G11: عدد | H11: 19 | I11: =H11-19 -> 0 | J11: =H11-I11 -> 19 | K11: =I11/H11 -> 0 | L11: =J11/H11 -> 1 | M11: 46281 | N11: 46288 | O11: =IF(OR(M11="",N11=""),"",IF($V$2<M11,0,IF($V$2>=N11,1,NETWORKDAYS.INTL(M11,$V$2,"0000110")/MAX(1,NETWORKDAYS.INTL(M11,N11,"0000110"))))) -> 1 | P11: =IF(O11="","",O11*H11) -> 19 | Q11: =K11 -> 0 | R11: =IF(O11="","",Q11-O11) -> -1 | S11: =IF(O11="","",I11-P11) -> -19 | T11: =IF(O11="","",IF(AND(O11=0,Q11=0),"لم يحن موعده",IF(R11<-0.005,"متأخر",IF(R11>0.005,"متقدم","مطابق")))) -> متأخر
F12: اختبارات الخطوط Test | G12: م.ط | H12: 5866 | I12: =H12-5866 -> 0 | J12: =H12-I12 -> 5866 | K12: =I12/H12 -> 0 | L12: =J12/H12 -> 1 | M12: 46307 | N12: 46325 | O12: =IF(OR(M12="",N12=""),"",IF($V$2<M12,0,IF($V$2>=N12,1,NETWORKDAYS.INTL(M12,$V$2,"0000110")/MAX(1,NETWORKDAYS.INTL(M12,N12,"0000110"))))) -> 0 | P12: =IF(O12="","",O12*H12) -> 0 | Q12: =K12 -> 0 | R12: =IF(O12="","",Q12-O12) -> 0 | S12: =IF(O12="","",I12-P12) -> 0 | T12: =IF(O12="","",IF(AND(O12=0,Q12=0),"لم يحن موعده",IF(R12<-0.005,"متأخر",IF(R12>0.005,"متقدم","مطابق")))) -> لم يحن موعده
E13: شبكة الاتصالات | F13: اعمال الحفر والتأسيس للشبكه | G13: م.ط | H13: 3140 | I13: 0 | J13: =H13-I13 -> 3140 | K13: =I13/H13 -> 0 | L13: =J13/H13 -> 1 | M13: 46285 | N13: 46290 | O13: =IF(OR(M13="",N13=""),"",IF($V$2<M13,0,IF($V$2>=N13,1,NETWORKDAYS.INTL(M13,$V$2,"0000110")/MAX(1,NETWORKDAYS.INTL(M13,N13,"0000110"))))) -> 1 | P13: =IF(O13="","",O13*H13) -> 3140 | Q13: =K13 -> 0 | R13: =IF(O13="","",Q13-O13) -> -1 | S13: =IF(O13="","",I13-P13) -> -3140 | T13: =IF(O13="","",IF(AND(O13=0,Q13=0),"لم يحن موعده",IF(R13<-0.005,"متأخر",IF(R13>0.005,"متقدم","مطابق")))) -> متأخر
F14: اعمال تركيب الهاند هول/مانهول | G14: عدد | H14: 18 | I14: =H14-18 -> 0 | J14: =H14-I14 -> 18 | K14: =I14/H14 -> 0 | L14: =J14/H14 -> 1 | M14: 46285 | N14: 46287 | O14: =IF(OR(M14="",N14=""),"",IF($V$2<M14,0,IF($V$2>=N14,1,NETWORKDAYS.INTL(M14,$V$2,"0000110")/MAX(1,NETWORKDAYS.INTL(M14,N14,"0000110"))))) -> 1 | P14: =IF(O14="","",O14*H14) -> 18 | Q14: =K14 -> 0 | R14: =IF(O14="","",Q14-O14) -> -1 | S14: =IF(O14="","",I14-P14) -> -18 | T14: =IF(O14="","",IF(AND(O14=0,Q14=0),"لم يحن موعده",IF(R14<-0.005,"متأخر",IF(R14>0.005,"متقدم","مطابق")))) -> متأخر
E15: اعمال الطرق | F15: اعمال البردورات+انترلوك | G15: م.ط | H15: 14500 | I15: =H15-14500 -> 0 | J15: =H15-I15 -> 14500 | K15: =I15/H15 -> 0 | L15: =J15/H15 -> 1 | M15: 46283 | N15: 46294 | O15: =IF(OR(M15="",N15=""),"",IF($V$2<M15,0,IF($V$2>=N15,1,NETWORKDAYS.INTL(M15,$V$2,"0000110")/MAX(1,NETWORKDAYS.INTL(M15,N15,"0000110"))))) -> 1 | P15: =IF(O15="","",O15*H15) -> 14500 | Q15: =K15 -> 0 | R15: =IF(O15="","",Q15-O15) -> -1 | S15: =IF(O15="","",I15-P15) -> -14500 | T15: =IF(O15="","",IF(AND(O15=0,Q15=0),"لم يحن موعده",IF(R15<-0.005,"متأخر",IF(R15>0.005,"متقدم","مطابق")))) -> متأخر
F16: أعمال طبقة ال Capping (30سم) | G16: م3 | H16: 17615 | I16: =H16-17615 -> 0 | J16: =H16-I16 -> 17615 | K16: =I16/H16 -> 0 | L16: =J16/H16 -> 1 | M16: 46278 | N16: 46283 | O16: =IF(OR(M16="",N16=""),"",IF($V$2<M16,0,IF($V$2>=N16,1,NETWORKDAYS.INTL(M16,$V$2,"0000110")/MAX(1,NETWORKDAYS.INTL(M16,N16,"0000110"))))) -> 1 | P16: =IF(O16="","",O16*H16) -> 17615 | Q16: =K16 -> 0 | R16: =IF(O16="","",Q16-O16) -> -1 | S16: =IF(O16="","",I16-P16) -> -17615 | T16: =IF(O16="","",IF(AND(O16=0,Q16=0),"لم يحن موعده",IF(R16<-0.005,"متأخر",IF(R16>0.005,"متقدم","مطابق")))) -> متأخر
F17: أعمال طبقة الصب جريد (30سم) | G17: م3 | H17: 16969 | I17: =H17-16969 -> 0 | J17: =H17-I17 -> 16969 | K17: =I17/H17 -> 0 | L17: =J17/H17 -> 1 | M17: 46281 | N17: 46288 | O17: =IF(OR(M17="",N17=""),"",IF($V$2<M17,0,IF($V$2>=N17,1,NETWORKDAYS.INTL(M17,$V$2,"0000110")/MAX(1,NETWORKDAYS.INTL(M17,N17,"0000110"))))) -> 1 | P17: =IF(O17="","",O17*H17) -> 16969 | Q17: =K17 -> 0 | R17: =IF(O17="","",Q17-O17) -> -1 | S17: =IF(O17="","",I17-P17) -> -16969 | T17: =IF(O17="","",IF(AND(O17=0,Q17=0),"لم يحن موعده",IF(R17<-0.005,"متأخر",IF(R17>0.005,"متقدم","مطابق")))) -> متأخر
F18: أعمال طبقة البيسكورس | G18: م3 | H18: 10929 | I18: =H18-10929 -> 0 | J18: =H18-I18 -> 10929 | K18: =I18/H18 -> 0 | L18: =J18/H18 -> 1 | M18: 46288 | N18: 46293 | O18: =IF(OR(M18="",N18=""),"",IF($V$2<M18,0,IF($V$2>=N18,1,NETWORKDAYS.INTL(M18,$V$2,"0000110")/MAX(1,NETWORKDAYS.INTL(M18,N18,"0000110"))))) -> 1 | P18: =IF(O18="","",O18*H18) -> 10929 | Q18: =K18 -> 0 | R18: =IF(O18="","",Q18-O18) -> -1 | S18: =IF(O18="","",I18-P18) -> -10929 | T18: =IF(O18="","",IF(AND(O18=0,Q18=0),"لم يحن موعده",IF(R18<-0.005,"متأخر",IF(R18>0.005,"متقدم","مطابق")))) -> متأخر
F19: أعمال الأسفلت طبقة اولي | G19: م3 | H19: 4284.6667 | I19: 0 | J19: =H19-I19 -> 4284.6667 | K19: =I19/H19 -> 0 | L19: =J19/H19 -> 1 | M19: 46293 | N19: 46295 | O19: =IF(OR(M19="",N19=""),"",IF($V$2<M19,0,IF($V$2>=N19,1,NETWORKDAYS.INTL(M19,$V$2,"0000110")/MAX(1,NETWORKDAYS.INTL(M19,N19,"0000110"))))) -> 0.66666667 | P19: =IF(O19="","",O19*H19) -> 2856.4444 | Q19: =K19 -> 0 | R19: =IF(O19="","",Q19-O19) -> -0.66666667 | S19: =IF(O19="","",I19-P19) -> -2856.4444 | T19: =IF(O19="","",IF(AND(O19=0,Q19=0),"لم يحن موعده",IF(R19<-0.005,"متأخر",IF(R19>0.005,"متقدم","مطابق")))) -> متأخر
F20: أعمال الأسفلت طبقة تانيه | G20: م3 | H20: 2677.9167 | I20: 0 | J20: =H20-I20 -> 2677.9167 | K20: =I20/H20 -> 0 | L20: =J20/H20 -> 1 | M20: 46304 | N20: 46306 | O20: =IF(OR(M20="",N20=""),"",IF($V$2<M20,0,IF($V$2>=N20,1,NETWORKDAYS.INTL(M20,$V$2,"0000110")/MAX(1,NETWORKDAYS.INTL(M20,N20,"0000110"))))) -> 0 | P20: =IF(O20="","",O20*H20) -> 0 | Q20: =K20 -> 0 | R20: =IF(O20="","",Q20-O20) -> 0 | S20: =IF(O20="","",I20-P20) -> 0 | T20: =IF(O20="","",IF(AND(O20=0,Q20=0),"لم يحن موعده",IF(R20<-0.005,"متأخر",IF(R20>0.005,"متقدم","مطابق")))) -> لم يحن موعده
A21: 2 | B21: RD9 | C21: 46272 | D21: 30-10-2026 | E21: شبكة تصريف السيول | F21: حفر وتمديد الخطوط الرئيسيه Main Pipe | G21: م.ط | H21: 2007 | I21: =H21-306 -> 1701 | J21: =H21-I21 -> 306 | K21: =I21/H21 -> 0.84753363 | L21: =J21/H21 -> 0.15246637 | M21: 46273 | N21: 46280 | O21: =IF(OR(M21="",N21=""),"",IF($V$2<M21,0,IF($V$2>=N21,1,NETWORKDAYS.INTL(M21,$V$2,"0000110")/MAX(1,NETWORKDAYS.INTL(M21,N21,"0000110"))))) -> 1 | P21: =IF(O21="","",O21*H21) -> 2007 | Q21: =K21 -> 0.84753363 | R21: =IF(O21="","",Q21-O21) -> -0.15246637 | S21: =IF(O21="","",I21-P21) -> -306 | T21: =IF(O21="","",IF(AND(O21=0,Q21=0),"لم يحن موعده",IF(R21<-0.005,"متأخر",IF(R21>0.005,"متقدم","مطابق")))) -> متأخر
F22: غرف الخط المزدوج | G22: عدد | H22: 24 | I22: =H22-14 -> 10 | J22: =H22-I22 -> 14 | K22: =I22/H22 -> 0.41666667 | L22: =J22/H22 -> 0.58333333 | M22: 46274 | N22: 46278 | O22: =IF(OR(M22="",N22=""),"",IF($V$2<M22,0,IF($V$2>=N22,1,NETWORKDAYS.INTL(M22,$V$2,"0000110")/MAX(1,NETWORKDAYS.INTL(M22,N22,"0000110"))))) -> 1 | P22: =IF(O22="","",O22*H22) -> 24 | Q22: =K22 -> 0.41666667 | R22: =IF(O22="","",Q22-O22) -> -0.58333333 | S22: =IF(O22="","",I22-P22) -> -14 | T22: =IF(O22="","",IF(AND(O22=0,Q22=0),"لم يحن موعده",IF(R22<-0.005,"متأخر",IF(R22>0.005,"متقدم","مطابق")))) -> متأخر
F23: تركيب المناهل Manhole | G23: عدد | H23: 44 | I23: =H23-18 -> 26 | J23: =H23-I23 -> 18 | K23: =I23/H23 -> 0.59090909 | L23: =J23/H23 -> 0.40909091 | M23: 46275 | N23: 46280 | O23: =IF(OR(M23="",N23=""),"",IF($V$2<M23,0,IF($V$2>=N23,1,NETWORKDAYS.INTL(M23,$V$2,"0000110")/MAX(1,NETWORKDAYS.INTL(M23,N23,"0000110"))))) -> 1 | P23: =IF(O23="","",O23*H23) -> 44 | Q23: =K23 -> 0.59090909 | R23: =IF(O23="","",Q23-O23) -> -0.40909091 | S23: =IF(O23="","",I23-P23) -> -18 | T23: =IF(O23="","",IF(AND(O23=0,Q23=0),"لم يحن موعده",IF(R23<-0.005,"متأخر",IF(R23>0.005,"متقدم","مطابق")))) -> متأخر
F24: حفر وتمديد الخطوط الفرعية Main Pipe | G24: م.ط | H24: 2655 | I24: =H24-2655 -> 0 | J24: =H24-I24 -> 2655 | K24: =I24/H24 -> 0 | L24: =J24/H24 -> 1 | M24: 46280 | N24: 46285 | O24: =IF(OR(M24="",N24=""),"",IF($V$2<M24,0,IF($V$2>=N24,1,NETWORKDAYS.INTL(M24,$V$2,"0000110")/MAX(1,NETWORKDAYS.INTL(M24,N24,"0000110"))))) -> 1 | P24: =IF(O24="","",O24*H24) -> 2655 | Q24: =K24 -> 0 | R24: =IF(O24="","",Q24-O24) -> -1 | S24: =IF(O24="","",I24-P24) -> -2655 | T24: =IF(O24="","",IF(AND(O24=0,Q24=0),"لم يحن موعده",IF(R24<-0.005,"متأخر",IF(R24>0.005,"متقدم","مطابق")))) -> متأخر
F25: تشكيل قاع المناهل الرئيسيه Penching | G25: عدد | H25: 44 | I25: =H25-44 -> 0 | J25: =H25-I25 -> 44 | K25: =I25/H25 -> 0 | L25: =J25/H25 -> 1 | M25: 46305 | N25: 46312 | O25: =IF(OR(M25="",N25=""),"",IF($V$2<M25,0,IF($V$2>=N25,1,NETWORKDAYS.INTL(M25,$V$2,"0000110")/MAX(1,NETWORKDAYS.INTL(M25,N25,"0000110"))))) -> 0 | P25: =IF(O25="","",O25*H25) -> 0 | Q25: =K25 -> 0 | R25: =IF(O25="","",Q25-O25) -> 0 | S25: =IF(O25="","",I25-P25) -> 0 | T25: =IF(O25="","",IF(AND(O25=0,Q25=0),"لم يحن موعده",IF(R25<-0.005,"متأخر",IF(R25>0.005,"متقدم","مطابق")))) -> لم يحن موعده
F26: تركيب الكفرات للمناهل الرئيسية Manhole Cover | G26: عدد | H26: 44 | I26: =H26-44 -> 0 | J26: =H26-I26 -> 44 | K26: =I26/H26 -> 0 | L26: =J26/H26 -> 1 | M26: 46305 | N26: 46312 | O26: =IF(OR(M26="",N26=""),"",IF($V$2<M26,0,IF($V$2>=N26,1,NETWORKDAYS.INTL(M26,$V$2,"0000110")/MAX(1,NETWORKDAYS.INTL(M26,N26,"0000110"))))) -> 0 | P26: =IF(O26="","",O26*H26) -> 0 | Q26: =K26 -> 0 | R26: =IF(O26="","",Q26-O26) -> 0 | S26: =IF(O26="","",I26-P26) -> 0 | T26: =IF(O26="","",IF(AND(O26=0,Q26=0),"لم يحن موعده",IF(R26<-0.005,"متأخر",IF(R26>0.005,"متقدم","مطابق")))) -> لم يحن موعده
F27: تركيب مصائد الأمطارCatchBase | G27: عدد | H27: 127 | I27: =H27-55 -> 72 | J27: =H27-I27 -> 55 | K27: =I27/H27 -> 0.56692913 | L27: =J27/H27 -> 0.43307087 | M27: 46275 | N27: 46279 | O27: =IF(OR(M27="",N27=""),"",IF($V$2<M27,0,IF($V$2>=N27,1,NETWORKDAYS.INTL(M27,$V$2,"0000110")/MAX(1,NETWORKDAYS.INTL(M27,N27,"0000110"))))) -> 1 | P27: =IF(O27="","",O27*H27) -> 127 | Q27: =K27 -> 0.56692913 | R27: =IF(O27="","",Q27-O27) -> -0.43307087 | S27: =IF(O27="","",I27-P27) -> -55 | T27: =IF(O27="","",IF(AND(O27=0,Q27=0),"لم يحن موعده",IF(R27<-0.005,"متأخر",IF(R27>0.005,"متقدم","مطابق")))) -> متأخر
F28: تركيب الكفرات مصائد الأمطارCovers Catsh Base | G28: عدد | H28: 127 | I28: =H28-127 -> 0 | J28: =H28-I28 -> 127 | K28: =I28/H28 -> 0 | L28: =J28/H28 -> 1 | M28: 46305 | N28: 46312 | O28: =IF(OR(M28="",N28=""),"",IF($V$2<M28,0,IF($V$2>=N28,1,NETWORKDAYS.INTL(M28,$V$2,"0000110")/MAX(1,NETWORKDAYS.INTL(M28,N28,"0000110"))))) -> 0 | P28: =IF(O28="","",O28*H28) -> 0 | Q28: =K28 -> 0 | R28: =IF(O28="","",Q28-O28) -> 0 | S28: =IF(O28="","",I28-P28) -> 0 | T28: =IF(O28="","",IF(AND(O28=0,Q28=0),"لم يحن موعده",IF(R28<-0.005,"متأخر",IF(R28>0.005,"متقدم","مطابق")))) -> لم يحن موعده
E29: شبكة الصرف | F29: تركيب المناهل Manhole | G29: عدد | H29: 41 | I29: =H29-10 -> 31 | J29: =H29-I29 -> 10 | K29: =I29/H29 -> 0.75609756 | L29: =J29/H29 -> 0.24390244 | M29: 46272 | N29: 46280 | O29: =IF(OR(M29="",N29=""),"",IF($V$2<M29,0,IF($V$2>=N29,1,NETWORKDAYS.INTL(M29,$V$2,"0000110")/MAX(1,NETWORKDAYS.INTL(M29,N29,"0000110"))))) -> 1 | P29: =IF(O29="","",O29*H29) -> 41 | Q29: =K29 -> 0.75609756 | R29: =IF(O29="","",Q29-O29) -> -0.24390244 | S29: =IF(O29="","",I29-P29) -> -10 | T29: =IF(O29="","",IF(AND(O29=0,Q29=0),"لم يحن موعده",IF(R29<-0.005,"متأخر",IF(R29>0.005,"متقدم","مطابق")))) -> متأخر
F30: حفر وتمديد الخطوط الرئيسيه Main Pipe | G30: م.ط | H30: 2226 | I30: =H30-598 -> 1628 | J30: =H30-I30 -> 598 | K30: =I30/H30 -> 0.73135669 | L30: =J30/H30 -> 0.26864331 | M30: 46272 | N30: 46280 | O30: =IF(OR(M30="",N30=""),"",IF($V$2<M30,0,IF($V$2>=N30,1,NETWORKDAYS.INTL(M30,$V$2,"0000110")/MAX(1,NETWORKDAYS.INTL(M30,N30,"0000110"))))) -> 1 | P30: =IF(O30="","",O30*H30) -> 2226 | Q30: =K30 -> 0.73135669 | R30: =IF(O30="","",Q30-O30) -> -0.26864331 | S30: =IF(O30="","",I30-P30) -> -598 | T30: =IF(O30="","",IF(AND(O30=0,Q30=0),"لم يحن موعده",IF(R30<-0.005,"متأخر",IF(R30>0.005,"متقدم","مطابق")))) -> متأخر
F31: تشكيل قاع المناهل Penching | G31: عدد | H31: 41 | I31: =H31-41 -> 0 | J31: =H31-I31 -> 41 | K31: =I31/H31 -> 0 | L31: =J31/H31 -> 1 | M31: 46274 | N31: 46282 | O31: =IF(OR(M31="",N31=""),"",IF($V$2<M31,0,IF($V$2>=N31,1,NETWORKDAYS.INTL(M31,$V$2,"0000110")/MAX(1,NETWORKDAYS.INTL(M31,N31,"0000110"))))) -> 1 | P31: =IF(O31="","",O31*H31) -> 41 | Q31: =K31 -> 0 | R31: =IF(O31="","",Q31-O31) -> -1 | S31: =IF(O31="","",I31-P31) -> -41 | T31: =IF(O31="","",IF(AND(O31=0,Q31=0),"لم يحن موعده",IF(R31<-0.005,"متأخر",IF(R31>0.005,"متقدم","مطابق")))) -> متأخر
F32: تركيب الكفرات للمناهل Manhole Cover | G32: عدد | H32: 41 | I32: =H32-41 -> 0 | J32: =H32-I32 -> 41 | K32: =I32/H32 -> 0 | L32: =J32/H32 -> 1 | M32: 46280 | N32: 46282 | O32: =IF(OR(M32="",N32=""),"",IF($V$2<M32,0,IF($V$2>=N32,1,NETWORKDAYS.INTL(M32,$V$2,"0000110")/MAX(1,NETWORKDAYS.INTL(M32,N32,"0000110"))))) -> 1 | P32: =IF(O32="","",O32*H32) -> 41 | Q32: =K32 -> 0 | R32: =IF(O32="","",Q32-O32) -> -1 | S32: =IF(O32="","",I32-P32) -> -41 | T32: =IF(O32="","",IF(AND(O32=0,Q32=0),"لم يحن موعده",IF(R32<-0.005,"متأخر",IF(R32>0.005,"متقدم","مطابق")))) -> متأخر
F33: اختبارات الخطوط الرئيسية test | G33: م.ط | H33: 2226 | I33: =H33-598 -> 1628 | J33: =H33-I33 -> 598 | K33: =I33/H33 -> 0.73135669 | L33: =J33/H33 -> 0.26864331 | M33: 46310 | N33: 46325 | O33: =IF(OR(M33="",N33=""),"",IF($V$2<M33,0,IF($V$2>=N33,1,NETWORKDAYS.INTL(M33,$V$2,"0000110")/MAX(1,NETWORKDAYS.INTL(M33,N33,"0000110"))))) -> 0 | P33: =IF(O33="","",O33*H33) -> 0 | Q33: =K33 -> 0.73135669 | R33: =IF(O33="","",Q33-O33) -> 0.73135669 | S33: =IF(O33="","",I33-P33) -> 1628 | T33: =IF(O33="","",IF(AND(O33=0,Q33=0),"لم يحن موعده",IF(R33<-0.005,"متأخر",IF(R33>0.005,"متقدم","مطابق")))) -> متقدم
E34: شبكة المياه | F34: حفر وتمديد الخطوط الرئيسية Main Pipe | G34: م.ط | H34: 2800 | I34: =H34-1389 -> 1411 | J34: =H34-I34 -> 1389 | K34: =I34/H34 -> 0.50392857 | L34: =J34/H34 -> 0.49607143 | M34: 46275 | N34: 46282 | O34: =IF(OR(M34="",N34=""),"",IF($V$2<M34,0,IF($V$2>=N34,1,NETWORKDAYS.INTL(M34,$V$2,"0000110")/MAX(1,NETWORKDAYS.INTL(M34,N34,"0000110"))))) -> 1 | P34: =IF(O34="","",O34*H34) -> 2800 | Q34: =K34 -> 0.50392857 | R34: =IF(O34="","",Q34-O34) -> -0.49607143 | S34: =IF(O34="","",I34-P34) -> -1389 | T34: =IF(O34="","",IF(AND(O34=0,Q34=0),"لم يحن موعده",IF(R34<-0.005,"متأخر",IF(R34>0.005,"متقدم","مطابق")))) -> متأخر
F35: غرف المحابس valve Chamber | G35: عدد | H35: 3 | I35: =H35-3 -> 0 | J35: =H35-I35 -> 3 | K35: =I35/H35 -> 0 | L35: =J35/H35 -> 1 | M35: 46283 | N35: 46283 | O35: =IF(OR(M35="",N35=""),"",IF($V$2<M35,0,IF($V$2>=N35,1,NETWORKDAYS.INTL(M35,$V$2,"0000110")/MAX(1,NETWORKDAYS.INTL(M35,N35,"0000110"))))) -> 1 | P35: =IF(O35="","",O35*H35) -> 3 | Q35: =K35 -> 0 | R35: =IF(O35="","",Q35-O35) -> -1 | S35: =IF(O35="","",I35-P35) -> -3 | T35: =IF(O35="","",IF(AND(O35=0,Q35=0),"لم يحن موعده",IF(R35<-0.005,"متأخر",IF(R35>0.005,"متقدم","مطابق")))) -> متأخر
F36: المحابس valve | G36: عدد | H36: 19 | I36: =H36-19 -> 0 | J36: =H36-I36 -> 19 | K36: =I36/H36 -> 0 | L36: =J36/H36 -> 1 | M36: 46283 | N36: 46290 | O36: =IF(OR(M36="",N36=""),"",IF($V$2<M36,0,IF($V$2>=N36,1,NETWORKDAYS.INTL(M36,$V$2,"0000110")/MAX(1,NETWORKDAYS.INTL(M36,N36,"0000110"))))) -> 1 | P36: =IF(O36="","",O36*H36) -> 19 | Q36: =K36 -> 0 | R36: =IF(O36="","",Q36-O36) -> -1 | S36: =IF(O36="","",I36-P36) -> -19 | T36: =IF(O36="","",IF(AND(O36=0,Q36=0),"لم يحن موعده",IF(R36<-0.005,"متأخر",IF(R36>0.005,"متقدم","مطابق")))) -> متأخر
F37: تركيب غرف المحابس valve Chamber | G37: عدد | H37: 3 | I37: =H37-3 -> 0 | J37: =H37-I37 -> 3 | K37: =I37/H37 -> 0 | L37: =J37/H37 -> 1 | M37: 46283 | N37: 46290 | O37: =IF(OR(M37="",N37=""),"",IF($V$2<M37,0,IF($V$2>=N37,1,NETWORKDAYS.INTL(M37,$V$2,"0000110")/MAX(1,NETWORKDAYS.INTL(M37,N37,"0000110"))))) -> 1 | P37: =IF(O37="","",O37*H37) -> 3 | Q37: =K37 -> 0 | R37: =IF(O37="","",Q37-O37) -> -1 | S37: =IF(O37="","",I37-P37) -> -3 | T37: =IF(O37="","",IF(AND(O37=0,Q37=0),"لم يحن موعده",IF(R37<-0.005,"متأخر",IF(R37>0.005,"متقدم","مطابق")))) -> متأخر
F38: تركيب طفايات الحريق Fire | G38: عدد | H38: 16 | I38: =H38-16 -> 0 | J38: =H38-I38 -> 16 | K38: =I38/H38 -> 0 | L38: =J38/H38 -> 1 | M38: 46296 | N38: 46304 | O38: =IF(OR(M38="",N38=""),"",IF($V$2<M38,0,IF($V$2>=N38,1,NETWORKDAYS.INTL(M38,$V$2,"0000110")/MAX(1,NETWORKDAYS.INTL(M38,N38,"0000110"))))) -> 0 | P38: =IF(O38="","",O38*H38) -> 0 | Q38: =K38 -> 0 | R38: =IF(O38="","",Q38-O38) -> 0 | S38: =IF(O38="","",I38-P38) -> 0 | T38: =IF(O38="","",IF(AND(O38=0,Q38=0),"لم يحن موعده",IF(R38<-0.005,"متأخر",IF(R38>0.005,"متقدم","مطابق")))) -> لم يحن موعده
F39: اختبارات الخطوط test | G39: م.ط | H39: 2800 | I39: =H39-2800 -> 0 | J39: =H39-I39 -> 2800 | K39: =I39/H39 -> 0 | L39: =J39/H39 -> 1 | M39: 46310 | N39: 46325 | O39: =IF(OR(M39="",N39=""),"",IF($V$2<M39,0,IF($V$2>=N39,1,NETWORKDAYS.INTL(M39,$V$2,"0000110")/MAX(1,NETWORKDAYS.INTL(M39,N39,"0000110"))))) -> 0 | P39: =IF(O39="","",O39*H39) -> 0 | Q39: =K39 -> 0 | R39: =IF(O39="","",Q39-O39) -> 0 | S39: =IF(O39="","",I39-P39) -> 0 | T39: =IF(O39="","",IF(AND(O39=0,Q39=0),"لم يحن موعده",IF(R39<-0.005,"متأخر",IF(R39>0.005,"متقدم","مطابق")))) -> لم يحن موعده
E40: شبكة الري | F40: حفر وتمديد الخطوط الرئيسية Main Pipe | G40: م.ط | H40: 3634 | I40: =H40-3634 -> 0 | J40: =H40-I40 -> 3634 | K40: =I40/H40 -> 0 | L40: =J40/H40 -> 1 | M40: 46283 | N40: 46290 | O40: =IF(OR(M40="",N40=""),"",IF($V$2<M40,0,IF($V$2>=N40,1,NETWORKDAYS.INTL(M40,$V$2,"0000110")/MAX(1,NETWORKDAYS.INTL(M40,N40,"0000110"))))) -> 1 | P40: =IF(O40="","",O40*H40) -> 3634 | Q40: =K40 -> 0 | R40: =IF(O40="","",Q40-O40) -> -1 | S40: =IF(O40="","",I40-P40) -> -3634 | T40: =IF(O40="","",IF(AND(O40=0,Q40=0),"لم يحن موعده",IF(R40<-0.005,"متأخر",IF(R40>0.005,"متقدم","مطابق")))) -> متأخر
F41: غرف الري(خرسانة) valve Chamber | G41: عدد | H41: 3 | I41: =H41-3 -> 0 | J41: =H41-I41 -> 3 | K41: =I41/H41 -> 0 | L41: =J41/H41 -> 1 | M41: 46285 | N41: 46292 | O41: =IF(OR(M41="",N41=""),"",IF($V$2<M41,0,IF($V$2>=N41,1,NETWORKDAYS.INTL(M41,$V$2,"0000110")/MAX(1,NETWORKDAYS.INTL(M41,N41,"0000110"))))) -> 1 | P41: =IF(O41="","",O41*H41) -> 3 | Q41: =K41 -> 0 | R41: =IF(O41="","",Q41-O41) -> -1 | S41: =IF(O41="","",I41-P41) -> -3 | T41: =IF(O41="","",IF(AND(O41=0,Q41=0),"لم يحن موعده",IF(R41<-0.005,"متأخر",IF(R41>0.005,"متقدم","مطابق")))) -> متأخر
F42: تركيب غرف المحابس (ميكانيكا) valve Chamber | G42: عدد | H42: 3 | I42: =H42-3 -> 0 | J42: =H42-I42 -> 3 | K42: =I42/H42 -> 0 | L42: =J42/H42 -> 1 | M42: 46286 | N42: 46286 | O42: =IF(OR(M42="",N42=""),"",IF($V$2<M42,0,IF($V$2>=N42,1,NETWORKDAYS.INTL(M42,$V$2,"0000110")/MAX(1,NETWORKDAYS.INTL(M42,N42,"0000110"))))) -> 1 | P42: =IF(O42="","",O42*H42) -> 3 | Q42: =K42 -> 0 | R42: =IF(O42="","",Q42-O42) -> -1 | S42: =IF(O42="","",I42-P42) -> -3 | T42: =IF(O42="","",IF(AND(O42=0,Q42=0),"لم يحن موعده",IF(R42<-0.005,"متأخر",IF(R42>0.005,"متقدم","مطابق")))) -> متأخر
F43: المحابس valve | G43: عدد | H43: 38 | I43: =H43-38 -> 0 | J43: =H43-I43 -> 38 | K43: =I43/H43 -> 0 | L43: =J43/H43 -> 1 | M43: 46286 | N43: 46293 | O43: =IF(OR(M43="",N43=""),"",IF($V$2<M43,0,IF($V$2>=N43,1,NETWORKDAYS.INTL(M43,$V$2,"0000110")/MAX(1,NETWORKDAYS.INTL(M43,N43,"0000110"))))) -> 1 | P43: =IF(O43="","",O43*H43) -> 38 | Q43: =K43 -> 0 | R43: =IF(O43="","",Q43-O43) -> -1 | S43: =IF(O43="","",I43-P43) -> -38 | T43: =IF(O43="","",IF(AND(O43=0,Q43=0),"لم يحن موعده",IF(R43<-0.005,"متأخر",IF(R43>0.005,"متقدم","مطابق")))) -> متأخر
F44: اختبارات الخطوط Test | G44: م.ط | H44: 3634 | I44: =H44-3634 -> 0 | J44: =H44-I44 -> 3634 | K44: =I44/H44 -> 0 | L44: =J44/H44 -> 1 | M44: 46310 | N44: 46325 | O44: =IF(OR(M44="",N44=""),"",IF($V$2<M44,0,IF($V$2>=N44,1,NETWORKDAYS.INTL(M44,$V$2,"0000110")/MAX(1,NETWORKDAYS.INTL(M44,N44,"0000110"))))) -> 0 | P44: =IF(O44="","",O44*H44) -> 0 | Q44: =K44 -> 0 | R44: =IF(O44="","",Q44-O44) -> 0 | S44: =IF(O44="","",I44-P44) -> 0 | T44: =IF(O44="","",IF(AND(O44=0,Q44=0),"لم يحن موعده",IF(R44<-0.005,"متأخر",IF(R44>0.005,"متقدم","مطابق")))) -> لم يحن موعده
E45: شبكة الجهد المتوسط | F45: حفر وتمديد الكابلات | G45: م.ط | H45: 6600 | I45: =H45-6600 -> 0 | J45: =H45-I45 -> 6600 | K45: =I45/H45 -> 0 | L45: =J45/H45 -> 1 | M45: 46283 | N45: 46290 | O45: =IF(OR(M45="",N45=""),"",IF($V$2<M45,0,IF($V$2>=N45,1,NETWORKDAYS.INTL(M45,$V$2,"0000110")/MAX(1,NETWORKDAYS.INTL(M45,N45,"0000110"))))) -> 1 | P45: =IF(O45="","",O45*H45) -> 6600 | Q45: =K45 -> 0 | R45: =IF(O45="","",Q45-O45) -> -1 | S45: =IF(O45="","",I45-P45) -> -6600 | T45: =IF(O45="","",IF(AND(O45=0,Q45=0),"لم يحن موعده",IF(R45<-0.005,"متأخر",IF(R45>0.005,"متقدم","مطابق")))) -> متأخر
F46: صب حيز المحولات -safety barrier | G46: عدد | H46: 2 | I46: =H46-1 -> 1 | J46: =H46-I46 -> 1 | K46: =I46/H46 -> 0.5 | L46: =J46/H46 -> 0.5 | M46: 46283 | N46: 46283 | O46: =IF(OR(M46="",N46=""),"",IF($V$2<M46,0,IF($V$2>=N46,1,NETWORKDAYS.INTL(M46,$V$2,"0000110")/MAX(1,NETWORKDAYS.INTL(M46,N46,"0000110"))))) -> 1 | P46: =IF(O46="","",O46*H46) -> 2 | Q46: =K46 -> 0.5 | R46: =IF(O46="","",Q46-O46) -> -0.5 | S46: =IF(O46="","",I46-P46) -> -1 | T46: =IF(O46="","",IF(AND(O46=0,Q46=0),"لم يحن موعده",IF(R46<-0.005,"متأخر",IF(R46>0.005,"متقدم","مطابق")))) -> متأخر
F47: تركيب قواعد RMU | G47: عدد | H47: 2 | I47: =H47-1 -> 1 | J47: =H47-I47 -> 1 | K47: =I47/H47 -> 0.5 | L47: =J47/H47 -> 0.5 | M47: 46285 | N47: 46285 | O47: =IF(OR(M47="",N47=""),"",IF($V$2<M47,0,IF($V$2>=N47,1,NETWORKDAYS.INTL(M47,$V$2,"0000110")/MAX(1,NETWORKDAYS.INTL(M47,N47,"0000110"))))) -> 1 | P47: =IF(O47="","",O47*H47) -> 2 | Q47: =K47 -> 0.5 | R47: =IF(O47="","",Q47-O47) -> -0.5 | S47: =IF(O47="","",I47-P47) -> -1 | T47: =IF(O47="","",IF(AND(O47=0,Q47=0),"لم يحن موعده",IF(R47<-0.005,"متأخر",IF(R47>0.005,"متقدم","مطابق")))) -> متأخر
F48: تركيب RMU | G48: عدد | H48: 2 | I48: =H48-1 -> 1 | J48: =H48-I48 -> 1 | K48: =I48/H48 -> 0.5 | L48: =J48/H48 -> 0.5 | M48: 46291 | N48: 46291 | O48: =IF(OR(M48="",N48=""),"",IF($V$2<M48,0,IF($V$2>=N48,1,NETWORKDAYS.INTL(M48,$V$2,"0000110")/MAX(1,NETWORKDAYS.INTL(M48,N48,"0000110"))))) -> 1 | P48: =IF(O48="","",O48*H48) -> 2 | Q48: =K48 -> 0.5 | R48: =IF(O48="","",Q48-O48) -> -0.5 | S48: =IF(O48="","",I48-P48) -> -1 | T48: =IF(O48="","",IF(AND(O48=0,Q48=0),"لم يحن موعده",IF(R48<-0.005,"متأخر",IF(R48>0.005,"متقدم","مطابق")))) -> متأخر
E49: شبكة الإنارة | F49: حفر وتمديد الكابلات | G49: م.ط | H49: 7276 | I49: =H49-7276 -> 0 | J49: =H49-I49 -> 7276 | K49: =I49/H49 -> 0 | L49: =J49/H49 -> 1 | M49: 46283 | N49: 46291 | O49: =IF(OR(M49="",N49=""),"",IF($V$2<M49,0,IF($V$2>=N49,1,NETWORKDAYS.INTL(M49,$V$2,"0000110")/MAX(1,NETWORKDAYS.INTL(M49,N49,"0000110"))))) -> 1 | P49: =IF(O49="","",O49*H49) -> 7276 | Q49: =K49 -> 0 | R49: =IF(O49="","",Q49-O49) -> -1 | S49: =IF(O49="","",I49-P49) -> -7276 | T49: =IF(O49="","",IF(AND(O49=0,Q49=0),"لم يحن موعده",IF(R49<-0.005,"متأخر",IF(R49>0.005,"متقدم","مطابق")))) -> متأخر
F50: تركيب قواعد الأعمده | G50: عدد | H50: 126 | I50: =H50-126 -> 0 | J50: =H50-I50 -> 126 | K50: =I50/H50 -> 0 | L50: =J50/H50 -> 1 | M50: 46272 | N50: 46287 | O50: =IF(OR(M50="",N50=""),"",IF($V$2<M50,0,IF($V$2>=N50,1,NETWORKDAYS.INTL(M50,$V$2,"0000110")/MAX(1,NETWORKDAYS.INTL(M50,N50,"0000110"))))) -> 1 | P50: =IF(O50="","",O50*H50) -> 126 | Q50: =K50 -> 0 | R50: =IF(O50="","",Q50-O50) -> -1 | S50: =IF(O50="","",I50-P50) -> -126 | T50: =IF(O50="","",IF(AND(O50=0,Q50=0),"لم يحن موعده",IF(R50<-0.005,"متأخر",IF(R50>0.005,"متقدم","مطابق")))) -> متأخر
F51: تركيب أعمدة الإنارة | G51: عدد | H51: 126 | I51: =H51-126 -> 0 | J51: =H51-I51 -> 126 | K51: =I51/H51 -> 0 | L51: =J51/H51 -> 1 | M51: 46278 | N51: 46293 | O51: =IF(OR(M51="",N51=""),"",IF($V$2<M51,0,IF($V$2>=N51,1,NETWORKDAYS.INTL(M51,$V$2,"0000110")/MAX(1,NETWORKDAYS.INTL(M51,N51,"0000110"))))) -> 1 | P51: =IF(O51="","",O51*H51) -> 126 | Q51: =K51 -> 0 | R51: =IF(O51="","",Q51-O51) -> -1 | S51: =IF(O51="","",I51-P51) -> -126 | T51: =IF(O51="","",IF(AND(O51=0,Q51=0),"لم يحن موعده",IF(R51<-0.005,"متأخر",IF(R51>0.005,"متقدم","مطابق")))) -> متأخر
F52: تركيب كشافات إنارة | G52: عدد | H52: 126 | I52: =H52-126 -> 0 | J52: =H52-I52 -> 126 | K52: =I52/H52 -> 0 | L52: =J52/H52 -> 1 | M52: 46281 | N52: 46307 | O52: =IF(OR(M52="",N52=""),"",IF($V$2<M52,0,IF($V$2>=N52,1,NETWORKDAYS.INTL(M52,$V$2,"0000110")/MAX(1,NETWORKDAYS.INTL(M52,N52,"0000110"))))) -> 0.52631579 | P52: =IF(O52="","",O52*H52) -> 66.315789 | Q52: =K52 -> 0 | R52: =IF(O52="","",Q52-O52) -> -0.52631579 | S52: =IF(O52="","",I52-P52) -> -66.315789 | T52: =IF(O52="","",IF(AND(O52=0,Q52=0),"لم يحن موعده",IF(R52<-0.005,"متأخر",IF(R52>0.005,"متقدم","مطابق")))) -> متأخر
E53: شبكة الاتصالات | F53: اعمال الحفر والتأسيس للشبكه | G53: م.ط | H53: 3314 | I53: =H53-3314 -> 0 | J53: =H53-I53 -> 3314 | K53: =I53/H53 -> 0 | L53: =J53/H53 -> 1 | M53: 46286 | N53: 46295 | O53: =IF(OR(M53="",N53=""),"",IF($V$2<M53,0,IF($V$2>=N53,1,NETWORKDAYS.INTL(M53,$V$2,"0000110")/MAX(1,NETWORKDAYS.INTL(M53,N53,"0000110"))))) -> 0.875 | P53: =IF(O53="","",O53*H53) -> 2899.75 | Q53: =K53 -> 0 | R53: =IF(O53="","",Q53-O53) -> -0.875 | S53: =IF(O53="","",I53-P53) -> -2899.75 | T53: =IF(O53="","",IF(AND(O53=0,Q53=0),"لم يحن موعده",IF(R53<-0.005,"متأخر",IF(R53>0.005,"متقدم","مطابق")))) -> متأخر
F54: اعمال تركيب الهاند هول/مانهول | G54: عدد | H54: 18 | I54: =H54-18 -> 0 | J54: =H54-I54 -> 18 | K54: =I54/H54 -> 0 | L54: =J54/H54 -> 1 | M54: 46286 | N54: 46295 | O54: =IF(OR(M54="",N54=""),"",IF($V$2<M54,0,IF($V$2>=N54,1,NETWORKDAYS.INTL(M54,$V$2,"0000110")/MAX(1,NETWORKDAYS.INTL(M54,N54,"0000110"))))) -> 0.875 | P54: =IF(O54="","",O54*H54) -> 15.75 | Q54: =K54 -> 0 | R54: =IF(O54="","",Q54-O54) -> -0.875 | S54: =IF(O54="","",I54-P54) -> -15.75 | T54: =IF(O54="","",IF(AND(O54=0,Q54=0),"لم يحن موعده",IF(R54<-0.005,"متأخر",IF(R54>0.005,"متقدم","مطابق")))) -> متأخر
E55: اعمال الطرق | F55: أعمال طبقة ال Capping (30سم) | G55: م3 | H55: 16682 | I55: =H55-16682 -> 0 | J55: =H55-I55 -> 16682 | K55: =I55/H55 -> 0 | L55: =J55/H55 -> 1 | M55: 46280 | N55: 46284 | O55: =IF(OR(M55="",N55=""),"",IF($V$2<M55,0,IF($V$2>=N55,1,NETWORKDAYS.INTL(M55,$V$2,"0000110")/MAX(1,NETWORKDAYS.INTL(M55,N55,"0000110"))))) -> 1 | P55: =IF(O55="","",O55*H55) -> 16682 | Q55: =K55 -> 0 | R55: =IF(O55="","",Q55-O55) -> -1 | S55: =IF(O55="","",I55-P55) -> -16682 | T55: =IF(O55="","",IF(AND(O55=0,Q55=0),"لم يحن موعده",IF(R55<-0.005,"متأخر",IF(R55>0.005,"متقدم","مطابق")))) -> متأخر
F56: أعمال طبقة الصب جريد (30سم) | G56: م3 | H56: 16771 | I56: =H56-16771 -> 0 | J56: =H56-I56 -> 16771 | K56: =I56/H56 -> 0 | L56: =J56/H56 -> 1 | M56: 46282 | N56: 46290 | O56: =IF(OR(M56="",N56=""),"",IF($V$2<M56,0,IF($V$2>=N56,1,NETWORKDAYS.INTL(M56,$V$2,"0000110")/MAX(1,NETWORKDAYS.INTL(M56,N56,"0000110"))))) -> 1 | P56: =IF(O56="","",O56*H56) -> 16771 | Q56: =K56 -> 0 | R56: =IF(O56="","",Q56-O56) -> -1 | S56: =IF(O56="","",I56-P56) -> -16771 | T56: =IF(O56="","",IF(AND(O56=0,Q56=0),"لم يحن موعده",IF(R56<-0.005,"متأخر",IF(R56>0.005,"متقدم","مطابق")))) -> متأخر
F57: أعمال طبقة البيسكورس | G57: م3 | H57: 10347 | I57: =H57-10347 -> 0 | J57: =H57-I57 -> 10347 | K57: =I57/H57 -> 0 | L57: =J57/H57 -> 1 | M57: 46291 | N57: 46295 | O57: =IF(OR(M57="",N57=""),"",IF($V$2<M57,0,IF($V$2>=N57,1,NETWORKDAYS.INTL(M57,$V$2,"0000110")/MAX(1,NETWORKDAYS.INTL(M57,N57,"0000110"))))) -> 0.75 | P57: =IF(O57="","",O57*H57) -> 7760.25 | Q57: =K57 -> 0 | R57: =IF(O57="","",Q57-O57) -> -0.75 | S57: =IF(O57="","",I57-P57) -> -7760.25 | T57: =IF(O57="","",IF(AND(O57=0,Q57=0),"لم يحن موعده",IF(R57<-0.005,"متأخر",IF(R57>0.005,"متقدم","مطابق")))) -> متأخر
F58: أعمال الأسفلت | G58: م3 | H58: 4053.3333 | I58: 0 | J58: =H58-I58 -> 4053.3333 | K58: =I58/H58 -> 0 | L58: =J58/H58 -> 1 | M58: 46298 | N58: 46302 | O58: =IF(OR(M58="",N58=""),"",IF($V$2<M58,0,IF($V$2>=N58,1,NETWORKDAYS.INTL(M58,$V$2,"0000110")/MAX(1,NETWORKDAYS.INTL(M58,N58,"0000110"))))) -> 0 | P58: =IF(O58="","",O58*H58) -> 0 | Q58: =K58 -> 0 | R58: =IF(O58="","",Q58-O58) -> 0 | S58: =IF(O58="","",I58-P58) -> 0 | T58: =IF(O58="","",IF(AND(O58=0,Q58=0),"لم يحن موعده",IF(R58<-0.005,"متأخر",IF(R58>0.005,"متقدم","مطابق")))) -> لم يحن موعده
F59: أعمال الأسفلت | G59: م3 | H59: 2533.3333 | I59: 0 | J59: =H59-I59 -> 2533.3333 | K59: =I59/H59 -> 0 | L59: =J59/H59 -> 1 | M59: 46320 | N59: 46321 | O59: =IF(OR(M59="",N59=""),"",IF($V$2<M59,0,IF($V$2>=N59,1,NETWORKDAYS.INTL(M59,$V$2,"0000110")/MAX(1,NETWORKDAYS.INTL(M59,N59,"0000110"))))) -> 0 | P59: =IF(O59="","",O59*H59) -> 0 | Q59: =K59 -> 0 | R59: =IF(O59="","",Q59-O59) -> 0 | S59: =IF(O59="","",I59-P59) -> 0 | T59: =IF(O59="","",IF(AND(O59=0,Q59=0),"لم يحن موعده",IF(R59<-0.005,"متأخر",IF(R59>0.005,"متقدم","مطابق")))) -> لم يحن موعده
A60: 3 | B60: RD11 | C60: 46287 | D60: 30-10-2026 | E60: شبكة الجهد المتوسط | F60: حفر وتمديد الكابلات | G60: م.ط | H60: 641 | I60: =H60-0 -> 641 | J60: =H60-I60 -> 0 | K60: =I60/H60 -> 1 | L60: =J60/H60 -> 0 | M60: 46287 | N60: 46289 | O60: =IF(OR(M60="",N60=""),"",IF($V$2<M60,0,IF($V$2>=N60,1,NETWORKDAYS.INTL(M60,$V$2,"0000110")/MAX(1,NETWORKDAYS.INTL(M60,N60,"0000110"))))) -> 1 | P60: =IF(O60="","",O60*H60) -> 641 | Q60: =K60 -> 1 | R60: =IF(O60="","",Q60-O60) -> 0 | S60: =IF(O60="","",I60-P60) -> 0 | T60: =IF(O60="","",IF(AND(O60=0,Q60=0),"لم يحن موعده",IF(R60<-0.005,"متأخر",IF(R60>0.005,"متقدم","مطابق")))) -> مطابق
E61: اعمال الطرق | F61: أعمال الأسفلت طبقة ثانية | G61: م3 | H61: 865 | I61: 0 | J61: =H61-I61 -> 865 | K61: =I61/H61 -> 0 | L61: =J61/H61 -> 1 | M61: 46311 | N61: 46311 | O61: =IF(OR(M61="",N61=""),"",IF($V$2<M61,0,IF($V$2>=N61,1,NETWORKDAYS.INTL(M61,$V$2,"0000110")/MAX(1,NETWORKDAYS.INTL(M61,N61,"0000110"))))) -> 0 | P61: =IF(O61="","",O61*H61) -> 0 | Q61: =K61 -> 0 | R61: =IF(O61="","",Q61-O61) -> 0 | S61: =IF(O61="","",I61-P61) -> 0 | T61: =IF(O61="","",IF(AND(O61=0,Q61=0),"لم يحن موعده",IF(R61<-0.005,"متأخر",IF(R61>0.005,"متقدم","مطابق")))) -> لم يحن موعده
E62: شبكة الري | F62: حفر وتمديد الخطوط الرئيسية Main Pipe | G62: م.ط | H62: 694 | I62: =H62-694 -> 0 | J62: =H62-I62 -> 694 | K62: =I62/H62 -> 0 | L62: =J62/H62 -> 1 | M62: 46310 | N62: 46325 | O62: =IF(OR(M62="",N62=""),"",IF($V$2<M62,0,IF($V$2>=N62,1,NETWORKDAYS.INTL(M62,$V$2,"0000110")/MAX(1,NETWORKDAYS.INTL(M62,N62,"0000110"))))) -> 0 | P62: =IF(O62="","",O62*H62) -> 0 | Q62: =K62 -> 0 | R62: =IF(O62="","",Q62-O62) -> 0 | S62: =IF(O62="","",I62-P62) -> 0 | T62: =IF(O62="","",IF(AND(O62=0,Q62=0),"لم يحن موعده",IF(R62<-0.005,"متأخر",IF(R62>0.005,"متقدم","مطابق")))) -> لم يحن موعده
A63: 4 | B63: RD 14 | C63: 46275 | D63: 46309 | F63: أعمال الأسفلت طبقة اولي | G63: م3 | H63: 668.66667 | I63: 271.65 | J63: =H63-I63 -> 397.01667 | K63: =I63/H63 -> 0.40625623 | L63: =J63/H63 -> 0.59374377 | M63: 46275 | N63: 46276 | O63: =IF(OR(M63="",N63=""),"",IF($V$2<M63,0,IF($V$2>=N63,1,NETWORKDAYS.INTL(M63,$V$2,"0000110")/MAX(1,NETWORKDAYS.INTL(M63,N63,"0000110"))))) -> 1 | P63: =IF(O63="","",O63*H63) -> 668.66667 | Q63: =K63 -> 0.40625623 | R63: =IF(O63="","",Q63-O63) -> -0.59374377 | S63: =IF(O63="","",I63-P63) -> -397.01667 | T63: =IF(O63="","",IF(AND(O63=0,Q63=0),"لم يحن موعده",IF(R63<-0.005,"متأخر",IF(R63>0.005,"متقدم","مطابق")))) -> متأخر
F64: اعمال البردورات+انترلوك | G64: م.ط | H64: 7380 | I64: =H64-7380 -> 0 | J64: =H64-I64 -> 7380 | K64: =I64/H64 -> 0 | L64: =J64/H64 -> 1 | M64: 46278 | N64: 46290 | O64: =IF(OR(M64="",N64=""),"",IF($V$2<M64,0,IF($V$2>=N64,1,NETWORKDAYS.INTL(M64,$V$2,"0000110")/MAX(1,NETWORKDAYS.INTL(M64,N64,"0000110"))))) -> 1 | P64: =IF(O64="","",O64*H64) -> 7380 | Q64: =K64 -> 0 | R64: =IF(O64="","",Q64-O64) -> -1 | S64: =IF(O64="","",I64-P64) -> -7380 | T64: =IF(O64="","",IF(AND(O64=0,Q64=0),"لم يحن موعده",IF(R64<-0.005,"متأخر",IF(R64>0.005,"متقدم","مطابق")))) -> متأخر
F65: أعمال الأسفلت طبقة ثانية | G65: م3 | H65: 417.91667 | I65: 0 | J65: =H65-I65 -> 417.91667 | K65: =I65/H65 -> 0 | L65: =J65/H65 -> 1 | M65: 46308 | N65: 46309 | O65: =IF(OR(M65="",N65=""),"",IF($V$2<M65,0,IF($V$2>=N65,1,NETWORKDAYS.INTL(M65,$V$2,"0000110")/MAX(1,NETWORKDAYS.INTL(M65,N65,"0000110"))))) -> 0 | P65: =IF(O65="","",O65*H65) -> 0 | Q65: =K65 -> 0 | R65: =IF(O65="","",Q65-O65) -> 0 | S65: =IF(O65="","",I65-P65) -> 0 | T65: =IF(O65="","",IF(AND(O65=0,Q65=0),"لم يحن موعده",IF(R65<-0.005,"متأخر",IF(R65>0.005,"متقدم","مطابق")))) -> لم يحن موعده
A66: 5 | B66: RD15 | C66: 46272 | D66: 46307 | E66: اعمال الطرق | F66: اعمال البردورات+انترلوك | G66: م.ط | H66: 3478 | I66: =H66-0 -> 3478 | J66: =H66-I66 -> 0 | K66: =I66/H66 -> 1 | L66: =J66/H66 -> 0 | M66: 46272 | N66: 46286 | O66: =IF(OR(M66="",N66=""),"",IF($V$2<M66,0,IF($V$2>=N66,1,NETWORKDAYS.INTL(M66,$V$2,"0000110")/MAX(1,NETWORKDAYS.INTL(M66,N66,"0000110"))))) -> 1 | P66: =IF(O66="","",O66*H66) -> 3478 | Q66: =K66 -> 1 | R66: =IF(O66="","",Q66-O66) -> 0 | S66: =IF(O66="","",I66-P66) -> 0 | T66: =IF(O66="","",IF(AND(O66=0,Q66=0),"لم يحن موعده",IF(R66<-0.005,"متأخر",IF(R66>0.005,"متقدم","مطابق")))) -> مطابق
F67: أعمال الأسفلت طبقة ثانية | G67: م3 | H67: 1414.32 | I67: 0 | J67: =H67-I67 -> 1414.32 | K67: =I67/H67 -> 0 | L67: =J67/H67 -> 1 | M67: 46306 | N67: 46307 | O67: =IF(OR(M67="",N67=""),"",IF($V$2<M67,0,IF($V$2>=N67,1,NETWORKDAYS.INTL(M67,$V$2,"0000110")/MAX(1,NETWORKDAYS.INTL(M67,N67,"0000110"))))) -> 0 | P67: =IF(O67="","",O67*H67) -> 0 | Q67: =K67 -> 0 | R67: =IF(O67="","",Q67-O67) -> 0 | S67: =IF(O67="","",I67-P67) -> 0 | T67: =IF(O67="","",IF(AND(O67=0,Q67=0),"لم يحن موعده",IF(R67<-0.005,"متأخر",IF(R67>0.005,"متقدم","مطابق")))) -> لم يحن موعده
A68: 6 | B68: RD16 | C68: 46272 | D68: 46305 | E68: اعمال الطرق | F68: اعمال البردورات+انترلوك | G68: م.ط | H68: 3321 | I68: =H68-0 -> 3321 | J68: =H68-I68 -> 0 | K68: =I68/H68 -> 1 | L68: =J68/H68 -> 0 | M68: 46272 | N68: 46286 | O68: =IF(OR(M68="",N68=""),"",IF($V$2<M68,0,IF($V$2>=N68,1,NETWORKDAYS.INTL(M68,$V$2,"0000110")/MAX(1,NETWORKDAYS.INTL(M68,N68,"0000110"))))) -> 1 | P68: =IF(O68="","",O68*H68) -> 3321 | Q68: =K68 -> 1 | R68: =IF(O68="","",Q68-O68) -> 0 | S68: =IF(O68="","",I68-P68) -> 0 | T68: =IF(O68="","",IF(AND(O68=0,Q68=0),"لم يحن موعده",IF(R68<-0.005,"متأخر",IF(R68>0.005,"متقدم","مطابق")))) -> مطابق
F69: أعمال الأسفلت طبقة ثانية | G69: م3 | H69: 1401.6 | I69: 0 | J69: =H69-I69 -> 1401.6 | K69: =I69/H69 -> 0 | L69: =J69/H69 -> 1 | M69: 46304 | N69: 46305 | O69: =IF(OR(M69="",N69=""),"",IF($V$2<M69,0,IF($V$2>=N69,1,NETWORKDAYS.INTL(M69,$V$2,"0000110")/MAX(1,NETWORKDAYS.INTL(M69,N69,"0000110"))))) -> 0 | P69: =IF(O69="","",O69*H69) -> 0 | Q69: =K69 -> 0 | R69: =IF(O69="","",Q69-O69) -> 0 | S69: =IF(O69="","",I69-P69) -> 0 | T69: =IF(O69="","",IF(AND(O69=0,Q69=0),"لم يحن موعده",IF(R69<-0.005,"متأخر",IF(R69>0.005,"متقدم","مطابق")))) -> لم يحن موعده
A70: 7 | B70: RD17 | C70: 46272 | D70: 46303 | E70: اعمال الطرق | F70: اعمال البردورات+انترلوك | G70: م.ط | H70: 3147 | I70: =H70-0 -> 3147 | J70: =H70-I70 -> 0 | K70: =I70/H70 -> 1 | L70: =J70/H70 -> 0 | M70: 46272 | N70: 46286 | O70: =IF(OR(M70="",N70=""),"",IF($V$2<M70,0,IF($V$2>=N70,1,NETWORKDAYS.INTL(M70,$V$2,"0000110")/MAX(1,NETWORKDAYS.INTL(M70,N70,"0000110"))))) -> 1 | P70: =IF(O70="","",O70*H70) -> 3147 | Q70: =K70 -> 1 | R70: =IF(O70="","",Q70-O70) -> 0 | S70: =IF(O70="","",I70-P70) -> 0 | T70: =IF(O70="","",IF(AND(O70=0,Q70=0),"لم يحن موعده",IF(R70<-0.005,"متأخر",IF(R70>0.005,"متقدم","مطابق")))) -> مطابق
F71: أعمال الأسفلت طبقة ثانية | G71: م3 | H71: 987.24 | I71: 0 | J71: =H71-I71 -> 987.24 | K71: =I71/H71 -> 0 | L71: =J71/H71 -> 1 | M71: 46302 | N71: 46303 | O71: =IF(OR(M71="",N71=""),"",IF($V$2<M71,0,IF($V$2>=N71,1,NETWORKDAYS.INTL(M71,$V$2,"0000110")/MAX(1,NETWORKDAYS.INTL(M71,N71,"0000110"))))) -> 0 | P71: =IF(O71="","",O71*H71) -> 0 | Q71: =K71 -> 0 | R71: =IF(O71="","",Q71-O71) -> 0 | S71: =IF(O71="","",I71-P71) -> 0 | T71: =IF(O71="","",IF(AND(O71=0,Q71=0),"لم يحن موعده",IF(R71<-0.005,"متأخر",IF(R71>0.005,"متقدم","مطابق")))) -> لم يحن موعده
A72: 8 | B72: RD18 | C72: 46272 | D72: 46301 | E72: اعمال الطرق | F72: اعمال البردورات+انترلوك | G72: م.ط | H72: 3051 | I72: =H72-0 -> 3051 | J72: =H72-I72 -> 0 | K72: =I72/H72 -> 1 | L72: =J72/H72 -> 0 | M72: 46272 | N72: 46286 | O72: =IF(OR(M72="",N72=""),"",IF($V$2<M72,0,IF($V$2>=N72,1,NETWORKDAYS.INTL(M72,$V$2,"0000110")/MAX(1,NETWORKDAYS.INTL(M72,N72,"0000110"))))) -> 1 | P72: =IF(O72="","",O72*H72) -> 3051 | Q72: =K72 -> 1 | R72: =IF(O72="","",Q72-O72) -> 0 | S72: =IF(O72="","",I72-P72) -> 0 | T72: =IF(O72="","",IF(AND(O72=0,Q72=0),"لم يحن موعده",IF(R72<-0.005,"متأخر",IF(R72>0.005,"متقدم","مطابق")))) -> مطابق
F73: أعمال الأسفلت طبقة ثانية | G73: م3 | H73: 1301.88 | I73: 0 | J73: =H73-I73 -> 1301.88 | K73: =I73/H73 -> 0 | L73: =J73/H73 -> 1 | M73: 46300 | N73: 46301 | O73: =IF(OR(M73="",N73=""),"",IF($V$2<M73,0,IF($V$2>=N73,1,NETWORKDAYS.INTL(M73,$V$2,"0000110")/MAX(1,NETWORKDAYS.INTL(M73,N73,"0000110"))))) -> 0 | P73: =IF(O73="","",O73*H73) -> 0 | Q73: =K73 -> 0 | R73: =IF(O73="","",Q73-O73) -> 0 | S73: =IF(O73="","",I73-P73) -> 0 | T73: =IF(O73="","",IF(AND(O73=0,Q73=0),"لم يحن موعده",IF(R73<-0.005,"متأخر",IF(R73>0.005,"متقدم","مطابق")))) -> لم يحن موعده
A74: 9 | B74: RD23 | C74: 46272 | D74: 21/10/2026 | E74: شبكة تصريف السيول | F74: تركيب المناهل Manhole | G74: عدد | H74: 25 | I74: =H74-3 -> 22 | J74: =H74-I74 -> 3 | K74: =I74/H74 -> 0.88 | L74: =J74/H74 -> 0.12 | M74: 46272 | N74: 46275 | O74: =IF(OR(M74="",N74=""),"",IF($V$2<M74,0,IF($V$2>=N74,1,NETWORKDAYS.INTL(M74,$V$2,"0000110")/MAX(1,NETWORKDAYS.INTL(M74,N74,"0000110"))))) -> 1 | P74: =IF(O74="","",O74*H74) -> 25 | Q74: =K74 -> 0.88 | R74: =IF(O74="","",Q74-O74) -> -0.12 | S74: =IF(O74="","",I74-P74) -> -3 | T74: =IF(O74="","",IF(AND(O74=0,Q74=0),"لم يحن موعده",IF(R74<-0.005,"متأخر",IF(R74>0.005,"متقدم","مطابق")))) -> متأخر
F75: تشكيل قاع المناهل الرئيسيه Penching | G75: عدد | H75: 25 | I75: =H75-25 -> 0 | J75: =H75-I75 -> 25 | K75: =I75/H75 -> 0 | L75: =J75/H75 -> 1 | M75: 46272 | N75: 46280 | O75: =IF(OR(M75="",N75=""),"",IF($V$2<M75,0,IF($V$2>=N75,1,NETWORKDAYS.INTL(M75,$V$2,"0000110")/MAX(1,NETWORKDAYS.INTL(M75,N75,"0000110"))))) -> 1 | P75: =IF(O75="","",O75*H75) -> 25 | Q75: =K75 -> 0 | R75: =IF(O75="","",Q75-O75) -> -1 | S75: =IF(O75="","",I75-P75) -> -25 | T75: =IF(O75="","",IF(AND(O75=0,Q75=0),"لم يحن موعده",IF(R75<-0.005,"متأخر",IF(R75>0.005,"متقدم","مطابق")))) -> متأخر
F76: تركيب الكفرات للمناهل الرئيسية Manhole Cover | G76: عدد | H76: 25 | I76: =H76-25 -> 0 | J76: =H76-I76 -> 25 | K76: =I76/H76 -> 0 | L76: =J76/H76 -> 1 | M76: 46313 | N76: 46320 | O76: =IF(OR(M76="",N76=""),"",IF($V$2<M76,0,IF($V$2>=N76,1,NETWORKDAYS.INTL(M76,$V$2,"0000110")/MAX(1,NETWORKDAYS.INTL(M76,N76,"0000110"))))) -> 0 | P76: =IF(O76="","",O76*H76) -> 0 | Q76: =K76 -> 0 | R76: =IF(O76="","",Q76-O76) -> 0 | S76: =IF(O76="","",I76-P76) -> 0 | T76: =IF(O76="","",IF(AND(O76=0,Q76=0),"لم يحن موعده",IF(R76<-0.005,"متأخر",IF(R76>0.005,"متقدم","مطابق")))) -> لم يحن موعده
F77: تركيب الكفرات مصائد الأمطارCovers Catsh Base | G77: عدد | H77: 65 | I77: =H77-65 -> 0 | J77: =H77-I77 -> 65 | K77: =I77/H77 -> 0 | L77: =J77/H77 -> 1 | M77: 46313 | N77: 46320 | O77: =IF(OR(M77="",N77=""),"",IF($V$2<M77,0,IF($V$2>=N77,1,NETWORKDAYS.INTL(M77,$V$2,"0000110")/MAX(1,NETWORKDAYS.INTL(M77,N77,"0000110"))))) -> 0 | P77: =IF(O77="","",O77*H77) -> 0 | Q77: =K77 -> 0 | R77: =IF(O77="","",Q77-O77) -> 0 | S77: =IF(O77="","",I77-P77) -> 0 | T77: =IF(O77="","",IF(AND(O77=0,Q77=0),"لم يحن موعده",IF(R77<-0.005,"متأخر",IF(R77>0.005,"متقدم","مطابق")))) -> لم يحن موعده
E78: شبكة الصرف | F78: حفر وتمديد الخطوط الرئيسيه Main Pipe | G78: م.ط | H78: 1900 | I78: =H78-1380 -> 520 | J78: =H78-I78 -> 1380 | K78: =I78/H78 -> 0.27368421 | L78: =J78/H78 -> 0.72631579 | M78: 46274 | N78: 46280 | O78: =IF(OR(M78="",N78=""),"",IF($V$2<M78,0,IF($V$2>=N78,1,NETWORKDAYS.INTL(M78,$V$2,"0000110")/MAX(1,NETWORKDAYS.INTL(M78,N78,"0000110"))))) -> 1 | P78: =IF(O78="","",O78*H78) -> 1900 | Q78: =K78 -> 0.27368421 | R78: =IF(O78="","",Q78-O78) -> -0.72631579 | S78: =IF(O78="","",I78-P78) -> -1380 | T78: =IF(O78="","",IF(AND(O78=0,Q78=0),"لم يحن موعده",IF(R78<-0.005,"متأخر",IF(R78>0.005,"متقدم","مطابق")))) -> متأخر
F79: اختبارات الخطوط الرئيسية test | G79: م.ط | H79: 1900 | I79: =H79-1900 -> 0 | J79: =H79-I79 -> 1900 | K79: =I79/H79 -> 0 | L79: =J79/H79 -> 1 | M79: 46286 | N79: 46293 | O79: =IF(OR(M79="",N79=""),"",IF($V$2<M79,0,IF($V$2>=N79,1,NETWORKDAYS.INTL(M79,$V$2,"0000110")/MAX(1,NETWORKDAYS.INTL(M79,N79,"0000110"))))) -> 1 | P79: =IF(O79="","",O79*H79) -> 1900 | Q79: =K79 -> 0 | R79: =IF(O79="","",Q79-O79) -> -1 | S79: =IF(O79="","",I79-P79) -> -1900 | T79: =IF(O79="","",IF(AND(O79=0,Q79=0),"لم يحن موعده",IF(R79<-0.005,"متأخر",IF(R79>0.005,"متقدم","مطابق")))) -> متأخر
F80: غرف طرد | G80: عدد | H80: 7 | I80: =H80-7 -> 0 | J80: =H80-I80 -> 7 | K80: =I80/H80 -> 0 | L80: =J80/H80 -> 1 | M80: 46292 | N80: 46293 | O80: =IF(OR(M80="",N80=""),"",IF($V$2<M80,0,IF($V$2>=N80,1,NETWORKDAYS.INTL(M80,$V$2,"0000110")/MAX(1,NETWORKDAYS.INTL(M80,N80,"0000110"))))) -> 1 | P80: =IF(O80="","",O80*H80) -> 7 | Q80: =K80 -> 0 | R80: =IF(O80="","",Q80-O80) -> -1 | S80: =IF(O80="","",I80-P80) -> -7 | T80: =IF(O80="","",IF(AND(O80=0,Q80=0),"لم يحن موعده",IF(R80<-0.005,"متأخر",IF(R80>0.005,"متقدم","مطابق")))) -> متأخر
E81: شبكة المياه | F81: حفر وتمديد الخطوط الرئيسية Main Pipe | G81: م.ط | H81: 1050 | I81: =H81-280 -> 770 | J81: =H81-I81 -> 280 | K81: =I81/H81 -> 0.73333333 | L81: =J81/H81 -> 0.26666667 | M81: 46294 | N81: 46294 | O81: =IF(OR(M81="",N81=""),"",IF($V$2<M81,0,IF($V$2>=N81,1,NETWORKDAYS.INTL(M81,$V$2,"0000110")/MAX(1,NETWORKDAYS.INTL(M81,N81,"0000110"))))) -> 1 | P81: =IF(O81="","",O81*H81) -> 1050 | Q81: =K81 -> 0.73333333 | R81: =IF(O81="","",Q81-O81) -> -0.26666667 | S81: =IF(O81="","",I81-P81) -> -280 | T81: =IF(O81="","",IF(AND(O81=0,Q81=0),"لم يحن موعده",IF(R81<-0.005,"متأخر",IF(R81>0.005,"متقدم","مطابق")))) -> متأخر
F82: اختبارات الخطوط test | G82: م.ط | H82: 1050 | I82: =H82-1050 -> 0 | J82: =H82-I82 -> 1050 | K82: =I82/H82 -> 0 | L82: =J82/H82 -> 1 | M82: 46298 | N82: 46300 | O82: =IF(OR(M82="",N82=""),"",IF($V$2<M82,0,IF($V$2>=N82,1,NETWORKDAYS.INTL(M82,$V$2,"0000110")/MAX(1,NETWORKDAYS.INTL(M82,N82,"0000110"))))) -> 0 | P82: =IF(O82="","",O82*H82) -> 0 | Q82: =K82 -> 0 | R82: =IF(O82="","",Q82-O82) -> 0 | S82: =IF(O82="","",I82-P82) -> 0 | T82: =IF(O82="","",IF(AND(O82=0,Q82=0),"لم يحن موعده",IF(R82<-0.005,"متأخر",IF(R82>0.005,"متقدم","مطابق")))) -> لم يحن موعده
E83: اعمال الطرق | F83: أعمال طبقة ال Capping (30سم) | G83: م3 | H83: 11759 | I83: =H83-5879.5 -> 5879.5 | J83: =H83-I83 -> 5879.5 | K83: =I83/H83 -> 0.5 | L83: =J83/H83 -> 0.5 | M83: 46294 | N83: 46301 | O83: =IF(OR(M83="",N83=""),"",IF($V$2<M83,0,IF($V$2>=N83,1,NETWORKDAYS.INTL(M83,$V$2,"0000110")/MAX(1,NETWORKDAYS.INTL(M83,N83,"0000110"))))) -> 0.16666667 | P83: =IF(O83="","",O83*H83) -> 1959.8333 | Q83: =K83 -> 0.5 | R83: =IF(O83="","",Q83-O83) -> 0.33333333 | S83: =IF(O83="","",I83-P83) -> 3919.6667 | T83: =IF(O83="","",IF(AND(O83=0,Q83=0),"لم يحن موعده",IF(R83<-0.005,"متأخر",IF(R83>0.005,"متقدم","مطابق")))) -> متقدم
F84: أعمال طبقة الصب جريد (30سم) | G84: م3 | H84: 11295 | I84: =H84-5647.5 -> 5647.5 | J84: =H84-I84 -> 5647.5 | K84: =I84/H84 -> 0.5 | L84: =J84/H84 -> 0.5 | M84: 46299 | N84: 46305 | O84: =IF(OR(M84="",N84=""),"",IF($V$2<M84,0,IF($V$2>=N84,1,NETWORKDAYS.INTL(M84,$V$2,"0000110")/MAX(1,NETWORKDAYS.INTL(M84,N84,"0000110"))))) -> 0 | P84: =IF(O84="","",O84*H84) -> 0 | Q84: =K84 -> 0.5 | R84: =IF(O84="","",Q84-O84) -> 0.5 | S84: =IF(O84="","",I84-P84) -> 5647.5 | T84: =IF(O84="","",IF(AND(O84=0,Q84=0),"لم يحن موعده",IF(R84<-0.005,"متأخر",IF(R84>0.005,"متقدم","مطابق")))) -> متقدم
F85: أعمال طبقة البيسكورس | G85: م3 | H85: 7259 | I85: =H85-3629.5 -> 3629.5 | J85: =H85-I85 -> 3629.5 | K85: =I85/H85 -> 0.5 | L85: =J85/H85 -> 0.5 | M85: 46306 | N85: 46310 | O85: =IF(OR(M85="",N85=""),"",IF($V$2<M85,0,IF($V$2>=N85,1,NETWORKDAYS.INTL(M85,$V$2,"0000110")/MAX(1,NETWORKDAYS.INTL(M85,N85,"0000110"))))) -> 0 | P85: =IF(O85="","",O85*H85) -> 0 | Q85: =K85 -> 0.5 | R85: =IF(O85="","",Q85-O85) -> 0.5 | S85: =IF(O85="","",I85-P85) -> 3629.5 | T85: =IF(O85="","",IF(AND(O85=0,Q85=0),"لم يحن موعده",IF(R85<-0.005,"متأخر",IF(R85>0.005,"متقدم","مطابق")))) -> متقدم
F86: أعمال الأسفلت طبقة اولي | G86: م3 | H86: 2841.3333 | I86: 2308.58 | J86: =H86-I86 -> 532.75333 | K86: =I86/H86 -> 0.81249883 | L86: =J86/H86 -> 0.18750117 | M86: 46311 | N86: 46312 | O86: =IF(OR(M86="",N86=""),"",IF($V$2<M86,0,IF($V$2>=N86,1,NETWORKDAYS.INTL(M86,$V$2,"0000110")/MAX(1,NETWORKDAYS.INTL(M86,N86,"0000110"))))) -> 0 | P86: =IF(O86="","",O86*H86) -> 0 | Q86: =K86 -> 0.81249883 | R86: =IF(O86="","",Q86-O86) -> 0.81249883 | S86: =IF(O86="","",I86-P86) -> 2308.58 | T86: =IF(O86="","",IF(AND(O86=0,Q86=0),"لم يحن موعده",IF(R86<-0.005,"متأخر",IF(R86>0.005,"متقدم","مطابق")))) -> متقدم
F87: أعمال الأسفلت | G87: م3 | H87: 1775.8333 | I87: 0 | J87: =H87-I87 -> 1775.8333 | K87: =I87/H87 -> 0 | L87: =J87/H87 -> 1 | M87: 46321 | N87: 46322 | O87: =IF(OR(M87="",N87=""),"",IF($V$2<M87,0,IF($V$2>=N87,1,NETWORKDAYS.INTL(M87,$V$2,"0000110")/MAX(1,NETWORKDAYS.INTL(M87,N87,"0000110"))))) -> 0 | P87: =IF(O87="","",O87*H87) -> 0 | Q87: =K87 -> 0 | R87: =IF(O87="","",Q87-O87) -> 0 | S87: =IF(O87="","",I87-P87) -> 0 | T87: =IF(O87="","",IF(AND(O87=0,Q87=0),"لم يحن موعده",IF(R87<-0.005,"متأخر",IF(R87>0.005,"متقدم","مطابق")))) -> لم يحن موعده
A88: 10 | B88: RDEXT | C88: 20-09-2026 | D88: 46302 | E88: شبكة الصرف | F88: حفر وتمديد الخطوط الرئيسيه Main Pipe | G88: م.ط | H88: 2199 | I88: =H88-1449 -> 750 | J88: =H88-I88 -> 1449 | K88: =I88/H88 -> 0.34106412 | L88: =J88/H88 -> 0.65893588 | M88: 46285 | N88: 46290 | O88: =IF(OR(M88="",N88=""),"",IF($V$2<M88,0,IF($V$2>=N88,1,NETWORKDAYS.INTL(M88,$V$2,"0000110")/MAX(1,NETWORKDAYS.INTL(M88,N88,"0000110"))))) -> 1 | P88: =IF(O88="","",O88*H88) -> 2199 | Q88: =K88 -> 0.34106412 | R88: =IF(O88="","",Q88-O88) -> -0.65893588 | S88: =IF(O88="","",I88-P88) -> -1449 | T88: =IF(O88="","",IF(AND(O88=0,Q88=0),"لم يحن موعده",IF(R88<-0.005,"متأخر",IF(R88>0.005,"متقدم","مطابق")))) -> متأخر
F89: اختبارات الخطوط الرئيسية test | G89: م.ط | H89: 2199 | I89: =H89-1599 -> 600 | J89: =H89-I89 -> 1599 | K89: =I89/H89 -> 0.2728513 | L89: =J89/H89 -> 0.7271487 | M89: 46310 | N89: 46325 | O89: =IF(OR(M89="",N89=""),"",IF($V$2<M89,0,IF($V$2>=N89,1,NETWORKDAYS.INTL(M89,$V$2,"0000110")/MAX(1,NETWORKDAYS.INTL(M89,N89,"0000110"))))) -> 0 | P89: =IF(O89="","",O89*H89) -> 0 | Q89: =K89 -> 0.2728513 | R89: =IF(O89="","",Q89-O89) -> 0.2728513 | S89: =IF(O89="","",I89-P89) -> 600 | T89: =IF(O89="","",IF(AND(O89=0,Q89=0),"لم يحن موعده",IF(R89<-0.005,"متأخر",IF(R89>0.005,"متقدم","مطابق")))) -> متقدم
F90: غرف طرد | G90: عدد | H90: 7 | I90: =H90-7 -> 0 | J90: =H90-I90 -> 7 | K90: =I90/H90 -> 0 | L90: =J90/H90 -> 1 | M90: 46298 | N90: 46302 | O90: =IF(OR(M90="",N90=""),"",IF($V$2<M90,0,IF($V$2>=N90,1,NETWORKDAYS.INTL(M90,$V$2,"0000110")/MAX(1,NETWORKDAYS.INTL(M90,N90,"0000110"))))) -> 0 | P90: =IF(O90="","",O90*H90) -> 0 | Q90: =K90 -> 0 | R90: =IF(O90="","",Q90-O90) -> 0 | S90: =IF(O90="","",I90-P90) -> 0 | T90: =IF(O90="","",IF(AND(O90=0,Q90=0),"لم يحن موعده",IF(R90<-0.005,"متأخر",IF(R90>0.005,"متقدم","مطابق")))) -> لم يحن موعده
B91: Lift Station | C91: 46272 | D91: 20/10/2026 | F91: حفر المحطة | G91: م3 | H91: 1 | I91: 1 | J91: =H91-I91 -> 0 | K91: =I91/H91 -> 1 | L91: =J91/H91 -> 0 | M91: 46272 | N91: 46279 | O91: =IF(OR(M91="",N91=""),"",IF($V$2<M91,0,IF($V$2>=N91,1,NETWORKDAYS.INTL(M91,$V$2,"0000110")/MAX(1,NETWORKDAYS.INTL(M91,N91,"0000110"))))) -> 1 | P91: =IF(O91="","",O91*H91) -> 1 | Q91: =K91 -> 1 | R91: =IF(O91="","",Q91-O91) -> 0 | S91: =IF(O91="","",I91-P91) -> 0 | T91: =IF(O91="","",IF(AND(O91=0,Q91=0),"لم يحن موعده",IF(R91<-0.005,"متأخر",IF(R91>0.005,"متقدم","مطابق")))) -> مطابق
F92: صب الخرسانات | G92: م3 | H92: 1 | I92: 0.3 | J92: =H92-I92 -> 0.7 | K92: =I92/H92 -> 0.3 | L92: =J92/H92 -> 0.7 | M92: 46280 | N92: 46302 | O92: =IF(OR(M92="",N92=""),"",IF($V$2<M92,0,IF($V$2>=N92,1,NETWORKDAYS.INTL(M92,$V$2,"0000110")/MAX(1,NETWORKDAYS.INTL(M92,N92,"0000110"))))) -> 0.64705882 | P92: =IF(O92="","",O92*H92) -> 0.64705882 | Q92: =K92 -> 0.3 | R92: =IF(O92="","",Q92-O92) -> -0.34705882 | S92: =IF(O92="","",I92-P92) -> -0.34705882 | T92: =IF(O92="","",IF(AND(O92=0,Q92=0),"لم يحن موعده",IF(R92<-0.005,"متأخر",IF(R92>0.005,"متقدم","مطابق")))) -> متأخر
F93: التركيبات الميكانيكيه والكهربائيه | G93: Item | H93: 1 | I93: 0 | J93: =H93-I93 -> 1 | K93: =I93/H93 -> 0 | L93: =J93/H93 -> 1 | M93: 46296 | N93: 46315 | O93: =IF(OR(M93="",N93=""),"",IF($V$2<M93,0,IF($V$2>=N93,1,NETWORKDAYS.INTL(M93,$V$2,"0000110")/MAX(1,NETWORKDAYS.INTL(M93,N93,"0000110"))))) -> 0 | P93: =IF(O93="","",O93*H93) -> 0 | Q93: =K93 -> 0 | R93: =IF(O93="","",Q93-O93) -> 0 | S93: =IF(O93="","",I93-P93) -> 0 | T93: =IF(O93="","",IF(AND(O93=0,Q93=0),"لم يحن موعده",IF(R93<-0.005,"متأخر",IF(R93>0.005,"متقدم","مطابق")))) -> لم يحن موعده

Sheet Sheet2
A1: اسم المعده | B1: العدد
A2: حفار | B2: 20
A3: شيول | B3: 5
A4: جريدر | B4: 5
A5: جي سي بي | B5: 3
A6: رصاصة | B6: 5
A7: بلدوزر | B7: 10
A8: تانكر مياه | B8: 5
A9: قلاب | B9: 10
A10: مضخة | B10: 10
A11: كرين | B11: 3
A12: سطحة | B12: 3
A13: مولد كهربائي | B13: 3
... A16: اجمالي العمالة | B16: 208
A17: اجمالي المعدات | B17: =SUM(B2:B14) -> 84

Sheet ملخص الانحراف
A1: ملخص الانحراف بين المخطط والمنفذ لكل طريق — Block J
A2: تاريخ التحديث | B2: =Sheet3!V2 -> 46294
A4: الطريق | B4: عدد البنود | C4: متوسط المخطط % | D4: متوسط المنفذ % | E4: الفرق % (منفذ − مخطط) | F4: بنود متأخرة | G4: بنود مطابقة / متقدمة | H4: بنود لم يحن موعدها
A5: RD10 | B5: =COUNTA(Sheet3!F2:F20) -> 19 | C5: =AVERAGE(Sheet3!O2:O20) -> 0.71929825 | D5: =AVERAGE(Sheet3!Q2:Q20) -> 0.18812702 | E5: =D5-C5 -> -0.53117122 | F5: =COUNTIF(Sheet3!T2:T20,"متأخر") -> 14 | G5: =COUNTIF(Sheet3!T2:T20,"مطابق")+COUNTIF(Sheet3!T2:T20,"متقدم") -> 0 | H5: =COUNTIF(Sheet3!T2:T20,"لم يحن موعده") -> 5
A6: RD9 | B6: =COUNTA(Sheet3!F21:F59) -> 39 | C6: =AVERAGE(Sheet3!O21:O59) -> 0.74426451 | D6: =AVERAGE(Sheet3!Q21:Q59) -> 0.17037892 | E6: =D6-C6 -> -0.57388558 | F6: =COUNTIF(Sheet3!T21:T59,"متأخر") -> 30 | G6: =COUNTIF(Sheet3!T21:T59,"مطابق")+COUNTIF(Sheet3!T21:T59,"متقدم") -> 1 | H6: =COUNTIF(Sheet3!T21:T59,"لم يحن موعده") -> 8
A7: RD11 | B7: =COUNTA(Sheet3!F60:F62) -> 3 | C7: =AVERAGE(Sheet3!O60:O62) -> 0.33333333 | D7: =AVERAGE(Sheet3!Q60:Q62) -> 0.33333333 | E7: =D7-C7 -> 0 | F7: =COUNTIF(Sheet3!T60:T62,"متأخر") -> 0 | G7: =COUNTIF(Sheet3!T60:T62,"مطابق")+COUNTIF(Sheet3!T60:T62,"متقدم") -> 1 | H7: =COUNTIF(Sheet3!T60:T62,"لم يحن موعده") -> 2
A8: RD14 | B8: =COUNTA(Sheet3!F63:F65) -> 3 | C8: =AVERAGE(Sheet3!O63:O65) -> 0.66666667 | D8: =AVERAGE(Sheet3!Q63:Q65) -> 0.13541874 | E8: =D8-C8 -> -0.53124792 | F8: =COUNTIF(Sheet3!T63:T65,"متأخر") -> 2 | G8: =COUNTIF(Sheet3!T63:T65,"مطابق")+COUNTIF(Sheet3!T63:T65,"متقدم") -> 0 | H8: =COUNTIF(Sheet3!T63:T65,"لم يحن موعده") -> 1
A9: RD15 | B9: =COUNTA(Sheet3!F66:F67) -> 2 | C9: =AVERAGE(Sheet3!O66:O67) -> 0.5 | D9: =AVERAGE(Sheet3!Q66:Q67) -> 0.5 | E9: =D9-C9 -> 0 | F9: =COUNTIF(Sheet3!T66:T67,"متأخر") -> 0 | G9: =COUNTIF(Sheet3!T66:T67,"مطابق")+COUNTIF(Sheet3!T66:T67,"متقدم") -> 1 | H9: =COUNTIF(Sheet3!T66:T67,"لم يحن موعده") -> 1
A10: RD16 | B10: =COUNTA(Sheet3!F68:F69) -> 2 | C10: =AVERAGE(Sheet3!O68:O69) -> 0.5 | D10: =AVERAGE(Sheet3!Q68:Q69) -> 0.5 | E10: =D10-C10 -> 0 | F10: =COUNTIF(Sheet3!T68:T69,"متأخر") -> 0 | G10: =COUNTIF(Sheet3!T68:T69,"مطابق")+COUNTIF(Sheet3!T68:T69,"متقدم") -> 1 | H10: =COUNTIF(Sheet3!T68:T69,"لم يحن موعده") -> 1
A11: RD17 | B11: =COUNTA(Sheet3!F70:F71) -> 2 | C11: =AVERAGE(Sheet3!O70:O71) -> 0.5 | D11: =AVERAGE(Sheet3!Q70:Q71) -> 0.5 | E11: =D11-C11 -> 0 | F11: =COUNTIF(Sheet3!T70:T71,"متأخر") -> 0 | G11: =COUNTIF(Sheet3!T70:T71,"مطابق")+COUNTIF(Sheet3!T70:T71,"متقدم") -> 1 | H11: =COUNTIF(Sheet3!T70:T71,"لم يحن موعده") -> 1
A12: RD18 | B12: =COUNTA(Sheet3!F72:F73) -> 2 | C12: =AVERAGE(Sheet3!O72:O73) -> 0.5 | D12: =AVERAGE(Sheet3!Q72:Q73) -> 0.5 | E12: =D12-C12 -> 0 | F12: =COUNTIF(Sheet3!T72:T73,"متأخر") -> 0 | G12: =COUNTIF(Sheet3!T72:T73,"مطابق")+COUNTIF(Sheet3!T72:T73,"متقدم") -> 1 | H12: =COUNTIF(Sheet3!T72:T73,"لم يحن موعده") -> 1
A13: RD23 | B13: =COUNTA(Sheet3!F74:F87) -> 14 | C13: =AVERAGE(Sheet3!O74:O87) -> 0.44047619 | D13: =AVERAGE(Sheet3!Q74:Q87) -> 0.29996546 | E13: =D13-C13 -> -0.14051074 | F13: =COUNTIF(Sheet3!T74:T87,"متأخر") -> 6 | G13: =COUNTIF(Sheet3!T74:T87,"مطابق")+COUNTIF(Sheet3!T74:T87,"متقدم") -> 4 | H13: =COUNTIF(Sheet3!T74:T87,"لم يحن موعده") -> 4
A14: RDEXT | B14: =COUNTA(Sheet3!F88:F90) -> 3 | C14: =AVERAGE(Sheet3!O88:O90) -> 0.33333333 | D14: =AVERAGE(Sheet3!Q88:Q90) -> 0.20463847 | E14: =D14-C14 -> -0.12869486 | F14: =COUNTIF(Sheet3!T88:T90,"متأخر") -> 1 | G14: =COUNTIF(Sheet3!T88:T90,"مطابق")+COUNTIF(Sheet3!T88:T90,"متقدم") -> 1 | H14: =COUNTIF(Sheet3!T88:T90,"لم يحن موعده") -> 1
A15: Lift Station | B15: =COUNTA(Sheet3!F91:F93) -> 3 | C15: =AVERAGE(Sheet3!O91:O93) -> 0.54901961 | D15: =AVERAGE(Sheet3!Q91:Q93) -> 0.43333333 | E15: =D15-C15 -> -0.11568627 | F15: =COUNTIF(Sheet3!T91:T93,"متأخر") -> 1 | G15: =COUNTIF(Sheet3!T91:T93,"مطابق")+COUNTIF(Sheet3!T91:T93,"متقدم") -> 1 | H15: =COUNTIF(Sheet3!T91:T93,"لم يحن موعده") -> 1
A16: الإجمالي | B16: =SUM(B5:B15) -> 92 | C16: =AVERAGE(Sheet3!O2:O93) -> 0.63594248 | D16: =AVERAGE(Sheet3!Q2:Q93) -> 0.23629217 | E16: =D16-C16 -> -0.39965031 | F16: =SUM(F5:F15) -> 54 | G16: =SUM(G5:G15) -> 12 | H16: =SUM(H5:H15) -> 26
