Workbook

Sheet Tracking Progress
A1: ActivityID | B1: Activity ID | C1: Activity Name | D1: BL Project Total Cost | E1: Previous Percentage ( % ) | F1: Progress Variance ( % ) | G1: Total Progress % | H1: Cumulative Amount | I1: Curent Amount
A2: Infrastructure Development for Madinah Industrial city Phase 1-A | B2: JDH4-02-007 - Land Development of Jeddah Oasis | D2: 57304348 | E2: =+'Previous week'!F2 -> 0.9331 | F2: =G2-E2 -> 0.0186 | G2: =+'Current week'!F2 -> 0.9517 | H2: =+'Current week'!G2 -> 54534355 | I2: =+F2*D2 -> 1065860.9
A3: Key Milestones | B3: Key Milestones | D3: 0 | F3: =G3-E3 -> 0
A4: General Milestone | B4: General Milestone | D4: 0 | F4: =G4-E4 -> 0
A5: JDH4-02-007-MS-1000 | B5: JDH4-02-007-MS-1000 | C5: Project Commencement Date | D5: 0 | E5: =VLOOKUP(A5,'Previous week'!$A$3:$F$1765,6,FALSE) -> 1 | F5: =G5-E5 -> 0 | G5: =VLOOKUP(A5,'Current week'!$A$3:$F$1765,6,0) -> 1 | H5: =G5*D5 -> 0 | I5: =F5*D5 -> 0
A6: JDH4-02-007-MS-1010 | B6: JDH4-02-007-MS-1010 | C6: Project Completion Date | D6: 0 | E6: =VLOOKUP(A6,'Previous week'!$A$3:$F$1765,6,FALSE) -> 0 | F6: =G6-E6 -> 0 | G6: =VLOOKUP(A6,'Current week'!$A$3:$F$1765,6,0) -> 0 | H6: =G6*D6 -> 0 | I6: =F6*D6 -> 0
A7: Contractual Milestone | B7: Contractual Milestone | D7: 0 | F7: =G7-E7 -> 0
A8: Engineering & Mobilization | B8: Engineering & Mobilization | D8: 0 | F8: =G8-E8 -> 0
A9: JDH4-02-007-MS-1020 | B9: JDH4-02-007-MS-1020 | C9: Completion of Mobilization | D9: 0 | E9: =VLOOKUP(A9,'Previous week'!$A$3:$F$1765,6,FALSE) -> 1 | F9: =G9-E9 -> 0 | G9: =VLOOKUP(A9,'Current week'!$A$3:$F$1765,6,0) -> 1 | H9: =G9*D9 -> 0 | I9: =F9*D9 -> 0
A10: JDH4-02-007-MS-1030 | B10: JDH4-02-007-MS-1030 | C10: Submission of the Work Plan (Baseline Programme) | D10: 0 | E10: =VLOOKUP(A10,'Previous week'!$A$3:$F$1765,6,FALSE) -> 1 | F10: =G10-E10 -> 0 | G10: =VLOOKUP(A10,'Current week'!$A$3:$F$1765,6,0) -> 1 | H10: =G10*D10 -> 0 | I10: =F10*D10 -> 0
A11: JDH4-02-007-MS-1040 | B11: JDH4-02-007-MS-1040 | C11: Submission and Approval of Drawings and Materials | D11: 0 | F11: =G11-E11 -> 0
A12: Construction | B12: Construction | D12: 0 | E12: =VLOOKUP(A12,'Previous week'!$A$3:$F$1765,6,FALSE) -> 0 | F12: =G12-E12 -> 0 | G12: =VLOOKUP(A12,'Current week'!$A$3:$F$1765,6,0) -> 0 | H12: =G12*D12 -> 0 | I12: =F12*D12 -> 0
A13: JDH4-02-007-MS-1050 | B13: JDH4-02-007-MS-1050 | C13: Completion of Earthworks & Site Grading For Plots | D13: 0 | E13: =VLOOKUP(A13,'Previous week'!$A$3:$F$1765,6,FALSE) -> 0 | F13: =G13-E13 -> 0 | G13: =VLOOKUP(A13,'Current week'!$A$3:$F$1765,6,0) -> 0 | H13: =G13*D13 -> 0 | I13: =F13*D13 -> 0
A14: JDH4-02-007-MS-1060 | B14: JDH4-02-007-MS-1060 | C14: Completion of Sewerage networks | D14: 0 | F14: =G14-E14 -> 0
A15: JDH4-02-007-MS-1070 | B15: JDH4-02-007-MS-1070 | C15: Completion of Road Works | D15: 0 | E15: =VLOOKUP(A15,'Previous week'!$A$3:$F$1765,6,FALSE) -> 0 | F15: =G15-E15 -> 0 | G15: =VLOOKUP(A15,'Current week'!$A$3:$F$1765,6,0) -> 0 | H15: =G15*D15 -> 0 | I15: =F15*D15 -> 0
A16: JDH4-02-007-MS-1080 | B16: JDH4-02-007-MS-1080 | C16: Completion of Potable Water Network | D16: 0 | E16: =VLOOKUP(A16,'Previous week'!$A$3:$F$1765,6,FALSE) -> 1 | F16: =G16-E16 -> 0 | G16: =VLOOKUP(A16,'Current week'!$A$3:$F$1765,6,0) -> 1 | H16: =G16*D16 -> 0 | I16: =F16*D16 -> 0
A17: JDH4-02-007-MS-1090 | B17: JDH4-02-007-MS-1090 | C17: Completion of TSE Network | D17: 0 | F17: =G17-E17 -> 0
A18: JDH4-02-007-MS-1100 | B18: JDH4-02-007-MS-1100 | C18: Completion of Electrical Networks | D18: 0 | E18: =VLOOKUP(A18,'Previous week'!$A$3:$F$1765,6,FALSE) -> 0 | F18: =G18-E18 -> 0 | G18: =VLOOKUP(A18,'Current week'!$A$3:$F$1765,6,0) -> 0 | H18: =G18*D18 -> 0 | I18: =F18*D18 -> 0
A19: JDH4-02-007-MS-1110 | B19: JDH4-02-007-MS-1110 | C19: Completion of Entire Project | D19: 0 | E19: =VLOOKUP(A19,'Previous week'!$A$3:$F$1765,6,FALSE) -> 0 | F19: =G19-E19 -> 0 | G19: =VLOOKUP(A19,'Current week'!$A$3:$F$1765,6,0) -> 0 | H19: =G19*D19 -> 0 | I19: =F19*D19 -> 0
A20: Monitoring & Controlling Milestone | B20: Monitoring & Controlling Milestone | D20: 0 | E20: =VLOOKUP(A20,'Previous week'!$A$3:$F$1765,6,FALSE) -> 0 | F20: =G20-E20 -> 0 | G20: =VLOOKUP(A20,'Current week'!$A$3:$F$1765,6,0) -> 0 | H20: =G20*D20 -> 0 | I20: =F20*D20 -> 0
A21: JDH4-02-007-MS-1130 | B21: JDH4-02-007-MS-1130 | C21: Approval of Electrical Network Materials By SEC | D21: 0 | E21: =VLOOKUP(A21,'Previous week'!$A$3:$F$1765,6,FALSE) -> 1 | F21: =G21-E21 -> 0 | G21: =VLOOKUP(A21,'Current week'!$A$3:$F$1765,6,0) -> 1 | H21: =G21*D21 -> 0 | I21: =F21*D21 -> 0
A22: JDH4-02-007-MS-1120 | B22: JDH4-02-007-MS-1120 | C22: Approval of Electrical Network Shop DWGs By SEC | D22: 0 | E22: =VLOOKUP(A22,'Previous week'!$A$3:$F$1765,6,FALSE) -> 1 | F22: =G22-E22 -> 0 | G22: =VLOOKUP(A22,'Current week'!$A$3:$F$1765,6,0) -> 1 | H22: =G22*D22 -> 0 | I22: =F22*D22 -> 0
A23: Mobilization | B23: Mobilization | D23: 0 | E23: =VLOOKUP(A23,'Previous week'!$A$3:$F$1765,6,FALSE) -> 0 | F23: =G23-E23 -> 0 | G23: =VLOOKUP(A23,'Current week'!$A$3:$F$1765,6,0) -> 0 | H23: =G23*D23 -> 0 | I23: =F23*D23 -> 0
A24: Site Facilities & Offices | B24: Site Facilities & Offices | D24: 0 | F24: =G24-E24 -> 0
A25: JDH4-02-007-MB-1000 | B25: JDH4-02-007-MB-1000 | C25: Site Layout Plan | D25: 0 | F25: =G25-E25 -> 0
A26: JDH4-02-007-MB-1010 | B26: JDH4-02-007-MB-1010 | C26: Clear & Grub for Offices & Access Road | D26: 0 | E26: =VLOOKUP(A26,'Previous week'!$A$3:$F$1765,6,FALSE) -> 1 | F26: =G26-E26 -> 0 | G26: =VLOOKUP(A26,'Current week'!$A$3:$F$1765,6,0) -> 1 | H26: =G26*D26 -> 0 | I26: =F26*D26 -> 0
A27: JDH4-02-007-MB-1020 | B27: JDH4-02-007-MB-1020 | C27: Construct Site Access Roads | D27: 0 | E27: =VLOOKUP(A27,'Previous week'!$A$3:$F$1765,6,FALSE) -> 1 | F27: =G27-E27 -> 0 | G27: =VLOOKUP(A27,'Current week'!$A$3:$F$1765,6,0) -> 1 | H27: =G27*D27 -> 0 | I27: =F27*D27 -> 0
A28: JDH4-02-007-MB-1040 | B28: JDH4-02-007-MB-1040 | C28: Construct Site Offices & Storage | D28: 0 | E28: =VLOOKUP(A28,'Previous week'!$A$3:$F$1765,6,FALSE) -> 1 | F28: =G28-E28 -> 0 | G28: =VLOOKUP(A28,'Current week'!$A$3:$F$1765,6,0) -> 1 | H28: =G28*D28 -> 0 | I28: =F28*D28 -> 0
A29: JDH4-02-007-MB-1030 | B29: JDH4-02-007-MB-1030 | C29: Construct Temporary Fence | D29: 0 | E29: =VLOOKUP(A29,'Previous week'!$A$3:$F$1765,6,FALSE) -> 1 | F29: =G29-E29 -> 0 | G29: =VLOOKUP(A29,'Current week'!$A$3:$F$1765,6,0) -> 1 | H29: =G29*D29 -> 0 | I29: =F29*D29 -> 0
A30: JDH4-02-007-MB-1060 | B30: JDH4-02-007-MB-1060 | C30: Install Site Facilities | D30: 0 | E30: =VLOOKUP(A30,'Previous week'!$A$3:$F$1765,6,FALSE) -> 1 | F30: =G30-E30 -> 0 | G30: =VLOOKUP(A30,'Current week'!$A$3:$F$1765,6,0) -> 1 | H30: =G30*D30 -> 0 | I30: =F30*D30 -> 0
A31: JDH4-02-007-MB-1070 | B31: JDH4-02-007-MB-1070 | C31: Electrical Works & Connections | D31: 0 | E31: =VLOOKUP(A31,'Previous week'!$A$3:$F$1765,6,FALSE) -> 1 | F31: =G31-E31 -> 0 | G31: =VLOOKUP(A31,'Current week'!$A$3:$F$1765,6,0) -> 1 | H31: =G31*D31 -> 0 | I31: =F31*D31 -> 0
A32: JDH4-02-007-MB-1090 | B32: JDH4-02-007-MB-1090 | C32: Mobilization of Equipment | D32: 0 | E32: =VLOOKUP(A32,'Previous week'!$A$3:$F$1765,6,FALSE) -> 1 | F32: =G32-E32 -> 0 | G32: =VLOOKUP(A32,'Current week'!$A$3:$F$1765,6,0) -> 1 | H32: =G32*D32 -> 0 | I32: =F32*D32 -> 0
A33: JDH4-02-007-MB-1100 | B33: JDH4-02-007-MB-1100 | C33: Mobilization of Manpower | D33: 0 | E33: =VLOOKUP(A33,'Previous week'!$A$3:$F$1765,6,FALSE) -> 1 | F33: =G33-E33 -> 0 | G33: =VLOOKUP(A33,'Current week'!$A$3:$F$1765,6,0) -> 1 | H33: =G33*D33 -> 0 | I33: =F33*D33 -> 0
A34: JDH4-02-007-MB-1080 | B34: JDH4-02-007-MB-1080 | C34: Construct Parking Sheds | D34: 0 | E34: =VLOOKUP(A34,'Previous week'!$A$3:$F$1765,6,FALSE) -> 1 | F34: =G34-E34 -> 0 | G34: =VLOOKUP(A34,'Current week'!$A$3:$F$1765,6,0) -> 1 | H34: =G34*D34 -> 0 | I34: =F34*D34 -> 0
A35: JDH4-02-007-MB-1050 | B35: JDH4-02-007-MB-1050 | C35: Install Project Signs | D35: 0 | E35: =VLOOKUP(A35,'Previous week'!$A$3:$F$1765,6,FALSE) -> 1 | F35: =G35-E35 -> 0 | G35: =VLOOKUP(A35,'Current week'!$A$3:$F$1765,6,0) -> 1 | H35: =G35*D35 -> 0 | I35: =F35*D35 -> 0
A36: Topographic Survey | B36: Topographic Survey | D36: 0 | E36: =VLOOKUP(A36,'Previous week'!$A$3:$F$1765,6,FALSE) -> 0 | F36: =G36-E36 -> 0 | G36: =VLOOKUP(A36,'Current week'!$A$3:$F$1765,6,0) -> 0 | H36: =G36*D36 -> 0 | I36: =F36*D36 -> 0
A37: JDH4-02-007-TP-1000 | B37: JDH4-02-007-TP-1000 | C37: Site Survey Works | D37: 0 | F37: =G37-E37 -> 0
A38: Permit's and Authority Approvals | B38: Permit's and Authority Approvals | D38: 0 | E38: =VLOOKUP(A38,'Previous week'!$A$3:$F$1765,6,FALSE) -> 0 | F38: =G38-E38 -> 0 | G38: =VLOOKUP(A38,'Current week'!$A$3:$F$1765,6,0) -> 0 | H38: =G38*D38 -> 0 | I38: =F38*D38 -> 0
A39: JDH4-02-007-PA-1000 | B39: JDH4-02-007-PA-1000 | C39: Excavation & Backfilling Permit Permit | D39: 0 | F39: =G39-E39 -> 0
A40: JDH4-02-007-PA-1010 | B40: JDH4-02-007-PA-1010 | C40: Saudi Electricity Company Permit | D40: 0 | E40: =VLOOKUP(A40,'Previous week'!$A$3:$F$1765,6,FALSE) -> 1 | F40: =G40-E40 -> 0 | G40: =VLOOKUP(A40,'Current week'!$A$3:$F$1765,6,0) -> 1 | H40: =G40*D40 -> 0 | I40: =F40*D40 -> 0
A41: Preliminary Submittals | B41: Preliminary Submittals | D41: 0 | F41: =G41-E41 -> 0
A42: Preparation and Submittal by Contractor's | B42: Preparation and Submittal by Contractor's | D42: 0 | F42: =G42-E42 -> 0
A43: JDH4-02-007-PS-1020 | B43: JDH4-02-007-PS-1020 | C43: Preparation and Submittal of Quality Management Plan | D43: 0 | E43: =VLOOKUP(A43,'Previous week'!$A$3:$F$1765,6,FALSE) -> 1 | F43: =G43-E43 -> 0 | G43: =VLOOKUP(A43,'Current week'!$A$3:$F$1765,6,0) -> 1 | H43: =G43*D43 -> 0 | I43: =F43*D43 -> 0
A44: JDH4-02-007-PS-1030 | B44: JDH4-02-007-PS-1030 | C44: Preparation and Submittal of Safety Management Plan | D44: 0 | E44: =VLOOKUP(A44,'Previous week'!$A$3:$F$1765,6,FALSE) -> 1 | F44: =G44-E44 -> 0 | G44: =VLOOKUP(A44,'Current week'!$A$3:$F$1765,6,0) -> 1 | H44: =G44*D44 -> 0 | I44: =F44*D44 -> 0
A45: JDH4-02-007-PS-1040 | B45: JDH4-02-007-PS-1040 | C45: Preparation and Submittal of Organization Chart | D45: 0 | E45: =VLOOKUP(A45,'Previous week'!$A$3:$F$1765,6,FALSE) -> 1 | F45: =G45-E45 -> 0 | G45: =VLOOKUP(A45,'Current week'!$A$3:$F$1765,6,0) -> 1 | H45: =G45*D45 -> 0 | I45: =F45*D45 -> 0
A46: JDH4-02-007-PS-1050 | B46: JDH4-02-007-PS-1050 | C46: Preparation and Submittal of Communication Plan | D46: 0 | E46: =VLOOKUP(A46,'Previous week'!$A$3:$F$1765,6,FALSE) -> 1 | F46: =G46-E46 -> 0 | G46: =VLOOKUP(A46,'Current week'!$A$3:$F$1765,6,0) -> 1 | H46: =G46*D46 -> 0 | I46: =F46*D46 -> 0
A47: JDH4-02-007-PS-1000 | B47: JDH4-02-007-PS-1000 | C47: Preparation and Submittal of Detailed Work Order Programme (baseline schedule) | D47: 0 | E47: =VLOOKUP(A47,'Previous week'!$A$3:$F$1765,6,FALSE) -> 1 | F47: =G47-E47 -> 0 | G47: =VLOOKUP(A47,'Current week'!$A$3:$F$1765,6,0) -> 1 | H47: =G47*D47 -> 0 | I47: =F47*D47 -> 0
A48: JDH4-02-007-PS-1010 | B48: JDH4-02-007-PS-1010 | C48: Preparation and Submittal of Project Execution Plan | D48: 0 | E48: =VLOOKUP(A48,'Previous week'!$A$3:$F$1765,6,FALSE) -> 1 | F48: =G48-E48 -> 0 | G48: =VLOOKUP(A48,'Current week'!$A$3:$F$1765,6,0) -> 1 | H48: =G48*D48 -> 0 | I48: =F48*D48 -> 0
A49: Approval by the Employer's | B49: Approval by the Employer's | D49: 0 | E49: =VLOOKUP(A49,'Previous week'!$A$3:$F$1765,6,FALSE) -> 0 | F49: =G49-E49 -> 0 | G49: =VLOOKUP(A49,'Current week'!$A$3:$F$1765,6,0) -> 0 | H49: =G49*D49 -> 0 | I49: =F49*D49 -> 0
A50: JDH4-02-007-PS-1100 | B50: JDH4-02-007-PS-1100 | C50: Approval of Organization Chart | D50: 0 | E50: =VLOOKUP(A50,'Previous week'!$A$3:$F$1765,6,FALSE) -> 1 | F50: =G50-E50 -> 0 | G50: =VLOOKUP(A50,'Current week'!$A$3:$F$1765,6,0) -> 1 | H50: =G50*D50 -> 0 | I50: =F50*D50 -> 0
A51: JDH4-02-007-PS-1110 | B51: JDH4-02-007-PS-1110 | C51: Approval of Comminumcation Plan | D51: 0 | E51: =VLOOKUP(A51,'Previous week'!$A$3:$F$1765,6,FALSE) -> 1 | F51: =G51-E51 -> 0 | G51: =VLOOKUP(A51,'Current week'!$A$3:$F$1765,6,0) -> 1 | H51: =G51*D51 -> 0 | I51: =F51*D51 -> 0
A52: JDH4-02-007-PS-1060 | B52: JDH4-02-007-PS-1060 | C52: Approval of Detailed Work Order Programme (baseline schedule) | D52: 0 | E52: =VLOOKUP(A52,'Previous week'!$A$3:$F$1765,6,FALSE) -> 1 | F52: =G52-E52 -> 0 | G52: =VLOOKUP(A52,'Current week'!$A$3:$F$1765,6,0) -> 1 | H52: =G52*D52 -> 0 | I52: =F52*D52 -> 0
A53: JDH4-02-007-PS-1080 | B53: JDH4-02-007-PS-1080 | C53: Approval of Quality Management Plan | D53: 0 | E53: =VLOOKUP(A53,'Previous week'!$A$3:$F$1765,6,FALSE) -> 1 | F53: =G53-E53 -> 0 | G53: =VLOOKUP(A53,'Current week'!$A$3:$F$1765,6,0) -> 1 | H53: =G53*D53 -> 0 | I53: =F53*D53 -> 0
A54: JDH4-02-007-PS-1090 | B54: JDH4-02-007-PS-1090 | C54: Approval of Safety Management Plan | D54: 0 | E54: =VLOOKUP(A54,'Previous week'!$A$3:$F$1765,6,FALSE) -> 1 | F54: =G54-E54 -> 0 | G54: =VLOOKUP(A54,'Current week'!$A$3:$F$1765,6,0) -> 1 | H54: =G54*D54 -> 0 | I54: =F54*D54 -> 0
A55: JDH4-02-007-PS-1070 | B55: JDH4-02-007-PS-1070 | C55: Approval of Project Execution Plan | D55: 0 | E55: =VLOOKUP(A55,'Previous week'!$A$3:$F$1765,6,FALSE) -> 1 | F55: =G55-E55 -> 0 | G55: =VLOOKUP(A55,'Current week'!$A$3:$F$1765,6,0) -> 1 | H55: =G55*D55 -> 0 | I55: =F55*D55 -> 0
A56: Engineering | B56: Engineering | D56: 1719130.4 | E56: =VLOOKUP(A56,'Previous week'!$A$3:$F$1765,6,FALSE) -> 1 | F56: =G56-E56 -> 0 | G56: =VLOOKUP(A56,'Current week'!$A$3:$F$1765,6,0) -> 1 | H56: =G56*D56 -> 1719130.4 | I56: =F56*D56 -> 0
A57: Shop Drawings | B57: Shop Drawings | D57: 0 | E57: =VLOOKUP(A57,'Previous week'!$A$3:$F$1765,6,FALSE) -> 0 | F57: =G57-E57 -> 0 | G57: =VLOOKUP(A57,'Current week'!$A$3:$F$1765,6,0) -> 0 | H57: =G57*D57 -> 0 | I57: =F57*D57 -> 0
A58: Shop Drawings Submittal | B58: Shop Drawings Submittal | D58: 0 | E58: =VLOOKUP(A58,'Previous week'!$A$3:$F$1765,6,FALSE) -> 0 | F58: =G58-E58 -> 0 | G58: =VLOOKUP(A58,'Current week'!$A$3:$F$1765,6,0) -> 0 | H58: =G58*D58 -> 0 | I58: =F58*D58 -> 0
A59: Shop Drawings Submittal for Road Works | B59: Shop Drawings Submittal for Road Works | D59: 0 | E59: =VLOOKUP(A59,'Previous week'!$A$3:$F$1765,6,FALSE) -> 0 | F59: =G59-E59 -> 0 | G59: =VLOOKUP(A59,'Current week'!$A$3:$F$1765,6,0) -> 0 | H59: =G59*D59 -> 0 | I59: =F59*D59 -> 0
A60: JDH4-02-007-EN-1040 | B60: JDH4-02-007-EN-1040 | C60: Shop DWG Submittal for Topographic Survey | D60: 0 | E60: =VLOOKUP(A60,'Previous week'!$A$3:$F$1765,6,FALSE) -> 1 | F60: =G60-E60 -> 0 | G60: =VLOOKUP(A60,'Current week'!$A$3:$F$1765,6,0) -> 1 | H60: =G60*D60 -> 0 | I60: =F60*D60 -> 0
A61: JDH4-02-007-EN-1050 | B61: JDH4-02-007-EN-1050 | C61: Shop DWG Submittal for Road Layout Plan | D61: 0 | E61: =VLOOKUP(A61,'Previous week'!$A$3:$F$1765,6,FALSE) -> 1 | F61: =G61-E61 -> 0 | G61: =VLOOKUP(A61,'Current week'!$A$3:$F$1765,6,0) -> 1 | H61: =G61*D61 -> 0 | I61: =F61*D61 -> 0
A62: JDH4-02-007-EN-1070 | B62: JDH4-02-007-EN-1070 | C62: Shop DWG Submittal for Road Setting Out | D62: 0 | F62: =G62-E62 -> 0
A63: JDH4-02-007-EN-1080 | B63: JDH4-02-007-EN-1080 | C63: Shop DWG Submittal for Road Profiles | D63: 0 | E63: =VLOOKUP(A63,'Previous week'!$A$3:$F$1765,6,FALSE) -> 1 | F63: =G63-E63 -> 0 | G63: =VLOOKUP(A63,'Current week'!$A$3:$F$1765,6,0) -> 1 | H63: =G63*D63 -> 0 | I63: =F63*D63 -> 0
A64: JDH4-02-007-EN-1090 | B64: JDH4-02-007-EN-1090 | C64: Shop DWG Submittal for Grading Layout Plan | D64: 0 | E64: =VLOOKUP(A64,'Previous week'!$A$3:$F$1765,6,FALSE) -> 1 | F64: =G64-E64 -> 0 | G64: =VLOOKUP(A64,'Current week'!$A$3:$F$1765,6,0) -> 1 | H64: =G64*D64 -> 0 | I64: =F64*D64 -> 0
A65: JDH4-02-007-EN-1100 | B65: JDH4-02-007-EN-1100 | C65: Shop DWG Submittal for Curb Setting Out Points | D65: 0 | E65: =VLOOKUP(A65,'Previous week'!$A$3:$F$1765,6,FALSE) -> 1 | F65: =G65-E65 -> 0 | G65: =VLOOKUP(A65,'Current week'!$A$3:$F$1765,6,0) -> 1 | H65: =G65*D65 -> 0 | I65: =F65*D65 -> 0
A66: JDH4-02-007-EN-1120 | B66: JDH4-02-007-EN-1120 | C66: Shop DWG Submittal for Standards Details | D66: 0 | E66: =VLOOKUP(A66,'Previous week'!$A$3:$F$1765,6,FALSE) -> 1 | F66: =G66-E66 -> 0 | G66: =VLOOKUP(A66,'Current week'!$A$3:$F$1765,6,0) -> 1 | H66: =G66*D66 -> 0 | I66: =F66*D66 -> 0
A67: JDH4-02-007-EN-1060 | B67: JDH4-02-007-EN-1060 | C67: Shop DWG Submittal for Typical Cross Section | D67: 0 | E67: =VLOOKUP(A67,'Previous week'!$A$3:$F$1765,6,FALSE) -> 1 | F67: =G67-E67 -> 0 | G67: =VLOOKUP(A67,'Current week'!$A$3:$F$1765,6,0) -> 1 | H67: =G67*D67 -> 0 | I67: =F67*D67 -> 0
A68: JDH4-02-007-EN-1110 | B68: JDH4-02-007-EN-1110 | C68: Shop DWG Submittal for Signing & Marking Layout Plan | D68: 0 | E68: =VLOOKUP(A68,'Previous week'!$A$3:$F$1765,6,FALSE) -> 1 | F68: =G68-E68 -> 0 | G68: =VLOOKUP(A68,'Current week'!$A$3:$F$1765,6,0) -> 1 | H68: =G68*D68 -> 0 | I68: =F68*D68 -> 0
A69: Shop Drawings Submittal for Stormwater Network | B69: Shop Drawings Submittal for Stormwater Network | D69: 0 | E69: =VLOOKUP(A69,'Previous week'!$A$3:$F$1765,6,FALSE) -> 0 | F69: =G69-E69 -> 0 | G69: =VLOOKUP(A69,'Current week'!$A$3:$F$1765,6,0) -> 0 | H69: =G69*D69 -> 0 | I69: =F69*D69 -> 0
A70: JDH4-02-007-EN-1250 | B70: JDH4-02-007-EN-1250 | C70: Shop DWG Submittal for Stormwater Plans | D70: 0 | E70: =VLOOKUP(A70,'Previous week'!$A$3:$F$1765,6,FALSE) -> 1 | F70: =G70-E70 -> 0 | G70: =VLOOKUP(A70,'Current week'!$A$3:$F$1765,6,0) -> 1 | H70: =G70*D70 -> 0 | I70: =F70*D70 -> 0
A71: JDH4-02-007-EN-1260 | B71: JDH4-02-007-EN-1260 | C71: Shop DWG Submittal for Stormwater Profiles | D71: 0 | E71: =VLOOKUP(A71,'Previous week'!$A$3:$F$1765,6,FALSE) -> 1 | F71: =G71-E71 -> 0 | G71: =VLOOKUP(A71,'Current week'!$A$3:$F$1765,6,0) -> 1 | H71: =G71*D71 -> 0 | I71: =F71*D71 -> 0
A72: JDH4-02-007-EN-1270 | B72: JDH4-02-007-EN-1270 | C72: Shop DWG Submittal for Stormwater Standard Details | D72: 0 | E72: =VLOOKUP(A72,'Previous week'!$A$3:$F$1765,6,FALSE) -> 1 | F72: =G72-E72 -> 0 | G72: =VLOOKUP(A72,'Current week'!$A$3:$F$1765,6,0) -> 1 | H72: =G72*D72 -> 0 | I72: =F72*D72 -> 0
A73: Shop Drawings Submittal for Sanitary Sewerage | B73: Shop Drawings Submittal for Sanitary Sewerage | D73: 0 | E73: =VLOOKUP(A73,'Previous week'!$A$3:$F$1765,6,FALSE) -> 0 | F73: =G73-E73 -> 0 | G73: =VLOOKUP(A73,'Current week'!$A$3:$F$1765,6,0) -> 0 | H73: =G73*D73 -> 0 | I73: =F73*D73 -> 0
A74: JDH4-02-007-EN-1220 | B74: JDH4-02-007-EN-1220 | C74: Shop DWG Submittal for Sanitary Sewerage Plans | D74: 0 | E74: =VLOOKUP(A74,'Previous week'!$A$3:$F$1765,6,FALSE) -> 1 | F74: =G74-E74 -> 0 | G74: =VLOOKUP(A74,'Current week'!$A$3:$F$1765,6,0) -> 1 | H74: =G74*D74 -> 0 | I74: =F74*D74 -> 0
A75: JDH4-02-007-EN-1230 | B75: JDH4-02-007-EN-1230 | C75: Shop DWG Submittal for Sanitary Sewerage Profiles | D75: 0 | E75: =VLOOKUP(A75,'Previous week'!$A$3:$F$1765,6,FALSE) -> 1 | F75: =G75-E75 -> 0 | G75: =VLOOKUP(A75,'Current week'!$A$3:$F$1765,6,0) -> 1 | H75: =G75*D75 -> 0 | I75: =F75*D75 -> 0
A76: JDH4-02-007-EN-1240 | B76: JDH4-02-007-EN-1240 | C76: Shop DWG Submittal for Sanitary Sewerage Standard Details | D76: 0 | E76: =VLOOKUP(A76,'Previous week'!$A$3:$F$1765,6,FALSE) -> 1 | F76: =G76-E76 -> 0 | G76: =VLOOKUP(A76,'Current week'!$A$3:$F$1765,6,0) -> 1 | H76: =G76*D76 -> 0 | I76: =F76*D76 -> 0
A77: Shop Drawings Submittal for TSE Network | B77: Shop Drawings Submittal for TSE Network | D77: 0 | E77: =VLOOKUP(A77,'Previous week'!$A$3:$F$1765,6,FALSE) -> 0 | F77: =G77-E77 -> 0 | G77: =VLOOKUP(A77,'Current week'!$A$3:$F$1765,6,0) -> 0 | H77: =G77*D77 -> 0 | I77: =F77*D77 -> 0
A78: JDH4-02-007-EN-1190 | B78: JDH4-02-007-EN-1190 | C78: Shop DWG Submittal for TSE Network Plans | D78: 0 | E78: =VLOOKUP(A78,'Previous week'!$A$3:$F$1765,6,FALSE) -> 1 | F78: =G78-E78 -> 0 | G78: =VLOOKUP(A78,'Current week'!$A$3:$F$1765,6,0) -> 1 | H78: =G78*D78 -> 0 | I78: =F78*D78 -> 0
A79: JDH4-02-007-EN-1200 | B79: JDH4-02-007-EN-1200 | C79: Shop DWG Submittal for TSE Profiles | D79: 0 | E79: =VLOOKUP(A79,'Previous week'!$A$3:$F$1765,6,FALSE) -> 1 | F79: =G79-E79 -> 0 | G79: =VLOOKUP(A79,'Current week'!$A$3:$F$1765,6,0) -> 1 | H79: =G79*D79 -> 0 | I79: =F79*D79 -> 0
A80: JDH4-02-007-EN-1210 | B80: JDH4-02-007-EN-1210 | C80: Shop DWG Submittal for TSE Standard Details | D80: 0 | E80: =VLOOKUP(A80,'Previous week'!$A$3:$F$1765,6,FALSE) -> 1 | F80: =G80-E80 -> 0 | G80: =VLOOKUP(A80,'Current week'!$A$3:$F$1765,6,0) -> 1 | H80: =G80*D80 -> 0 | I80: =F80*D80 -> 0
A81: Shop Drawings Submittal for Potable Water Network | B81: Shop Drawings Submittal for Potable Water Network | D81: 0 | E81: =VLOOKUP(A81,'Previous week'!$A$3:$F$1765,6,FALSE) -> 0 | F81: =G81-E81 -> 0 | G81: =VLOOKUP(A81,'Current week'!$A$3:$F$1765,6,0) -> 0 | H81: =G81*D81 -> 0 | I81: =F81*D81 -> 0
A82: JDH4-02-007-EN-1160 | B82: JDH4-02-007-EN-1160 | C82: Shop DWG Submittal for Potable Water Plans | D82: 0 | F82: =G82-E82 -> 0
A83: JDH4-02-007-EN-1170 | B83: JDH4-02-007-EN-1170 | C83: Shop DWG Submittal for Potable Water Profiles | D83: 0 | F83: =G83-E83 -> 0
A84: JDH4-02-007-EN-1180 | B84: JDH4-02-007-EN-1180 | C84: Shop DWG Submittal for Potable Water Standard Details | D84: 0 | F84: =G84-E84 -> 0
A85: Shop Drawings Submittal for Electrical Network | B85: Shop Drawings Submittal for Electrical Network | D85: 0 | F85: =G85-E85 -> 0
A86: JDH4-02-007-EN-1130 | B86: JDH4-02-007-EN-1130 | C86: Shop DWG Submittal for Medium Voltage Network | D86: 0 | E86: =VLOOKUP(A86,'Previous week'!$A$3:$F$1765,6,FALSE) -> 1 | F86: =G86-E86 -> 0 | G86: =VLOOKUP(A86,'Current week'!$A$3:$F$1765,6,0) -> 1 | H86: =G86*D86 -> 0 | I86: =F86*D86 -> 0
A87: JDH4-02-007-EN-1140 | B87: JDH4-02-007-EN-1140 | C87: Shop DWG Submittal for Street Lighting | D87: 0 | E87: =VLOOKUP(A87,'Previous week'!$A$3:$F$1765,6,FALSE) -> 1 | F87: =G87-E87 -> 0 | G87: =VLOOKUP(A87,'Current week'!$A$3:$F$1765,6,0) -> 1 | H87: =G87*D87 -> 0 | I87: =F87*D87 -> 0
A88: JDH4-02-007-EN-1150 | B88: JDH4-02-007-EN-1150 | C88: Shop DWG Submittal for Low Voltage Network | D88: 0 | E88: =VLOOKUP(A88,'Previous week'!$A$3:$F$1765,6,FALSE) -> 1 | F88: =G88-E88 -> 0 | G88: =VLOOKUP(A88,'Current week'!$A$3:$F$1765,6,0) -> 1 | H88: =G88*D88 -> 0 | I88: =F88*D88 -> 0
A89: Shop Drawings Submittal for Telecommunications | B89: Shop Drawings Submittal for Telecommunications | D89: 0 | E89: =VLOOKUP(A89,'Previous week'!$A$3:$F$1765,6,FALSE) -> 0 | F89: =G89-E89 -> 0 | G89: =VLOOKUP(A89,'Current week'!$A$3:$F$1765,6,0) -> 0 | H89: =G89*D89 -> 0 | I89: =F89*D89 -> 0
A90: JDH4-02-007-EN-1600 | B90: JDH4-02-007-EN-1600 | C90: Shop DWG Submittal for Telecommunications Works | D90: 0 | E90: =VLOOKUP(A90,'Previous week'!$A$3:$F$1765,6,FALSE) -> 1 | F90: =G90-E90 -> 0 | G90: =VLOOKUP(A90,'Current week'!$A$3:$F$1765,6,0) -> 1 | H90: =G90*D90 -> 0 | I90: =F90*D90 -> 0
A91: Shop Drawings Submittal for Earthing System | B91: Shop Drawings Submittal for Earthing System | D91: 0 | E91: =VLOOKUP(A91,'Previous week'!$A$3:$F$1765,6,FALSE) -> 0 | F91: =G91-E91 -> 0 | G91: =VLOOKUP(A91,'Current week'!$A$3:$F$1765,6,0) -> 0 | H91: =G91*D91 -> 0 | I91: =F91*D91 -> 0
A92: JDH4-02-007-EN-1610 | B92: JDH4-02-007-EN-1610 | C92: Shop DWG Submittal for Earthing System | D92: 0 | E92: =VLOOKUP(A92,'Previous week'!$A$3:$F$1765,6,FALSE) -> 1 | F92: =G92-E92 -> 0 | G92: =VLOOKUP(A92,'Current week'!$A$3:$F$1765,6,0) -> 1 | H92: =G92*D92 -> 0 | I92: =F92*D92 -> 0
A93: Shop Drawings Submittal for Road Lighting | B93: Shop Drawings Submittal for Road Lighting | D93: 0 | E93: =VLOOKUP(A93,'Previous week'!$A$3:$F$1765,6,FALSE) -> 0 | F93: =G93-E93 -> 0 | G93: =VLOOKUP(A93,'Current week'!$A$3:$F$1765,6,0) -> 0 | H93: =G93*D93 -> 0 | I93: =F93*D93 -> 0
A94: JDH4-02-007-EN-1000 | B94: JDH4-02-007-EN-1000 | C94: Shop DWG Submittal for Street Lighting General Arrangement | D94: 0 | E94: =VLOOKUP(A94,'Previous week'!$A$3:$F$1765,6,FALSE) -> 1 | F94: =G94-E94 -> 0 | G94: =VLOOKUP(A94,'Current week'!$A$3:$F$1765,6,0) -> 1 | H94: =G94*D94 -> 0 | I94: =F94*D94 -> 0
A95: JDH4-02-007-EN-1010 | B95: JDH4-02-007-EN-1010 | C95: Shop DWG Submittal for Street Lighting Network Layout | D95: 0 | F95: =G95-E95 -> 0
A96: JDH4-02-007-EN-1020 | B96: JDH4-02-007-EN-1020 | C96: Shop DWG Submittal for Street Lighting Details | D96: 0 | E96: =VLOOKUP(A96,'Previous week'!$A$3:$F$1765,6,FALSE) -> 1 | F96: =G96-E96 -> 0 | G96: =VLOOKUP(A96,'Current week'!$A$3:$F$1765,6,0) -> 1 | H96: =G96*D96 -> 0 | I96: =F96*D96 -> 0
A97: JDH4-02-007-EN-1030 | B97: JDH4-02-007-EN-1030 | C97: Shop DWG Submittal for Street Lighting Single Line Diagram | D97: 0 | E97: =VLOOKUP(A97,'Previous week'!$A$3:$F$1765,6,FALSE) -> 1 | F97: =G97-E97 -> 0 | G97: =VLOOKUP(A97,'Current week'!$A$3:$F$1765,6,0) -> 1 | H97: =G97*D97 -> 0 | I97: =F97*D97 -> 0
A98: Shop Drawings Submittal for Sewage Lift Station | B98: Shop Drawings Submittal for Sewage Lift Station | D98: 0 | E98: =VLOOKUP(A98,'Previous week'!$A$3:$F$1765,6,FALSE) -> 0 | F98: =G98-E98 -> 0 | G98: =VLOOKUP(A98,'Current week'!$A$3:$F$1765,6,0) -> 0 | H98: =G98*D98 -> 0 | I98: =F98*D98 -> 0
A99: JDH4-02-007-EN-1280 | B99: JDH4-02-007-EN-1280 | C99: Shop DWG Submittal for the Sewage Lift Station - Civil Works | D99: 0 | F99: =G99-E99 -> 0
A100: JDH4-02-007-EN-1290 | B100: JDH4-02-007-EN-1290 | C100: Shop DWG Submittal for the Sewage Lift Station - Mechanical Works | D100: 0 | E100: =VLOOKUP(A100,'Previous week'!$A$3:$F$1765,6,FALSE) -> 1 | F100: =G100-E100 -> 0 | G100: =VLOOKUP(A100,'Current week'!$A$3:$F$1765,6,0) -> 1 | H100: =G100*D100 -> 0 | I100: =F100*D100 -> 0
...

Sheet Current week
A1: Activity ID | B1: Activity ID | C1: Activity Name | D1: Budgeted Total Cost | E1: Activity % Complete | F1: Performance % Complete | G1: Earned Value Cost
A2: Infrastructure Development for Madinah Industrial city Phase 1-A | B2: JDH4-02-007-R-UP-Land Development of Jeddah Oasis- 20 Oct 2026 | D2: 57304348 | F2: 0.9517 | G2: 54534355
A3: =TRIM(B3) -> Key Milestones | B3: Key Milestones | D3: 0 | F3: 0 | G3: 0
A4: =TRIM(B4) -> General Milestone | B4: General Milestone | D4: 0 | F4: 0 | G4: 0
A5: =TRIM(B5) -> JDH4-02-007-MS-1000 | B5: JDH4-02-007-MS-1000 | C5: Project Commencement Date | D5: 0 | E5: 1 | F5: 1 | G5: 0
A6: =TRIM(B6) -> JDH4-02-007-MS-1010 | B6: JDH4-02-007-MS-1010 | C6: Project Completion Date | D6: 0 | E6: 0 | F6: 0 | G6: 0
A7: =TRIM(B7) -> Contractual Milestone | B7: Contractual Milestone | D7: 0 | F7: 0 | G7: 0
A8: =TRIM(B8) -> Engineering & Mobilization | B8: Engineering & Mobilization | D8: 0 | F8: 0 | G8: 0
A9: =TRIM(B9) -> JDH4-02-007-MS-1020 | B9: JDH4-02-007-MS-1020 | C9: Completion of Mobilization | D9: 0 | E9: 1 | F9: 1 | G9: 0
A10: =TRIM(B10) -> JDH4-02-007-MS-1030 | B10: JDH4-02-007-MS-1030 | C10: Submission of the Work Plan (Baseline Programme) | D10: 0 | E10: 1 | F10: 1 | G10: 0
A11: =TRIM(B11) -> JDH4-02-007-MS-1040 | B11: JDH4-02-007-MS-1040 | C11: Submission and Approval of Drawings and Materials | D11: 0 | E11: 1 | F11: 1 | G11: 0
A12: =TRIM(B12) -> Construction | B12: Construction | D12: 0 | F12: 0 | G12: 0
A13: =TRIM(B13) -> JDH4-02-007-MS-1060 | B13: JDH4-02-007-MS-1060 | C13: Completion of Sewerage networks | D13: 0 | E13: 1 | F13: 1 | G13: 0
A14: =TRIM(B14) -> JDH4-02-007-MS-1090 | B14: JDH4-02-007-MS-1090 | C14: Completion of TSE Network | D14: 0 | E14: 1 | F14: 1 | G14: 0
A15: =TRIM(B15) -> JDH4-02-007-MS-1080 | B15: JDH4-02-007-MS-1080 | C15: Completion of Potable Water Network | D15: 0 | E15: 1 | F15: 1 | G15: 0
A16: =TRIM(B16) -> JDH4-02-007-MS-1050 | B16: JDH4-02-007-MS-1050 | C16: Completion of Earthworks & Site Grading For Plots | D16: 0 | E16: 0 | F16: 0 | G16: 0
A17: =TRIM(B17) -> JDH4-02-007-MS-1070 | B17: JDH4-02-007-MS-1070 | C17: Completion of Road Works | D17: 0 | E17: 0 | F17: 0 | G17: 0
A18: =TRIM(B18) -> JDH4-02-007-MS-1100 | B18: JDH4-02-007-MS-1100 | C18: Completion of Electrical Networks | D18: 0 | E18: 0 | F18: 0 | G18: 0
A19: =TRIM(B19) -> JDH4-02-007-MS-1110 | B19: JDH4-02-007-MS-1110 | C19: Completion of Entire Project | D19: 0 | E19: 0 | F19: 0 | G19: 0
A20: =TRIM(B20) -> Monitoring & Controlling Milestone | B20: Monitoring & Controlling Milestone | D20: 0 | F20: 0 | G20: 0
A21: =TRIM(B21) -> JDH4-02-007-MS-1120 | B21: JDH4-02-007-MS-1120 | C21: Approval of Electrical Network Shop DWGs By SEC | D21: 0 | E21: 1 | F21: 1 | G21: 0
A22: =TRIM(B22) -> JDH4-02-007-MS-1130 | B22: JDH4-02-007-MS-1130 | C22: Approval of Electrical Network Materials By SEC | D22: 0 | E22: 1 | F22: 1 | G22: 0
A23: =TRIM(B23) -> Mobilization | B23: Mobilization | D23: 0 | F23: 0 | G23: 0
A24: =TRIM(B24) -> Site Facilities & Offices | B24: Site Facilities & Offices | D24: 0 | F24: 0 | G24: 0
A25: =TRIM(B25) -> JDH4-02-007-MB-1000 | B25: JDH4-02-007-MB-1000 | C25: Site Layout Plan | D25: 0 | E25: 1 | F25: 1 | G25: 0
A26: =TRIM(B26) -> JDH4-02-007-MB-1010 | B26: JDH4-02-007-MB-1010 | C26: Clear & Grub for Offices & Access Road | D26: 0 | E26: 1 | F26: 1 | G26: 0
A27: =TRIM(B27) -> JDH4-02-007-MB-1020 | B27: JDH4-02-007-MB-1020 | C27: Construct Site Access Roads | D27: 0 | E27: 1 | F27: 1 | G27: 0
A28: =TRIM(B28) -> JDH4-02-007-MB-1040 | B28: JDH4-02-007-MB-1040 | C28: Construct Site Offices & Storage | D28: 0 | E28: 1 | F28: 1 | G28: 0
A29: =TRIM(B29) -> JDH4-02-007-MB-1030 | B29: JDH4-02-007-MB-1030 | C29: Construct Temporary Fence | D29: 0 | E29: 1 | F29: 1 | G29: 0
A30: =TRIM(B30) -> JDH4-02-007-MB-1060 | B30: JDH4-02-007-MB-1060 | C30: Install Site Facilities | D30: 0 | E30: 1 | F30: 1 | G30: 0
A31: =TRIM(B31) -> JDH4-02-007-MB-1070 | B31: JDH4-02-007-MB-1070 | C31: Electrical Works & Connections | D31: 0 | E31: 1 | F31: 1 | G31: 0
A32: =TRIM(B32) -> JDH4-02-007-MB-1090 | B32: JDH4-02-007-MB-1090 | C32: Mobilization of Equipment | D32: 0 | E32: 1 | F32: 1 | G32: 0
A33: =TRIM(B33) -> JDH4-02-007-MB-1100 | B33: JDH4-02-007-MB-1100 | C33: Mobilization of Manpower | D33: 0 | E33: 1 | F33: 1 | G33: 0
A34: =TRIM(B34) -> JDH4-02-007-MB-1050 | B34: JDH4-02-007-MB-1050 | C34: Install Project Signs | D34: 0 | E34: 1 | F34: 1 | G34: 0
A35: =TRIM(B35) -> JDH4-02-007-MB-1080 | B35: JDH4-02-007-MB-1080 | C35: Construct Parking Sheds | D35: 0 | E35: 1 | F35: 1 | G35: 0
A36: =TRIM(B36) -> Topographic Survey | B36: Topographic Survey | D36: 0 | F36: 0 | G36: 0
A37: =TRIM(B37) -> JDH4-02-007-TP-1000 | B37: JDH4-02-007-TP-1000 | C37: Site Survey Works | D37: 0 | E37: 1 | F37: 1 | G37: 0
A38: =TRIM(B38) -> Permit's and Authority Approvals | B38: Permit's and Authority Approvals | D38: 0 | F38: 0 | G38: 0
A39: =TRIM(B39) -> JDH4-02-007-PA-1000 | B39: JDH4-02-007-PA-1000 | C39: Excavation & Backfilling Permit Permit | D39: 0 | E39: 1 | F39: 1 | G39: 0
A40: =TRIM(B40) -> JDH4-02-007-PA-1010 | B40: JDH4-02-007-PA-1010 | C40: Saudi Electricity Company Permit | D40: 0 | E40: 1 | F40: 1 | G40: 0
A41: =TRIM(B41) -> Preliminary Submittals | B41: Preliminary Submittals | D41: 0 | F41: 0 | G41: 0
A42: =TRIM(B42) -> Preparation and Submittal by Contractor's | B42: Preparation and Submittal by Contractor's | D42: 0 | F42: 0 | G42: 0
A43: =TRIM(B43) -> JDH4-02-007-PS-1000 | B43: JDH4-02-007-PS-1000 | C43: Preparation and Submittal of Detailed Work Order Programme (baseline schedule) | D43: 0 | E43: 1 | F43: 1 | G43: 0
A44: =TRIM(B44) -> JDH4-02-007-PS-1020 | B44: JDH4-02-007-PS-1020 | C44: Preparation and Submittal of Quality Management Plan | D44: 0 | E44: 1 | F44: 1 | G44: 0
A45: =TRIM(B45) -> JDH4-02-007-PS-1030 | B45: JDH4-02-007-PS-1030 | C45: Preparation and Submittal of Safety Management Plan | D45: 0 | E45: 1 | F45: 1 | G45: 0
A46: =TRIM(B46) -> JDH4-02-007-PS-1040 | B46: JDH4-02-007-PS-1040 | C46: Preparation and Submittal of Organization Chart | D46: 0 | E46: 1 | F46: 1 | G46: 0
A47: =TRIM(B47) -> JDH4-02-007-PS-1050 | B47: JDH4-02-007-PS-1050 | C47: Preparation and Submittal of Communication Plan | D47: 0 | E47: 1 | F47: 1 | G47: 0
A48: =TRIM(B48) -> JDH4-02-007-PS-1010 | B48: JDH4-02-007-PS-1010 | C48: Preparation and Submittal of Project Execution Plan | D48: 0 | E48: 1 | F48: 1 | G48: 0
A49: =TRIM(B49) -> Approval by the Employer's | B49: Approval by the Employer's | D49: 0 | F49: 0 | G49: 0
A50: =TRIM(B50) -> JDH4-02-007-PS-1100 | B50: JDH4-02-007-PS-1100 | C50: Approval of Organization Chart | D50: 0 | E50: 1 | F50: 1 | G50: 0
A51: =TRIM(B51) -> JDH4-02-007-PS-1110 | B51: JDH4-02-007-PS-1110 | C51: Approval of Comminumcation Plan | D51: 0 | E51: 1 | F51: 1 | G51: 0
A52: =TRIM(B52) -> JDH4-02-007-PS-1060 | B52: JDH4-02-007-PS-1060 | C52: Approval of Detailed Work Order Programme (baseline schedule) | D52: 0 | E52: 1 | F52: 1 | G52: 0
A53: =TRIM(B53) -> JDH4-02-007-PS-1090 | B53: JDH4-02-007-PS-1090 | C53: Approval of Safety Management Plan | D53: 0 | E53: 1 | F53: 1 | G53: 0
A54: =TRIM(B54) -> JDH4-02-007-PS-1080 | B54: JDH4-02-007-PS-1080 | C54: Approval of Quality Management Plan | D54: 0 | E54: 1 | F54: 1 | G54: 0
A55: =TRIM(B55) -> JDH4-02-007-PS-1070 | B55: JDH4-02-007-PS-1070 | C55: Approval of Project Execution Plan | D55: 0 | E55: 1 | F55: 1 | G55: 0
A56: =TRIM(B56) -> Engineering | B56: Engineering | D56: 1719130.4 | F56: 1 | G56: 1719130.4
A57: =TRIM(B57) -> Shop Drawings | B57: Shop Drawings | D57: 0 | F57: 0 | G57: 0
A58: =TRIM(B58) -> Shop Drawings Submittal | B58: Shop Drawings Submittal | D58: 0 | F58: 0 | G58: 0
A59: =TRIM(B59) -> Shop Drawings Submittal for Road Works | B59: Shop Drawings Submittal for Road Works | D59: 0 | F59: 0 | G59: 0
A60: =TRIM(B60) -> JDH4-02-007-EN-1040 | B60: JDH4-02-007-EN-1040 | C60: Shop DWG Submittal for Topographic Survey | D60: 0 | E60: 1 | F60: 1 | G60: 0
A61: =TRIM(B61) -> JDH4-02-007-EN-1050 | B61: JDH4-02-007-EN-1050 | C61: Shop DWG Submittal for Road Layout Plan | D61: 0 | E61: 1 | F61: 1 | G61: 0
A62: =TRIM(B62) -> JDH4-02-007-EN-1070 | B62: JDH4-02-007-EN-1070 | C62: Shop DWG Submittal for Road Setting Out | D62: 0 | E62: 1 | F62: 1 | G62: 0
A63: =TRIM(B63) -> JDH4-02-007-EN-1080 | B63: JDH4-02-007-EN-1080 | C63: Shop DWG Submittal for Road Profiles | D63: 0 | E63: 1 | F63: 1 | G63: 0
A64: =TRIM(B64) -> JDH4-02-007-EN-1090 | B64: JDH4-02-007-EN-1090 | C64: Shop DWG Submittal for Grading Layout Plan | D64: 0 | E64: 1 | F64: 1 | G64: 0
A65: =TRIM(B65) -> JDH4-02-007-EN-1100 | B65: JDH4-02-007-EN-1100 | C65: Shop DWG Submittal for Curb Setting Out Points | D65: 0 | E65: 1 | F65: 1 | G65: 0
A66: =TRIM(B66) -> JDH4-02-007-EN-1120 | B66: JDH4-02-007-EN-1120 | C66: Shop DWG Submittal for Standards Details | D66: 0 | E66: 1 | F66: 1 | G66: 0
A67: =TRIM(B67) -> JDH4-02-007-EN-1060 | B67: JDH4-02-007-EN-1060 | C67: Shop DWG Submittal for Typical Cross Section | D67: 0 | E67: 1 | F67: 1 | G67: 0
A68: =TRIM(B68) -> JDH4-02-007-EN-1110 | B68: JDH4-02-007-EN-1110 | C68: Shop DWG Submittal for Signing & Marking Layout Plan | D68: 0 | E68: 1 | F68: 1 | G68: 0
A69: =TRIM(B69) -> Shop Drawings Submittal for Stormwater Network | B69: Shop Drawings Submittal for Stormwater Network | D69: 0 | F69: 0 | G69: 0
A70: =TRIM(B70) -> JDH4-02-007-EN-1250 | B70: JDH4-02-007-EN-1250 | C70: Shop DWG Submittal for Stormwater Plans | D70: 0 | E70: 1 | F70: 1 | G70: 0
A71: =TRIM(B71) -> JDH4-02-007-EN-1260 | B71: JDH4-02-007-EN-1260 | C71: Shop DWG Submittal for Stormwater Profiles | D71: 0 | E71: 1 | F71: 1 | G71: 0
A72: =TRIM(B72) -> JDH4-02-007-EN-1270 | B72: JDH4-02-007-EN-1270 | C72: Shop DWG Submittal for Stormwater Standard Details | D72: 0 | E72: 1 | F72: 1 | G72: 0
A73: =TRIM(B73) -> Shop Drawings Submittal for Sanitary Sewerage | B73: Shop Drawings Submittal for Sanitary Sewerage | D73: 0 | F73: 0 | G73: 0
A74: =TRIM(B74) -> JDH4-02-007-EN-1220 | B74: JDH4-02-007-EN-1220 | C74: Shop DWG Submittal for Sanitary Sewerage Plans | D74: 0 | E74: 1 | F74: 1 | G74: 0
A75: =TRIM(B75) -> JDH4-02-007-EN-1230 | B75: JDH4-02-007-EN-1230 | C75: Shop DWG Submittal for Sanitary Sewerage Profiles | D75: 0 | E75: 1 | F75: 1 | G75: 0
A76: =TRIM(B76) -> JDH4-02-007-EN-1240 | B76: JDH4-02-007-EN-1240 | C76: Shop DWG Submittal for Sanitary Sewerage Standard Details | D76: 0 | E76: 1 | F76: 1 | G76: 0
A77: =TRIM(B77) -> Shop Drawings Submittal for TSE Network | B77: Shop Drawings Submittal for TSE Network | D77: 0 | F77: 0 | G77: 0
A78: =TRIM(B78) -> JDH4-02-007-EN-1190 | B78: JDH4-02-007-EN-1190 | C78: Shop DWG Submittal for TSE Network Plans | D78: 0 | E78: 1 | F78: 1 | G78: 0
A79: =TRIM(B79) -> JDH4-02-007-EN-1200 | B79: JDH4-02-007-EN-1200 | C79: Shop DWG Submittal for TSE Profiles | D79: 0 | E79: 1 | F79: 1 | G79: 0
A80: =TRIM(B80) -> JDH4-02-007-EN-1210 | B80: JDH4-02-007-EN-1210 | C80: Shop DWG Submittal for TSE Standard Details | D80: 0 | E80: 1 | F80: 1 | G80: 0
A81: =TRIM(B81) -> Shop Drawings Submittal for Potable Water Network | B81: Shop Drawings Submittal for Potable Water Network | D81: 0 | F81: 0 | G81: 0
A82: =TRIM(B82) -> JDH4-02-007-EN-1160 | B82: JDH4-02-007-EN-1160 | C82: Shop DWG Submittal for Potable Water Plans | D82: 0 | E82: 1 | F82: 1 | G82: 0
A83: =TRIM(B83) -> JDH4-02-007-EN-1170 | B83: JDH4-02-007-EN-1170 | C83: Shop DWG Submittal for Potable Water Profiles | D83: 0 | E83: 1 | F83: 1 | G83: 0
A84: =TRIM(B84) -> JDH4-02-007-EN-1180 | B84: JDH4-02-007-EN-1180 | C84: Shop DWG Submittal for Potable Water Standard Details | D84: 0 | E84: 1 | F84: 1 | G84: 0
A85: =TRIM(B85) -> Shop Drawings Submittal for Electrical Network | B85: Shop Drawings Submittal for Electrical Network | D85: 0 | F85: 0 | G85: 0
A86: =TRIM(B86) -> JDH4-02-007-EN-1140 | B86: JDH4-02-007-EN-1140 | C86: Shop DWG Submittal for Street Lighting | D86: 0 | E86: 1 | F86: 1 | G86: 0
A87: =TRIM(B87) -> JDH4-02-007-EN-1150 | B87: JDH4-02-007-EN-1150 | C87: Shop DWG Submittal for Low Voltage Network | D87: 0 | E87: 1 | F87: 1 | G87: 0
A88: =TRIM(B88) -> JDH4-02-007-EN-1130 | B88: JDH4-02-007-EN-1130 | C88: Shop DWG Submittal for Medium Voltage Network | D88: 0 | E88: 1 | F88: 1 | G88: 0
A89: =TRIM(B89) -> Shop Drawings Submittal for Telecommunications | B89: Shop Drawings Submittal for Telecommunications | D89: 0 | F89: 0 | G89: 0
A90: =TRIM(B90) -> JDH4-02-007-EN-1600 | B90: JDH4-02-007-EN-1600 | C90: Shop DWG Submittal for Telecommunications Works | D90: 0 | E90: 1 | F90: 1 | G90: 0
A91: =TRIM(B91) -> Shop Drawings Submittal for Earthing System | B91: Shop Drawings Submittal for Earthing System | D91: 0 | F91: 0 | G91: 0
A92: =TRIM(B92) -> JDH4-02-007-EN-1610 | B92: JDH4-02-007-EN-1610 | C92: Shop DWG Submittal for Earthing System | D92: 0 | E92: 1 | F92: 1 | G92: 0
A93: =TRIM(B93) -> Shop Drawings Submittal for Road Lighting | B93: Shop Drawings Submittal for Road Lighting | D93: 0 | F93: 0 | G93: 0
A94: =TRIM(B94) -> JDH4-02-007-EN-1000 | B94: JDH4-02-007-EN-1000 | C94: Shop DWG Submittal for Street Lighting General Arrangement | D94: 0 | E94: 1 | F94: 1 | G94: 0
A95: =TRIM(B95) -> JDH4-02-007-EN-1010 | B95: JDH4-02-007-EN-1010 | C95: Shop DWG Submittal for Street Lighting Network Layout | D95: 0 | E95: 1 | F95: 1 | G95: 0
A96: =TRIM(B96) -> JDH4-02-007-EN-1020 | B96: JDH4-02-007-EN-1020 | C96: Shop DWG Submittal for Street Lighting Details | D96: 0 | E96: 1 | F96: 1 | G96: 0
A97: =TRIM(B97) -> JDH4-02-007-EN-1030 | B97: JDH4-02-007-EN-1030 | C97: Shop DWG Submittal for Street Lighting Single Line Diagram | D97: 0 | E97: 1 | F97: 1 | G97: 0
A98: =TRIM(B98) -> Shop Drawings Submittal for Sewage Lift Station | B98: Shop Drawings Submittal for Sewage Lift Station | D98: 0 | F98: 0 | G98: 0
A99: =TRIM(B99) -> JDH4-02-007-EN-1280 | B99: JDH4-02-007-EN-1280 | C99: Shop DWG Submittal for the Sewage Lift Station - Civil Works | D99: 0 | E99: 1 | F99: 1 | G99: 0
A100: =TRIM(B100) -> JDH4-02-007-EN-1290 | B100: JDH4-02-007-EN-1290 | C100: Shop DWG Submittal for the Sewage Lift Station - Mechanical Works | D100: 0 | E100: 1 | F100: 1 | G100: 0
...

Sheet Previous week
A1: Activity ID | B1: Activity ID | C1: Activity Name | D1: Budgeted Total Cost | E1: Activity % Complete | F1: Performance % Complete | G1: Earned Value Cost
A2: Infrastructure Development for Madinah Industrial city Phase 1-A | B2: JDH4-02-007-R-UP-Land Development of Jeddah Oasis- 13 Oct 2026 | D2: 57304348 | F2: 0.9331 | G2: 53468556
A3: =TRIM(B3) -> Key Milestones | B3: Key Milestones | D3: 0 | F3: 0 | G3: 0
A4: =TRIM(B4) -> General Milestone | B4: General Milestone | D4: 0 | F4: 0 | G4: 0
A5: =TRIM(B5) -> JDH4-02-007-MS-1000 | B5: JDH4-02-007-MS-1000 | C5: Project Commencement Date | D5: 0 | E5: 1 | F5: 1 | G5: 0
A6: =TRIM(B6) -> JDH4-02-007-MS-1010 | B6: JDH4-02-007-MS-1010 | C6: Project Completion Date | D6: 0 | E6: 0 | F6: 0 | G6: 0
A7: =TRIM(B7) -> Contractual Milestone | B7: Contractual Milestone | D7: 0 | F7: 0 | G7: 0
A8: =TRIM(B8) -> Engineering & Mobilization | B8: Engineering & Mobilization | D8: 0 | F8: 0 | G8: 0
A9: =TRIM(B9) -> JDH4-02-007-MS-1020 | B9: JDH4-02-007-MS-1020 | C9: Completion of Mobilization | D9: 0 | E9: 1 | F9: 1 | G9: 0
A10: =TRIM(B10) -> JDH4-02-007-MS-1030 | B10: JDH4-02-007-MS-1030 | C10: Submission of the Work Plan (Baseline Programme) | D10: 0 | E10: 1 | F10: 1 | G10: 0
A11: =TRIM(B11) -> JDH4-02-007-MS-1040 | B11: JDH4-02-007-MS-1040 | C11: Submission and Approval of Drawings and Materials | D11: 0 | E11: 1 | F11: 1 | G11: 0
A12: =TRIM(B12) -> Construction | B12: Construction | D12: 0 | F12: 0 | G12: 0
A13: =TRIM(B13) -> JDH4-02-007-MS-1060 | B13: JDH4-02-007-MS-1060 | C13: Completion of Sewerage networks | D13: 0 | E13: 1 | F13: 1 | G13: 0
A14: =TRIM(B14) -> JDH4-02-007-MS-1090 | B14: JDH4-02-007-MS-1090 | C14: Completion of TSE Network | D14: 0 | E14: 1 | F14: 1 | G14: 0
A15: =TRIM(B15) -> JDH4-02-007-MS-1080 | B15: JDH4-02-007-MS-1080 | C15: Completion of Potable Water Network | D15: 0 | E15: 1 | F15: 1 | G15: 0
A16: =TRIM(B16) -> JDH4-02-007-MS-1050 | B16: JDH4-02-007-MS-1050 | C16: Completion of Earthworks & Site Grading For Plots | D16: 0 | E16: 0 | F16: 0 | G16: 0
A17: =TRIM(B17) -> JDH4-02-007-MS-1070 | B17: JDH4-02-007-MS-1070 | C17: Completion of Road Works | D17: 0 | E17: 0 | F17: 0 | G17: 0
A18: =TRIM(B18) -> JDH4-02-007-MS-1100 | B18: JDH4-02-007-MS-1100 | C18: Completion of Electrical Networks | D18: 0 | E18: 0 | F18: 0 | G18: 0
A19: =TRIM(B19) -> JDH4-02-007-MS-1110 | B19: JDH4-02-007-MS-1110 | C19: Completion of Entire Project | D19: 0 | E19: 0 | F19: 0 | G19: 0
A20: =TRIM(B20) -> Monitoring & Controlling Milestone | B20: Monitoring & Controlling Milestone | D20: 0 | F20: 0 | G20: 0
A21: =TRIM(B21) -> JDH4-02-007-MS-1120 | B21: JDH4-02-007-MS-1120 | C21: Approval of Electrical Network Shop DWGs By SEC | D21: 0 | E21: 1 | F21: 1 | G21: 0
A22: =TRIM(B22) -> JDH4-02-007-MS-1130 | B22: JDH4-02-007-MS-1130 | C22: Approval of Electrical Network Materials By SEC | D22: 0 | E22: 1 | F22: 1 | G22: 0
A23: =TRIM(B23) -> Mobilization | B23: Mobilization | D23: 0 | F23: 0 | G23: 0
A24: =TRIM(B24) -> Site Facilities & Offices | B24: Site Facilities & Offices | D24: 0 | F24: 0 | G24: 0
A25: =TRIM(B25) -> JDH4-02-007-MB-1000 | B25: JDH4-02-007-MB-1000 | C25: Site Layout Plan | D25: 0 | E25: 1 | F25: 1 | G25: 0
A26: =TRIM(B26) -> JDH4-02-007-MB-1010 | B26: JDH4-02-007-MB-1010 | C26: Clear & Grub for Offices & Access Road | D26: 0 | E26: 1 | F26: 1 | G26: 0
A27: =TRIM(B27) -> JDH4-02-007-MB-1020 | B27: JDH4-02-007-MB-1020 | C27: Construct Site Access Roads | D27: 0 | E27: 1 | F27: 1 | G27: 0
A28: =TRIM(B28) -> JDH4-02-007-MB-1040 | B28: JDH4-02-007-MB-1040 | C28: Construct Site Offices & Storage | D28: 0 | E28: 1 | F28: 1 | G28: 0
A29: =TRIM(B29) -> JDH4-02-007-MB-1030 | B29: JDH4-02-007-MB-1030 | C29: Construct Temporary Fence | D29: 0 | E29: 1 | F29: 1 | G29: 0
A30: =TRIM(B30) -> JDH4-02-007-MB-1060 | B30: JDH4-02-007-MB-1060 | C30: Install Site Facilities | D30: 0 | E30: 1 | F30: 1 | G30: 0
A31: =TRIM(B31) -> JDH4-02-007-MB-1070 | B31: JDH4-02-007-MB-1070 | C31: Electrical Works & Connections | D31: 0 | E31: 1 | F31: 1 | G31: 0
A32: =TRIM(B32) -> JDH4-02-007-MB-1090 | B32: JDH4-02-007-MB-1090 | C32: Mobilization of Equipment | D32: 0 | E32: 1 | F32: 1 | G32: 0
A33: =TRIM(B33) -> JDH4-02-007-MB-1100 | B33: JDH4-02-007-MB-1100 | C33: Mobilization of Manpower | D33: 0 | E33: 1 | F33: 1 | G33: 0
A34: =TRIM(B34) -> JDH4-02-007-MB-1050 | B34: JDH4-02-007-MB-1050 | C34: Install Project Signs | D34: 0 | E34: 1 | F34: 1 | G34: 0
A35: =TRIM(B35) -> JDH4-02-007-MB-1080 | B35: JDH4-02-007-MB-1080 | C35: Construct Parking Sheds | D35: 0 | E35: 1 | F35: 1 | G35: 0
A36: =TRIM(B36) -> Topographic Survey | B36: Topographic Survey | D36: 0 | F36: 0 | G36: 0
A37: =TRIM(B37) -> JDH4-02-007-TP-1000 | B37: JDH4-02-007-TP-1000 | C37: Site Survey Works | D37: 0 | E37: 1 | F37: 1 | G37: 0
A38: =TRIM(B38) -> Permit's and Authority Approvals | B38: Permit's and Authority Approvals | D38: 0 | F38: 0 | G38: 0
A39: =TRIM(B39) -> JDH4-02-007-PA-1000 | B39: JDH4-02-007-PA-1000 | C39: Excavation & Backfilling Permit Permit | D39: 0 | E39: 1 | F39: 1 | G39: 0
A40: =TRIM(B40) -> JDH4-02-007-PA-1010 | B40: JDH4-02-007-PA-1010 | C40: Saudi Electricity Company Permit | D40: 0 | E40: 1 | F40: 1 | G40: 0
A41: =TRIM(B41) -> Preliminary Submittals | B41: Preliminary Submittals | D41: 0 | F41: 0 | G41: 0
A42: =TRIM(B42) -> Preparation and Submittal by Contractor's | B42: Preparation and Submittal by Contractor's | D42: 0 | F42: 0 | G42: 0
A43: =TRIM(B43) -> JDH4-02-007-PS-1000 | B43: JDH4-02-007-PS-1000 | C43: Preparation and Submittal of Detailed Work Order Programme (baseline schedule) | D43: 0 | E43: 1 | F43: 1 | G43: 0
A44: =TRIM(B44) -> JDH4-02-007-PS-1020 | B44: JDH4-02-007-PS-1020 | C44: Preparation and Submittal of Quality Management Plan | D44: 0 | E44: 1 | F44: 1 | G44: 0
A45: =TRIM(B45) -> JDH4-02-007-PS-1030 | B45: JDH4-02-007-PS-1030 | C45: Preparation and Submittal of Safety Management Plan | D45: 0 | E45: 1 | F45: 1 | G45: 0
A46: =TRIM(B46) -> JDH4-02-007-PS-1040 | B46: JDH4-02-007-PS-1040 | C46: Preparation and Submittal of Organization Chart | D46: 0 | E46: 1 | F46: 1 | G46: 0
A47: =TRIM(B47) -> JDH4-02-007-PS-1050 | B47: JDH4-02-007-PS-1050 | C47: Preparation and Submittal of Communication Plan | D47: 0 | E47: 1 | F47: 1 | G47: 0
A48: =TRIM(B48) -> JDH4-02-007-PS-1010 | B48: JDH4-02-007-PS-1010 | C48: Preparation and Submittal of Project Execution Plan | D48: 0 | E48: 1 | F48: 1 | G48: 0
A49: =TRIM(B49) -> Approval by the Employer's | B49: Approval by the Employer's | D49: 0 | F49: 0 | G49: 0
A50: =TRIM(B50) -> JDH4-02-007-PS-1100 | B50: JDH4-02-007-PS-1100 | C50: Approval of Organization Chart | D50: 0 | E50: 1 | F50: 1 | G50: 0
A51: =TRIM(B51) -> JDH4-02-007-PS-1110 | B51: JDH4-02-007-PS-1110 | C51: Approval of Comminumcation Plan | D51: 0 | E51: 1 | F51: 1 | G51: 0
A52: =TRIM(B52) -> JDH4-02-007-PS-1060 | B52: JDH4-02-007-PS-1060 | C52: Approval of Detailed Work Order Programme (baseline schedule) | D52: 0 | E52: 1 | F52: 1 | G52: 0
A53: =TRIM(B53) -> JDH4-02-007-PS-1090 | B53: JDH4-02-007-PS-1090 | C53: Approval of Safety Management Plan | D53: 0 | E53: 1 | F53: 1 | G53: 0
A54: =TRIM(B54) -> JDH4-02-007-PS-1080 | B54: JDH4-02-007-PS-1080 | C54: Approval of Quality Management Plan | D54: 0 | E54: 1 | F54: 1 | G54: 0
A55: =TRIM(B55) -> JDH4-02-007-PS-1070 | B55: JDH4-02-007-PS-1070 | C55: Approval of Project Execution Plan | D55: 0 | E55: 1 | F55: 1 | G55: 0
A56: =TRIM(B56) -> Engineering | B56: Engineering | D56: 1719130.4 | F56: 1 | G56: 1719130.4
A57: =TRIM(B57) -> Shop Drawings | B57: Shop Drawings | D57: 0 | F57: 0 | G57: 0
A58: =TRIM(B58) -> Shop Drawings Submittal | B58: Shop Drawings Submittal | D58: 0 | F58: 0 | G58: 0
A59: =TRIM(B59) -> Shop Drawings Submittal for Road Works | B59: Shop Drawings Submittal for Road Works | D59: 0 | F59: 0 | G59: 0
A60: =TRIM(B60) -> JDH4-02-007-EN-1040 | B60: JDH4-02-007-EN-1040 | C60: Shop DWG Submittal for Topographic Survey | D60: 0 | E60: 1 | F60: 1 | G60: 0
A61: =TRIM(B61) -> JDH4-02-007-EN-1050 | B61: JDH4-02-007-EN-1050 | C61: Shop DWG Submittal for Road Layout Plan | D61: 0 | E61: 1 | F61: 1 | G61: 0
A62: =TRIM(B62) -> JDH4-02-007-EN-1070 | B62: JDH4-02-007-EN-1070 | C62: Shop DWG Submittal for Road Setting Out | D62: 0 | E62: 1 | F62: 1 | G62: 0
A63: =TRIM(B63) -> JDH4-02-007-EN-1080 | B63: JDH4-02-007-EN-1080 | C63: Shop DWG Submittal for Road Profiles | D63: 0 | E63: 1 | F63: 1 | G63: 0
A64: =TRIM(B64) -> JDH4-02-007-EN-1090 | B64: JDH4-02-007-EN-1090 | C64: Shop DWG Submittal for Grading Layout Plan | D64: 0 | E64: 1 | F64: 1 | G64: 0
A65: =TRIM(B65) -> JDH4-02-007-EN-1100 | B65: JDH4-02-007-EN-1100 | C65: Shop DWG Submittal for Curb Setting Out Points | D65: 0 | E65: 1 | F65: 1 | G65: 0
A66: =TRIM(B66) -> JDH4-02-007-EN-1120 | B66: JDH4-02-007-EN-1120 | C66: Shop DWG Submittal for Standards Details | D66: 0 | E66: 1 | F66: 1 | G66: 0
A67: =TRIM(B67) -> JDH4-02-007-EN-1060 | B67: JDH4-02-007-EN-1060 | C67: Shop DWG Submittal for Typical Cross Section | D67: 0 | E67: 1 | F67: 1 | G67: 0
A68: =TRIM(B68) -> JDH4-02-007-EN-1110 | B68: JDH4-02-007-EN-1110 | C68: Shop DWG Submittal for Signing & Marking Layout Plan | D68: 0 | E68: 1 | F68: 1 | G68: 0
A69: =TRIM(B69) -> Shop Drawings Submittal for Stormwater Network | B69: Shop Drawings Submittal for Stormwater Network | D69: 0 | F69: 0 | G69: 0
A70: =TRIM(B70) -> JDH4-02-007-EN-1250 | B70: JDH4-02-007-EN-1250 | C70: Shop DWG Submittal for Stormwater Plans | D70: 0 | E70: 1 | F70: 1 | G70: 0
A71: =TRIM(B71) -> JDH4-02-007-EN-1260 | B71: JDH4-02-007-EN-1260 | C71: Shop DWG Submittal for Stormwater Profiles | D71: 0 | E71: 1 | F71: 1 | G71: 0
A72: =TRIM(B72) -> JDH4-02-007-EN-1270 | B72: JDH4-02-007-EN-1270 | C72: Shop DWG Submittal for Stormwater Standard Details | D72: 0 | E72: 1 | F72: 1 | G72: 0
A73: =TRIM(B73) -> Shop Drawings Submittal for Sanitary Sewerage | B73: Shop Drawings Submittal for Sanitary Sewerage | D73: 0 | F73: 0 | G73: 0
A74: =TRIM(B74) -> JDH4-02-007-EN-1220 | B74: JDH4-02-007-EN-1220 | C74: Shop DWG Submittal for Sanitary Sewerage Plans | D74: 0 | E74: 1 | F74: 1 | G74: 0
A75: =TRIM(B75) -> JDH4-02-007-EN-1230 | B75: JDH4-02-007-EN-1230 | C75: Shop DWG Submittal for Sanitary Sewerage Profiles | D75: 0 | E75: 1 | F75: 1 | G75: 0
A76: =TRIM(B76) -> JDH4-02-007-EN-1240 | B76: JDH4-02-007-EN-1240 | C76: Shop DWG Submittal for Sanitary Sewerage Standard Details | D76: 0 | E76: 1 | F76: 1 | G76: 0
A77: =TRIM(B77) -> Shop Drawings Submittal for TSE Network | B77: Shop Drawings Submittal for TSE Network | D77: 0 | F77: 0 | G77: 0
A78: =TRIM(B78) -> JDH4-02-007-EN-1190 | B78: JDH4-02-007-EN-1190 | C78: Shop DWG Submittal for TSE Network Plans | D78: 0 | E78: 1 | F78: 1 | G78: 0
A79: =TRIM(B79) -> JDH4-02-007-EN-1200 | B79: JDH4-02-007-EN-1200 | C79: Shop DWG Submittal for TSE Profiles | D79: 0 | E79: 1 | F79: 1 | G79: 0
A80: =TRIM(B80) -> JDH4-02-007-EN-1210 | B80: JDH4-02-007-EN-1210 | C80: Shop DWG Submittal for TSE Standard Details | D80: 0 | E80: 1 | F80: 1 | G80: 0
A81: =TRIM(B81) -> Shop Drawings Submittal for Potable Water Network | B81: Shop Drawings Submittal for Potable Water Network | D81: 0 | F81: 0 | G81: 0
A82: =TRIM(B82) -> JDH4-02-007-EN-1160 | B82: JDH4-02-007-EN-1160 | C82: Shop DWG Submittal for Potable Water Plans | D82: 0 | E82: 1 | F82: 1 | G82: 0
A83: =TRIM(B83) -> JDH4-02-007-EN-1170 | B83: JDH4-02-007-EN-1170 | C83: Shop DWG Submittal for Potable Water Profiles | D83: 0 | E83: 1 | F83: 1 | G83: 0
A84: =TRIM(B84) -> JDH4-02-007-EN-1180 | B84: JDH4-02-007-EN-1180 | C84: Shop DWG Submittal for Potable Water Standard Details | D84: 0 | E84: 1 | F84: 1 | G84: 0
A85: =TRIM(B85) -> Shop Drawings Submittal for Electrical Network | B85: Shop Drawings Submittal for Electrical Network | D85: 0 | F85: 0 | G85: 0
A86: =TRIM(B86) -> JDH4-02-007-EN-1140 | B86: JDH4-02-007-EN-1140 | C86: Shop DWG Submittal for Street Lighting | D86: 0 | E86: 1 | F86: 1 | G86: 0
A87: =TRIM(B87) -> JDH4-02-007-EN-1150 | B87: JDH4-02-007-EN-1150 | C87: Shop DWG Submittal for Low Voltage Network | D87: 0 | E87: 1 | F87: 1 | G87: 0
A88: =TRIM(B88) -> JDH4-02-007-EN-1130 | B88: JDH4-02-007-EN-1130 | C88: Shop DWG Submittal for Medium Voltage Network | D88: 0 | E88: 1 | F88: 1 | G88: 0
A89: =TRIM(B89) -> Shop Drawings Submittal for Telecommunications | B89: Shop Drawings Submittal for Telecommunications | D89: 0 | F89: 0 | G89: 0
A90: =TRIM(B90) -> JDH4-02-007-EN-1600 | B90: JDH4-02-007-EN-1600 | C90: Shop DWG Submittal for Telecommunications Works | D90: 0 | E90: 1 | F90: 1 | G90: 0
A91: =TRIM(B91) -> Shop Drawings Submittal for Earthing System | B91: Shop Drawings Submittal for Earthing System | D91: 0 | F91: 0 | G91: 0
A92: =TRIM(B92) -> JDH4-02-007-EN-1610 | B92: JDH4-02-007-EN-1610 | C92: Shop DWG Submittal for Earthing System | D92: 0 | E92: 1 | F92: 1 | G92: 0
A93: =TRIM(B93) -> Shop Drawings Submittal for Road Lighting | B93: Shop Drawings Submittal for Road Lighting | D93: 0 | F93: 0 | G93: 0
A94: =TRIM(B94) -> JDH4-02-007-EN-1000 | B94: JDH4-02-007-EN-1000 | C94: Shop DWG Submittal for Street Lighting General Arrangement | D94: 0 | E94: 1 | F94: 1 | G94: 0
A95: =TRIM(B95) -> JDH4-02-007-EN-1010 | B95: JDH4-02-007-EN-1010 | C95: Shop DWG Submittal for Street Lighting Network Layout | D95: 0 | E95: 1 | F95: 1 | G95: 0
A96: =TRIM(B96) -> JDH4-02-007-EN-1020 | B96: JDH4-02-007-EN-1020 | C96: Shop DWG Submittal for Street Lighting Details | D96: 0 | E96: 1 | F96: 1 | G96: 0
A97: =TRIM(B97) -> JDH4-02-007-EN-1030 | B97: JDH4-02-007-EN-1030 | C97: Shop DWG Submittal for Street Lighting Single Line Diagram | D97: 0 | E97: 1 | F97: 1 | G97: 0
A98: =TRIM(B98) -> Shop Drawings Submittal for Sewage Lift Station | B98: Shop Drawings Submittal for Sewage Lift Station | D98: 0 | F98: 0 | G98: 0
A99: =TRIM(B99) -> JDH4-02-007-EN-1280 | B99: JDH4-02-007-EN-1280 | C99: Shop DWG Submittal for the Sewage Lift Station - Civil Works | D99: 0 | E99: 1 | F99: 1 | G99: 0
A100: =TRIM(B100) -> JDH4-02-007-EN-1290 | B100: JDH4-02-007-EN-1290 | C100: Shop DWG Submittal for the Sewage Lift Station - Mechanical Works | D100: 0 | E100: 1 | F100: 1 | G100: 0
...
