Workbook
Name _Hlk191481195: MSA!$I$14
Name _Hlk191481195: 'Shop Dwgs'!$J$14
Name _Hlk192937198: MSA!$I$18
Name _Hlk192937198: 'Shop Dwgs'!$J$18
Name _Hlk193023968: 'Design Dwgs'!#REF!
Name _Hlk193195409: MSA!#REF!
Name _Hlk193195409: 'Shop Dwgs'!$J$22
Name _Hlk194749541: 'Design Dwgs'!#REF!
Name _Hlk195095287: 'Design Dwgs'!#REF!
Name _Hlk195180476: 'Design Dwgs'!#REF!
Name _Hlk195180491: 'Design Dwgs'!#REF!
Name _Hlk195180505: 'Design Dwgs'!#REF!
Name _Hlk195182086: 'Design Dwgs'!#REF!
Name _Hlk195182096: 'Design Dwgs'!#REF!
Name _Hlk195182805: 'Design Dwgs'!#REF!
Name _Hlk195186600: 'Design Dwgs'!#REF!
Name _Hlk195186642: 'Design Dwgs'!#REF!
Name _Hlk195605672: MSA!#REF!
Name _Hlk195605672: 'Shop Dwgs'!#REF!
Name _Hlk195605708: MSA!#REF!
Name _Hlk195605708: 'Shop Dwgs'!#REF!
Name _Hlk196649423: MSA!#REF!
Name _Hlk196649423: 'Shop Dwgs'!#REF!

Sheet % Summary
D2: P030 - (MLTX-02-003) - Playgrounds Initiative at (Qassim Oasis, Hail and Tabuk Industrial City) Technical/Engineering Submittals - Summary / Percentage
B4: ADV | H4: Egis / Modon
B5: Document Type / Trade | C5: Deadline for Trade | D5: Total Number of Documents | E5: Planned Submissions to date | F5: Actual Submissions to date | G5: Delayed Submissions | H5: Approved Code ( A&B ) | I5: Revise & Resubmit Code ( C ) | J5: Under Review Code ( UR ) | K5: Delayed Review (+3 >= 5 days) | L5: Under PMC Review / For Info. / Rejected / Withdrawn / Cancelled / Recalled Code ( D)
B6: Pre-Qualification | D6: =PQA!AC10 -> 55 | E6: N/A | F6: =SUM(H6:L6) -> 55 | G6: N/A | H6: =PQA!AC3+PQA!AC4 -> 47 | I6: =PQA!AC5 -> 5 | J6: =PQA!AC7 -> 3 | K6: =PQA!AC9 -> 0 | L6: =PQA!AC6 -> 0
D7: =D6/$D$6 -> 1 | E7: N/A | F7: =F6/$D$6 -> 1 | G7: N/A | H7: =H6/$D$6 -> 0.85454545 | I7: =I6/$D$6 -> 0.090909091 | J7: =J6/$D$6 -> 0.054545455 | K7: =K6/$D$6 -> 0 | L7: =L6/$D$6 -> 0
B8: Material Submittal | D8: =MS!AG10 -> 137 | E8: N/A | F8: =SUM(H8:L8) -> 137 | G8: N/A | H8: =MS!AG3+MS!AG4 -> 120 | I8: =MS!AG5 -> 6 | J8: =MS!AG7 -> 10 | K8: =MS!AG9 -> 1 | L8: =MS!AG6 -> 0
D9: =D8/$D$8 -> 1 | E9: N/A | F9: =F8/$D$8 -> 1 | G9: N/A | H9: =H8/$D$8 -> 0.87591241 | I9: =I8/$D$8 -> 0.04379562 | J9: =J8/$D$8 -> 0.072992701 | K9: =K8/$D$8 -> 0.0072992701 | L9: =L8/$D$8 -> 0
B10: Method Statement | D10: =MST!Y10 -> 22 | E10: N/A | F10: =SUM(H10:L10) -> 22 | G10: N/A | H10: =MST!Y3+MST!Y4 -> 22 | I10: =MST!Y5 -> 0 | J10: =MST!Y7 -> 0 | K10: =MST!Y9 -> 0 | L10: =MST!Y6 -> 0
D11: =D10/$D$10 -> 1 | E11: N/A | F11: =F10/$D$10 -> 1 | G11: N/A | H11: =H10/$D$10 -> 1 | I11: =I10/$D$10 -> 0 | J11: =J10/$D$10 -> 0 | K11: =K10/$D$10 -> 0 | L11: =L10/$D$10 -> 0
B12: Document Submittals Technical / General | D12: ='Doc. Submittals (Tech & Gen)'!AK10 -> 183 | E12: N/A | F12: =SUM(H12:L12) -> 183 | G12: N/A | H12: ='Doc. Submittals (Tech & Gen)'!AK3+'Doc. Submittals (Tech & Gen)'!AK4 -> 148 | I12: ='Doc. Submittals (Tech & Gen)'!AK5 -> 13 | J12: ='Doc. Submittals (Tech & Gen)'!AK7 -> 10 | K12: ='Doc. Submittals (Tech & Gen)'!AK9 -> 12 | L12: ='Doc. Submittals (Tech & Gen)'!AK6 -> 0
D13: =D12/$D$12 -> 1 | E13: N/A | F13: =F12/$D$12 -> 1 | G13: N/A | H13: =H12/$D$12 -> 0.80874317 | I13: =I12/$D$12 -> 0.071038251 | J13: =J12/$D$12 -> 0.054644809 | K13: =K12/$D$12 -> 0.06557377 | L13: =L12/$D$12 -> 0
B14: RFI | D14: =RFI!AB10 -> 34 | E14: N/A | F14: =SUM(H14:L14) -> 34 | G14: N/A | H14: =RFI!AB3+RFI!AB4 -> 30 | I14: =RFI!AB5 -> 3 | J14: =RFI!AB7 -> 0 | K14: =RFI!AB9 -> 1 | L14: =RFI!AB6 -> 0
D15: =D14/$D$14 -> 1 | E15: N/A | F15: =F14/$D$14 -> 1 | G15: N/A | H15: =H14/$D$14 -> 0.88235294 | I15: =I14/$D$14 -> 0.088235294 | J15: =J14/$D$14 -> 0 | K15: =K14/$D$14 -> 0.029411765 | L15: =L14/$D$14 -> 0
B16: Design Drawings | D16: ='Design Dwgs'!AD10 -> 0 | E16: N/A | F16: =SUM(H16:L16) -> 0 | G16: N/A | H16: ='Design Dwgs'!AD4+'Design Dwgs'!AD3 -> 0 | I16: ='Design Dwgs'!AD5 -> 0 | J16: ='Design Dwgs'!AD7 -> 0 | K16: ='Design Dwgs'!AD9 -> 0 | L16: ='Design Dwgs'!AD6 -> 0
D17: =D16/$D$16 -> #DIV/0! | E17: N/A | F17: =F16/$D$16 -> #DIV/0! | G17: N/A | H17: =H16/$D$16 -> #DIV/0! | I17: =I16/$D$16 -> #DIV/0! | J17: =J16/$D$16 -> #DIV/0! | K17: =K16/$D$16 -> #DIV/0! | L17: =L16/$D$16 -> #DIV/0!
B18: Shop Drawings | D18: ='Shop Dwgs'!AB10 -> 375 | E18: N/A | F18: =SUM(H18:L18) -> 375 | G18: N/A | H18: ='Shop Dwgs'!AB3+'Shop Dwgs'!AB4 -> 309 | I18: ='Shop Dwgs'!AB5 -> 20 | J18: ='Shop Dwgs'!AB7 -> 34 | K18: ='Shop Dwgs'!AB9 -> 12 | L18: ='Shop Dwgs'!AB6 -> 0
D19: =D18/$D$18 -> 1 | E19: N/A | F19: =F18/$D$18 -> 1 | G19: N/A | H19: =H18/$D$18 -> 0.824 | I19: =I18/$D$18 -> 0.053333333 | J19: =J18/$D$18 -> 0.090666667 | K19: =K18/$D$18 -> 0.032 | L19: =L18/$D$18 -> 0
B20: Material Source Approval (MSA) | D20: =MSA!AA10 -> 13 | E20: N/A | F20: =SUM(H20:L20) -> 13 | G20: N/A | H20: =MSA!AA3+MSA!AA4 -> 1 | I20: =MSA!AA5 -> 3 | J20: =MSA!AA7 -> 0 | K20: =MSA!AA9 -> 9 | L20: =MSA!AA6 -> 0
D21: =D20/$D$20 -> 1 | E21: N/A | F21: =F20/$D$20 -> 1 | G21: N/A | H21: =H20/$D$20 -> 0.076923077 | I21: =I20/$D$20 -> 0.23076923 | J21: =J20/$D$20 -> 0 | K21: =K20/$D$20 -> 0.69230769 | L21: =L20/$D$20 -> 0
B22: Total | D22: =D6+D8+D10+D12+D14+D16+D18+D20 -> 819 | E22: N/A | F22: =F6+F8+F10+F12+F14+F16+F18+F20 -> 819 | G22: N/A | H22: =H6+H8+H10+H12+H14+H16+H18+H20 -> 677 | I22: =I6+I8+I10+I12+I14+I16+I18+I20 -> 50 | J22: =J6+J8+J10+J12+J14+J16+J18+J20 -> 57 | K22: =K6+K8+K10+K12+K14+K16+K18+K20 -> 35 | L22: =L6+L8+L10+L12+L14+L16+L18+L20 -> 0
D23: =D22/$D$22 -> 1 | E23: N/A | F23: =F22/$D$22 -> 1 | G23: N/A | H23: =H22/D22 -> 0.82661783 | I23: =I22/D22 -> 0.061050061 | J23: =J22/D22 -> 0.06959707 | K23: =K22/F22 -> 0.042735043 | L23: =L22/F22 -> 0

Sheet PQA
AA3: Approved = A | AC3: =SUM(AC14:AC919) -> 5
G4: P030 - (MLTX-02-003) - Playgrounds Initiative at (Qassim Oasis , Hail and Tabuk Industrial City) | AA4: Approved with Comments = B | AC4: =SUM(AD14:AD919) -> 42
AA5: Revise & Resubmit = C | AC5: =SUM(AE14:AE919) -> 5
G6: Pre-Qualifications (PQA) - Submissions & Approvals | AA6: Under PMC Review / For Info. / Rejected / Cancelled / Recalled = D | AC6: =SUM(AF14:AF919) -> 0
AA7: Under Review = UR | AC7: =SUM(AG14:AG919) -> 3
AA8: Delayed with ADV | AC8: =COUNTIF(M14:M20,"Delayed") -> 0
AA9: Delayed with Egis | AC9: =COUNT(AH14:AH919) -> 0
AA10: Total Number of Submittals | AC10: =SUM(AC3:AC9) -> 55
L12: 1st Submittal - Rev-00 | Q12: 2nd Submittal - Rev-01 | U12: 3rd Submittal - Rev-02 | Y12: 4th Submittal - Rev-03 | AC12: =TODAY() -> 46306
B13: Transmittle # | C13: Location Area / Floor | D13: SI No. | E13: Transmittal Number | F13: Latest Rev.# | G13: ADV Reference Number | H13: Doc Type | I13: Description | J13: Discipline | K13: Site | L13: Actual Submission Date | M13: Delayed | N13: Date of Return Egis | O13: Duration with Egis | P13: Code | Q13: Actual Submission Date | R13: Date of Return Egis | S13: Duration with Egis | T13: Code | U13: Actual Submission Date | V13: Date of Return Egis | W13: Duration with Egis | X13: Code | Y13: Actual Submission Date | Z13: Date of Return Egis | AA13: Duration with Egis | AB13: Code | AC13: A | AD13: B | AE13: C | AF13: D | AG13: UR | AH13: Delayed with Egis | AI13: Remarks
D14: 1 | E14: MLTX-02-003-ADV-TS9-1-CVL-PQA-0001-00 | F14: 00 | G14: ADV-0001 | H14: PQA | I14: Pre-qualification of “PRO YARD AIRDOM” for supply and install of Air dome. | J14: CVL | K14: All | L14: 46085 | N14: 46088 | O14: =IF(L14="","",(IF(N14="",TODAY()-L14,N14-L14)+0)) & " Days " -> 3 Days | P14: C | AE14: 1 | AI14: Revise & Resubmit
D15: 2 | E15: MLTX-02-003-ADV-TS9-1-CVL-PQA-0002-00 | F15: 00 | G15: ADV-0002 | H15: PQA | I15: Pre-qualification by “Abdullah Abdin Ready-mix & Cement Products” | J15: CVL | K15: Tabuk | L15: 46105 | N15: 46130 | O15: =IF(L15="","",(IF(N15="",TODAY()-L15,N15-L15)+0)) & " Days " -> 25 Days | P15: B | AD15: 1 | AI15: Approved with Comments
D16: 3 | E16: MLTX-02-003-ADV-TS9-1-CVL-PQA-0003-00 | F16: 00 | G16: ADV-0003 | H16: PQA | I16: Pre-Qualification of Tabuk Engineering Laboratory for material testing | J16: CVL | K16: Tabuk | L16: 46105 | N16: 46107 | O16: =IF(L16="","",(IF(N16="",TODAY()-L16,N16-L16)+0)) & " Days " -> 2 Days | P16: C | AE16: 1 | AI16: Revise & Resubmit
D17: 4 | E17: MLTX-02-003-ADV-TS9-1-CVL-PQA-0004-00 | F17: 00 | G17: ADV-0004 | H17: PQA | I17: Pre-qualification of “Mohd Omar Jazzar Consulting Engineers Co.” for Third-Party Site and Laboratory Testing Services. | J17: CVL | K17: All | L17: 46116 | N17: 46118 | O17: =IF(L17="","",(IF(N17="",TODAY()-L17,N17-L17)+0)) & " Days " -> 2 Days | P17: B | AD17: 1 | AI17: Approved with Comments
D18: 5 | E18: MLTX-02-003-ADV-TS9-1-CVL-PQA-0005-00 | F18: 02 | G18: ADV-0005 | H18: PQA | I18: Pre-qualification of “Global Sport Gate - Doul” for Air Dome System. (Tabuk & Qasim) | J18: CVL | K18: Qassim & Tabuk | L18: 46116 | N18: 46144 | O18: =IF(L18="","",(IF(N18="",TODAY()-L18,N18-L18)+0)) & " Days " -> 28 Days | P18: C | Q18: 46160 | R18: 46160 | S18: =IF(Q18="","",(IF(R18="",TODAY()-Q18,R18-Q18)+0)) & " Days " -> 0 Days | T18: C | U18: 46176 | V18: 46177 | W18: =IF(U18="","",(IF(V18="",TODAY()-U18,V18-U18)+0)) & " Days " -> 1 Days | X18: B | AD18: 1 | AI18: Approved with Comments
D19: 6 | E19: MLTX-02-003-ADV-TS9-1-CVL-PQA-0006-00 | F19: 00 | G19: ADV-0006 | H19: PQA | I19: Pre-qualification of “MAPEI CONSTRUCTION CHEMICALS S.P.A.” for Repair and Finishing Works | J19: CVL | K19: All | L19: 46121 | N19: 46127 | O19: =IF(L19="","",(IF(N19="",TODAY()-L19,N19-L19)+0)) & " Days " -> 6 Days | P19: C | AE19: 1 | AI19: Revise & Resubmit
D20: 7 | E20: MLTX-02-003-ADV-TS9-1-CVL-PQA-0007-00 | F20: 00 | G20: ADV-0007 | H20: PQA | I20: Pre-qualification of “SACEP & Construct” for supply of Kerbstone, Interlock Paver and Wheel Stopper. | J20: CVL | K20: All | L20: 46131 | N20: 46133 | O20: =IF(L20="","",(IF(N20="",TODAY()-L20,N20-L20)+0)) & " Days " -> 2 Days | P20: B | AD20: 1 | AI20: Approved with Comments
D21: 8 | E21: MLTX-02-003-ADV-TS9-1-CVL-PQA-0008-00 | F21: 00 | G21: ADV-0008 | H21: PQA | I21: Pre-qualification of “OPAL United Factory for Concrete Products Co.” for supply of Kerbstone, Interlock Paver and Wheel Stopper. | J21: CVL | K21: Qassim & Hail | L21: 46131 | N21: 46145 | O21: =IF(L21="","",(IF(N21="",TODAY()-L21,N21-L21)+0)) & " Days " -> 14 Days | P21: B | AD21: 1 | AI21: Approved with Comments
D22: 9 | E22: MLTX-02-003-ADV-TS9-1-CVL-PQA-0009-00 | F22: 01 | G22: ADV-0009 | H22: PQA | I22: Pre-qualification of ASAS AL-MOHILEB CRUSHER for Backfilling Materials A1-a & Aggregate Base Course materials - Tabuk | J22: CVL | K22: Tabuk | L22: 46132 | N22: 46133 | O22: =IF(L22="","",(IF(N22="",TODAY()-L22,N22-L22)+0)) & " Days " -> 1 Days | P22: C | Q22: 46137 | R22: 46138 | S22: =IF(Q22="","",(IF(R22="",TODAY()-Q22,R22-Q22)+0)) & " Days " -> 1 Days | T22: B | AD22: 1 | AI22: Approved with Comments
D23: 10 | E23: MLTX-02-003-ADV-TS9-1-CVL-PQA-0010-00 | F23: 00 | G23: ADV-0010 | H23: PQA | I23: Pre-qualification of ASAS AL-MOHILEB Concrete batch plant for concrete ready mix for Tabuk project | J23: CVL | K23: Tabuk | L23: 46133 | N23: 46162 | O23: =IF(L23="","",(IF(N23="",TODAY()-L23,N23-L23)+0)) & " Days " -> 29 Days | P23: B | AD23: 1 | AI23: Approved with Comments
D24: 11 | E24: MLTX-02-003-ADV-TS9-1-CVL-PQA-0011-00 | F24: 00 | G24: ADV-0011 | H24: PQA | I24: Pre-qualification for Company Kharsana Tabuk Crusher (Abullah Abdin Industry Factory) for cement products for Backfilling Materials A1-a & Aggregate Base Course materials | J24: CVL | K24: Tabuk | L24: 46133 | N24: 46180 | O24: =IF(L24="","",(IF(N24="",TODAY()-L24,N24-L24)+0)) & " Days " -> 47 Days | P24: B | AD24: 1 | AI24: Approved with Comments
D25: 12 | E25: MLTX-02-003-ADV-TS9-1-CVL-PQA-0012-00 | F25: 02 | G25: ADV-0012 | H25: PQA | I25: Pre-qualification of Al-Omaier Trading & contracting. Co Crusher for Backfilling Materials A1-a & Aggregate Base Course materials | J25: CVL | K25: Hail | L25: 46138 | N25: 46145 | O25: =IF(L25="","",(IF(N25="",TODAY()-L25,N25-L25)+0)) & " Days " -> 7 Days | P25: C | Q25: 46151 | R25: 46151 | S25: =IF(Q25="","",(IF(R25="",TODAY()-Q25,R25-Q25)+0)) & " Days " -> 0 Days | T25: C | U25: 46153 | V25: 46153 | W25: =IF(U25="","",(IF(V25="",TODAY()-U25,V25-U25)+0)) & " Days " -> 0 Days | X25: B | AD25: 1 | AI25: Approved with Comments
D26: 13 | E26: MLTX-02-003-ADV-TS9-1-CVL-PQA-0013-00 | F26: 00 | G26: ADV-0013 | H26: PQA | I26: Pre-qualification of “Qassim Cement” for Portland Cement to be used in site for masonry and plaster works. | J26: CVL | K26: All | L26: 46146 | N26: 46152 | O26: =IF(L26="","",(IF(N26="",TODAY()-L26,N26-L26)+0)) & " Days " -> 6 Days | P26: A | AC26: 1 | AI26: Approved
D27: 14 | E27: MLTX-02-003-ADV-TS9-1-ARC-PQA-0014-00 | F27: 00 | G27: ADV-0014 | H27: PQA | I27: Pre-qualification of “Saudi Ceramic Company” for supply of Ceramic Tiles. | J27: ARC | K27: All | L27: 46147 | N27: 46152 | O27: =IF(L27="","",(IF(N27="",TODAY()-L27,N27-L27)+0)) & " Days " -> 5 Days | P27: B | AD27: 1 | AI27: Approved with Comments
D28: 15 | E28: MLTX-02-003-ADV-TS9-1-ARC-PQA-0015-00 | F28: 00 | G28: ADV-0015 | H28: PQA | I28: Pre-qualification of “Emad Elsafwah” for Supply of Marble & Granite. | J28: ARC | K28: All | L28: 46147 | N28: 46151 | O28: =IF(L28="","",(IF(N28="",TODAY()-L28,N28-L28)+0)) & " Days " -> 4 Days | P28: B | AD28: 1 | AI28: Approved with Comments
D29: 16 | E29: MLTX-02-003-ADV-TS9-1-CVL-PQA-0016-00 | F29: 00 | G29: ADV-0016 | H29: PQA | I29: Pre-qualification of Arabian Testing Evolution company Laboratory for 3rd party site and laboratory testing services | J29: CVL | K29: Tabuk | L29: 46151 | N29: 46158 | O29: =IF(L29="","",(IF(N29="",TODAY()-L29,N29-L29)+0)) & " Days " -> 7 Days | P29: B | AD29: 1 | AI29: Approved with Comments
D30: 17 | E30: MLTX-02-003-ADV-TS9-1-CVL-PQA-0017-00 | F30: 00 | G30: ADV-0017 | H30: PQA | I30: Pre-qualification of “ASAS Laboratory Company” for field and laboratory material testing (Hail). | J30: CVL | K30: Hail | L30: 46153 | N30: 46175 | O30: =IF(L30="","",(IF(N30="",TODAY()-L30,N30-L30)+0)) & " Days " -> 22 Days | P30: C | AE30: 1 | AI30: Revise & Resubmit
D31: 18 | E31: MLTX-02-003-ADV-TS9-1-CVL-PQA-0018-00 | F31: 00 | G31: ADV-0018 | H31: PQA | I31: Pre-qualification by RAWAI AL BASATIN COMPANY For Sports Fields Flooring & Landscape Construction works (Qassim, Hail and Tabuk) | J31: CVL | K31: All | L31: 46154 | N31: 46175 | O31: =IF(L31="","",(IF(N31="",TODAY()-L31,N31-L31)+0)) & " Days " -> 21 Days | P31: A | AC31: 1 | AI31: Approved
D32: 19 | E32: MLTX-02-003-ADV-TS9-1-CVL-PQA-0019-00 | F32: 00 | G32: ADV-0019 | H32: PQA | I32: Pre-qualification by GREEN YARD COMPANY for Sports Fields Flooring & Landscape works | J32: CVL | K32: All | L32: 46154 | N32: 46175 | O32: =IF(L32="","",(IF(N32="",TODAY()-L32,N32-L32)+0)) & " Days " -> 21 Days | P32: A | AC32: 1 | AI32: Approved
D33: 20 | E33: MLTX-02-003-ADV-TS9-1-ARC-PQA-0020-00 | F33: 00 | G33: ADV-0020 | H33: PQA | I33: Pre-qualification of ASAS AL-MOHILEB Concrete batch plant for supply of Kerbstone, Interlock, Wheel Stopper and CMU Block - (Tabuk Project ) | J33: ARC | K33: Tabuk | L33: 46155 | N33: 46162 | O33: =IF(L33="","",(IF(N33="",TODAY()-L33,N33-L33)+0)) & " Days " -> 7 Days | P33: B | AD33: 1 | AI33: Approved with Comments
D34: 21 | E34: MLTX-02-003-ADV-TS9-1-CVL-PQA-0021-00 | F34: 00 | G34: ADV-0021 | H34: PQA | I34: Pre-qualification FOR Arab Company for Laboratories and Soil (ACES) 3rd Party site and laboratory testing services Tabuk project | J34: CVL | K34: Tabuk | L34: 46161 | N34: 46162 | O34: =IF(L34="","",(IF(N34="",TODAY()-L34,N34-L34)+0)) & " Days " -> 1 Days | P34: B | AD34: 1 | AI34: Approved with Comments
D35: 22 | E35: MLTX-02-003-ADV-TS9-1-CVL-PQA-0022-00 | F35: 00 | G35: ADV-0022 | H35: PQA | I35: Pre-qualification Riyadh Geo-technique & Foundations Lab as a 3rd Party site and laboratory testing services Hail project | J35: CVL | K35: Hail | L35: 46161 | N35: 46161 | O35: =IF(L35="","",(IF(N35="",TODAY()-L35,N35-L35)+0)) & " Days " -> 0 Days | P35: B | AD35: 1 | AI35: Approved with Comments
D36: 23 | E36: MLTX-02-003-ADV-TS9-1-CVL-PQA-0023-00 | F36: 00 | G36: ADV-0023 | H36: PQA | I36: Pre-qualification of “Al Jammaz Hydrotek” for sports flooring and landscape work (Qassim Oasis, Hail and Tabuk Industrial City) | J36: CVL | K36: All | L36: 46167 | N36: 46177 | O36: =IF(L36="","",(IF(N36="",TODAY()-L36,N36-L36)+0)) & " Days " -> 10 Days | P36: B | AD36: 1 | AI36: Approved with Comments
D37: 24 | E37: MLTX-02-003-ADV-TS9-1-ARC-PQA-0024-00 | F37: 00 | G37: ADV-0024 | H37: PQA | I37: Pre-qualification by MALAEB ALASIMA CONTRACTING COMPANY For Sports Fields Flooring & Landscape Construction works | J37: ARC | K37: All | L37: 46176 | N37: 46180 | O37: =IF(L37="","",(IF(N37="",TODAY()-L37,N37-L37)+0)) & " Days " -> 4 Days | P37: A | AC37: 1 | AI37: Approved
D38: 25 | E38: MLTX-02-003-ADV-TS9-1-ARC-PQA-0025-00 | F38: 00 | G38: ADV-0025 | H38: PQA | I38: Pre-qualification by ARAB FARMER COMPANY For Agricultural Soil, Plants, Trees and shrubs works (Qassim-Hail-Tabuk) | J38: ARC | K38: All | L38: 46176 | N38: 46219 | O38: =IF(L38="","",(IF(N38="",TODAY()-L38,N38-L38)+0)) & " Days " -> 43 Days | P38: B | AD38: 1 | AI38: Approved with Comments
D39: 26 | E39: MLTX-02-003-ADV-TS9-1-CVL-PQA-0026-00 | F39: 00 | G39: ADV-0026 | H39: PQA | I39: Pre-qualification for Expert Future company for Asphalt Patch plant (Abdullah Abdin Factory for asphalt) for supplying asphalt - Tabuk project | J39: CVL | K39: Tabuk | L39: 46177 | N39: 46187 | O39: =IF(L39="","",(IF(N39="",TODAY()-L39,N39-L39)+0)) & " Days " -> 10 Days | P39: B | AD39: 1 | AI39: Approved with Comments
D40: 27 | E40: MLTX-02-003-ADV-TS9-1-CVL-PQA-0027-00 | F40: 01 | G40: ADV-0027 | H40: PQA | I40: Pre-qualification of “Alomaier Trading and Contracting Co.” for supply of Asphalt and Roads material. (HAIL) | J40: CVL | K40: Hail | L40: 46179 | N40: 46184 | O40: =IF(L40="","",(IF(N40="",TODAY()-L40,N40-L40)+0)) & " Days " -> 5 Days | P40: C | Q40: 46187 | R40: 46188 | S40: =IF(Q40="","",(IF(R40="",TODAY()-Q40,R40-Q40)+0)) & " Days " -> 1 Days | T40: A | AC40: 1 | AI40: Approved
D41: 28 | E41: MLTX-02-003-ADV-TS9-1-CVL-PQA-0028-00 | F41: 00 | G41: ADV-0028 | H41: PQA | I41: Pre-qualification Saudi Center for Insulations & Concrete repair (Seal-Tech) company for Insulations systems (water proofing-thermal insulation-Epoxies) & concrete repair | J41: CVL | K41: All | L41: 46181 | N41: 46186 | O41: =IF(L41="","",(IF(N41="",TODAY()-L41,N41-L41)+0)) & " Days " -> 5 Days | P41: B | AD41: 1 | AI41: Approved with Comments
D42: 29 | E42: MLTX-02-003-ADV-TS9-1-ARC-PQA-0029-00 | F42: 00 | G42: ADV-0029 | H42: PQA | I42: Pre-qualification by Saudi Floors COMPANY For Agricultural Soil, Plants, Trees and shrubs supplying & installation works (Qassim-Hail-Tabuk) | J42: ARC | K42: All | L42: 46183 | N42: 46187 | O42: =IF(L42="","",(IF(N42="",TODAY()-L42,N42-L42)+0)) & " Days " -> 4 Days | P42: B | AD42: 1 | AI42: Approved with Comments
D43: 30 | E43: MLTX-02-003-ADV-TS9-1-CVL-PQA-0030-00 | F43: 00 | G43: ADV-0030 | H43: PQA | I43: Pre-qualification for Fugro Suhaimi Company Limited Laboratory for 3rd party site and laboratory testing services (Tabuk) | J43: CVL | K43: Tabuk | L43: 46186 | N43: 46187 | O43: =IF(L43="","",(IF(N43="",TODAY()-L43,N43-L43)+0)) & " Days " -> 1 Days | P43: B | AD43: 1 | AI43: Approved with Comments
D44: 31 | E44: MLTX-02-003-ADV-TS9-1-CVL-PQA-0031-00 | F44: 00 | G44: ADV-0031 | H44: PQA | I44: Pre-qualification Saleh Contracting Company (SMCC) for Insulations systems (water proofing-thermal insulation-Epoxies) (Qassim, Hail and Tabuk) | J44: CVL | K44: All | L44: 46189 | N44: 46194 | O44: =IF(L44="","",(IF(N44="",TODAY()-L44,N44-L44)+0)) & " Days " -> 5 Days | P44: B | AD44: 1 | AI44: Approved with Comments
D45: 32 | E45: MLTX-02-003-ADV-TS9-1-ARC-PQA-0032-00 | F45: 00 | G45: ADV-0032 | H45: PQA | I45: Pre-qualification of “ALUMINUM MAZAYA” for METAL WORKS (QASSIM, HAIL and TABUK) | J45: ARC | K45: All | L45: 46202 | N45: 46212 | O45: =IF(L45="","",(IF(N45="",TODAY()-L45,N45-L45)+0)) & " Days " -> 10 Days | P45: B | AD45: 1 | AI45: Approved with Comments
D46: 33 | E46: MLTX-02-003-ADV-TS9-1-CVL-PQA-0033-00 | F46: 01 | G46: ADV-0033 | H46: PQA | I46: Pre-Qualification of (Aman Construction Chemicals Manufacture Co. “Amancrete” 11) for material of stamped concrete flooring (Qassim, Hail and Tabuk) | J46: CVL | K46: All | L46: 46204 | N46: 46205 | O46: =IF(L46="","",(IF(N46="",TODAY()-L46,N46-L46)+0)) & " Days " -> 1 Days | P46: C | Q46: 46208 | R46: 46211 | S46: =IF(Q46="","",(IF(R46="",TODAY()-Q46,R46-Q46)+0)) & " Days " -> 3 Days | T46: B | AD46: 1 | AI46: Approved with Comments
D47: 34 | E47: MLTX-02-003-ADV-TS9-1-CVL-PQA-0034-00 | F47: 00 | G47: ADV-0034 | H47: PQA | I47: Pre-qualification of Shibh Al Jazira Contracting Co. (SAJCO) for Asphalt Road work (Qassim) | J47: CVL | K47: Qassim | L47: 46204 | N47: 46212 | O47: =IF(L47="","",(IF(N47="",TODAY()-L47,N47-L47)+0)) & " Days " -> 8 Days | P47: B | AD47: 1 | AI47: Approved with Comments
D48: 35 | E48: MLTX-02-003-ADV-TS9-1-ARC-PQA-0035-00 | F48: 00 | G48: ADV-0035 | H48: PQA | I48: Pre-qualification of "Alsarif company" for site furniture (Qassim, Hail and Tabuk) | J48: ARC | K48: All | L48: 46207 | N48: 46208 | O48: =IF(L48="","",(IF(N48="",TODAY()-L48,N48-L48)+0)) & " Days " -> 1 Days | P48: B | AD48: 1 | AI48: Approved with Comments
D49: 36 | E49: MLTX-02-003-ADV-TS9-1-CVL-PQA-0036-00 | F49: 00 | G49: ADV-0036 | H49: PQA | I49: Pre-qualification of MADAR BUILDING MATERIALS CO.LTD for supplying steel welding mesh (Qassim, Hail and Tabuk) | J49: CVL | K49: All | L49: 46215 | N49: 46218 | O49: =IF(L49="","",(IF(N49="",TODAY()-L49,N49-L49)+0)) & " Days " -> 3 Days | P49: B | AD49: 1 | AI49: Approved with Comments
D50: 37 | E50: MLTX-02-003-ADV-TS9-1-ARC-PQA-0037-00 | F50: 00 | G50: ADV-0037 | H50: PQA | I50: Pre-qualification of Saudi Turf LTD for Playgrounds Flooring Materials (Qassim, Hail and Tabuk) | J50: ARC | K50: All | L50: 46216 | N50: 46218 | O50: =IF(L50="","",(IF(N50="",TODAY()-L50,N50-L50)+0)) & " Days " -> 2 Days | P50: B | AD50: 1 | AI50: Approved with Comments
D51: 38 | E51: MLTX-02-003-ADV-TS9-1-ELE-PQA-0038-00 | F51: 01 | G51: ADV-0038 | H51: PQA | I51: Pre-qualification of Lighting Square Factory for Lighting Poles (Qassim, Hail & Tabuk ) | J51: ELE | K51: All | L51: 46218 | N51: 46219 | O51: =IF(L51="","",(IF(N51="",TODAY()-L51,N51-L51)+0)) & " Days " -> 1 Days | P51: C | Q51: 46244 | R51: 46246 | S51: =IF(Q51="","",(IF(R51="",TODAY()-Q51,R51-Q51)+0)) & " Days " -> 2 Days | T51: B | AD51: 1 | AI51: Approved with Comments
D52: 39 | E52: MLTX-02-003-ADV-TS9-1-ARC-PQA-0039-00 | F52: 00 | G52: ADV-0039 | H52: PQA | I52: Pre-qualification of MARBLE HOUSE FACTORY for Marble, Granite and Riyadh Stone Materials (Qassim, Hail and Tabuk) | J52: ARC | K52: All | L52: 46223 | N52: 46230 | O52: =IF(L52="","",(IF(N52="",TODAY()-L52,N52-L52)+0)) & " Days " -> 7 Days | P52: B | AD52: 1 | AI52: Approved with Comments
D53: 40 | E53: MLTX-02-003-ADV-TS9-1-ELE-PQA-0040-00 | F53: 01 | G53: ADV-0040 | H53: PQA | I53: Pre-qualification by ALADWAA CO Lighting Fixtures for AIR DOME (QASIM-TABUK) | J53: ELE | K53: Qassim & Tabuk | L53: 46251 | N53: 46257 | O53: =IF(L53="","",(IF(N53="",TODAY()-L53,N53-L53)+0)) & " Days " -> 6 Days | P53: C | Q53: 46258 | R53: 46259 | S53: =IF(Q53="","",(IF(R53="",TODAY()-Q53,R53-Q53)+0)) & " Days " -> 1 Days | T53: B | AD53: 1 | AI53: Approved with Comments
D54: 41 | E54: MLTX-02-003-ADV-TS9-1-ELE-PQA-0041-00 | F54: 00 | G54: ADV-0041 | H54: PQA | I54: Pre-qualification by Works and Trade CO. LTD (WATCO) for supplying Lighting Fixtures from (skying co) for AIR DOME - Qassim & Tabuk | J54: ELE | K54: Qassim & Tabuk | L54: 46253 | N54: 46258 | O54: =IF(L54="","",(IF(N54="",TODAY()-L54,N54-L54)+0)) & " Days " -> 5 Days | P54: B | AD54: 1 | AI54: Approved with Comments
D55: 42 | E55: MLTX-02-003-ADV-TS9-1-ELE-PQA-0042-00 | F55: 00 | G55: ADV-0042 | H55: PQA | I55: Pre-qualification by Desert Machinery Generators CO for supplying Diesel Engine from PERKINS for AIR DOME (QASSIM-TABUK) | J55: ELE | K55: Qassim & Tabuk | L55: 46253 | N55: 46254 | O55: =IF(L55="","",(IF(N55="",TODAY()-L55,N55-L55)+0)) & " Days " -> 1 Days | P55: B | AD55: 1 | AI55: Approved with Comments
D56: 43 | E56: MLTX-02-003-ADV-TS9-1-ARC-PQA-0043-00 | F56: 00 | G56: ADV-0043 | H56: PQA | I56: Pre-qualification by STEEL FORCE INDUSTIES CO for metal products for AIR DOME at (QASIM-TABUK) | J56: ARC | K56: Qassim & Tabuk | L56: 46256 | N56: 46271 | O56: =IF(L56="","",(IF(N56="",TODAY()-L56,N56-L56)+0)) & " Days " -> 15 Days | P56: B | AD56: 1 | AI56: Approved with Comments
D57: 44 | E57: MLTX-02-003-ADV-TS9-1-CVL-PQA-0044-00 | F57: 00 | G57: ADV-0044 | H57: PQA | I57: Pre-qualification by MASDAR TECHNICAL SUPPLIES CO for supplying Anchor Bolts, Nuts, Washers, Screws, etc. for AIR DOME (QASSIM-TABUK) | J57: CVL | K57: Qassim & Tabuk | L57: 46260 | N57: 46271 | O57: =IF(L57="","",(IF(N57="",TODAY()-L57,N57-L57)+0)) & " Days " -> 11 Days | P57: B | AD57: 1 | AI57: Approved with Comments
D58: 45 | E58: MLTX-02-003-ADV-TS9-1-CVL-PQA-0045-00 | F58: 00 | G58: ADV-0045 | H58: PQA | I58: Pre-qualification by Al-Arkan Steel & Industrial Ltd. Co for Steel products for AIR DOME at (QASIM-TABUK) | J58: CVL | K58: Qassim & Tabuk | L58: 46265 | N58: 46271 | O58: =IF(L58="","",(IF(N58="",TODAY()-L58,N58-L58)+0)) & " Days " -> 6 Days | P58: B | AD58: 1 | AI58: Approved with Comments
D59: 46 | E59: MLTX-02-003-ADV-TS9-1-CVL-PQA-0046-00 | F59: 00 | G59: ADV-0046 | H59: PQA | I59: Pre-qualification by MAWARED AL-TASEES CO for Steel products for AIR DOME at (QASIM-TABUK) | J59: CVL | K59: Qassim & Tabuk | L59: 46268 | N59: 46271 | O59: =IF(L59="","",(IF(N59="",TODAY()-L59,N59-L59)+0)) & " Days " -> 3 Days | P59: B | AD59: 1 | AI59: Approved with Comments
D60: 47 | E60: MLTX-02-003-ADV-TS9-1-ARC-PQA-0047-00 | F60: 00 | G60: ADV-0047 | H60: PQA | I60: Pre-qualification by Sada Al-Tatweer Aluminum Factory for Curtain Wall materials Aluminum & Glazing at (QASIM-HailTABUK) | J60: ARC | K60: All | L60: 46273 | N60: 46277 | O60: =IF(L60="","",(IF(N60="",TODAY()-L60,N60-L60)+0)) & " Days " -> 4 Days | P60: B | AD60: 1 | AI60: Approved with Comments
D61: 48 | E61: MLTX-02-003-ADVTS9-1-CVL-PQA-0048-00 | F61: 00 | G61: ADV-0048 | H61: PQA | I61: Pre-qualification by Maaden Internation Metal Industries Ltd. Co. for Supply & install steel structure of AIR DOME (QASSIM-TABUK) | J61: CVL | K61: Qassim & Tabuk | L61: 46275 | N61: 46280 | O61: =IF(L61="","",(IF(N61="",TODAY()-L61,N61-L61)+0)) & " Days " -> 5 Days | P61: B | AD61: 1 | AI61: Approved with Comments
D62: 49 | E62: MLTX-02-003-ADV-TS9-1-CVL-PQA-0049-00 | F62: 00 | G62: ADV-0049 | H62: PQA | I62: Pre-qualification by IZOMAKS INDUSTRIES L.LC. IZOMAKS for supplying insulation water proofing materials at (QASIM-Hail-TABUK) | J62: CVL | K62: All | L62: 46286 | N62: 46291 | O62: =IF(L62="","",(IF(N62="",TODAY()-L62,N62-L62)+0)) & " Days " -> 5 Days | P62: C | Q62: 46306 | S62: =IF(Q62="","",(IF(R62="",TODAY()-Q62,R62-Q62)+0)) & " Days " -> 0 Days | T62: UR | AG62: 1 | AI62: Under review
D63: 50 | E63: MLTX-02-003-ADV-TS9-1-CVL-PQA-0050-00 | F63: 00 | G63: ADV-0050 | H63: PQA | I63: Pr-qualification by SHIEL CAPITAL ARABIA CO for Pre-Cast concrete products Furniture concrete scope at (QASIM-Hail-TABUK) | J63: CVL | K63: All | L63: 46286 | N63: 46295 | O63: =IF(L63="","",(IF(N63="",TODAY()-L63,N63-L63)+0)) & " Days " -> 9 Days | P63: B | AD63: 1 | AI63: Approved with Comments
D64: 51 | E64: MLTX-02-003-ADV-TS9-1-ELE-PQA-0051-00 | F64: 00 | G64: ADV-0051 | H64: PQA | I64: Pre-qualification SOMOUD ALAMIDAH CO for lighting pols and lighting fixtures and lights at QASSIM-HAIL-TABUK | J64: ELE | K64: All | L64: 46293 | N64: 46293 | O64: =IF(L64="","",(IF(N64="",TODAY()-L64,N64-L64)+0)) & " Days " -> 0 Days | P64: C | AE64: 1 | AI64: Revise & Resubmit
D65: 52 | E65: MLTX-02-003-ADV-TS9-1-ARC-PQA-0052-00 | F65: 00 | G65: ADV-0052 | H65: PQA | I65: Pre-qualification of HURYMALA FACTORY CO. FOR NATURAL STONE (Riyadh stone) at QASSIM-HAIL-TABUK | J65: ARC | K65: All | L65: 46294 | N65: 46295 | O65: =IF(L65="","",(IF(N65="",TODAY()-L65,N65-L65)+0)) & " Days " -> 1 Days | P65: B | AD65: 1 | AI65: Approved with Comments
D66: 53 | E66: MLTX-02-003-ADV-TS9-1-ARC-PQA-0053-00 | F66: 00 | G66: ADV-0053 | H66: PQA | I66: Pre-qualification by MOON cement products factory for Cement products at (QASIM-HAIL-TABUK) | J66: ARC | K66: All | L66: 46299 | N66: 46295 | O66: =IF(L66="","",(IF(N66="",TODAY()-L66,N66-L66)+0)) & " Days " -> -4 Days | P66: B | AD66: 1 | AI66: Approved with Comments
D67: 54 | E67: MLTX-02-003-ADV-TS9-1-CVL-PQA-0054-00 | F67: 00 | G67: ADV-0054 | H67: PQA | I67: Pre-qualification by ALSARIF CASTONE PRE-CAST products factory for CONCRETE SITE FURNITURES at (QASIM-HAIL-TABUK) | J67: CVL | K67: All | L67: 46301 | O67: =IF(L67="","",(IF(N67="",TODAY()-L67,N67-L67)+0)) & " Days " -> 5 Days | P67: UR | AG67: 1 | AI67: Under review
D68: 55 | E68: MLTX-02-003-ADV-TS9-1-ARC-PQA-055-00 | F68: 00 | G68: ADV-0055 | H68: PQA | I68: Pre-qualification by HILTI COMPANY for Riyadh Stone accessories at (QASIM-HAIL-TABUK) | J68: ARC | K68: All | L68: 46301 | O68: =IF(L68="","",(IF(N68="",TODAY()-L68,N68-L68)+0)) & " Days " -> 5 Days | P68: UR | AG68: 1 | AI68: Under review
D69: 56

Sheet MS
AE3: Approved = A | AG3: =SUM(AG14:AG877) -> 5
G4: P030 - (MLTX-02-003) - Playgrounds Initiative at (Qassim Oasis , Hail and Tabuk Industrial City) | AE4: Approved with Comments = B | AG4: =SUM(AH14:AH877) -> 115
AE5: Revise & Resubmit = C | AG5: =SUM(AI14:AI877) -> 6
G6: Material Submittals (MS) - Submissions & Approvals | AE6: Under PMC Review / For Info. / Rejected / Cancelled / Recalled = D | AG6: =SUM(AJ14:AJ877) -> 0
AE7: Under Review = UR | AG7: =SUM(AK14:AK877) -> 10
AE8: Delayed with ADV | AG8: =COUNTIF(M14:M20,"Delayed") -> 0
AE9: Delayed with Egis | AG9: =SUM(AL14:AL877) -> 1
AE10: Total Number of Submittals | AG10: =SUM(AG3:AG9) -> 137
L12: 1st Submittal - Rev-00 | Q12: 2nd Submittal - Rev-01 | U12: 3rd Submittal - Rev-02 | Y12: 4th Submittal - Rev-03 | AC12: 5th Submittal - Rev-04 | AG12: =TODAY() -> 46306
B13: Transmittle # | C13: Location Area / Floor | D13: SI No. | E13: Transmittal Number | F13: Latest Rev.# | G13: ADV Reference Number | H13: Doc Type | I13: Description | J13: Discipline | K13: Site | L13: Actual Submission Date | M13: Delayed | N13: Date of Return Egis | O13: Duration with Egis | P13: Code | Q13: Actual Submission Date | R13: Date of Return Egis | S13: Duration with Egis | T13: Code | U13: Actual Submission Date | V13: Date of Return Egis | W13: Duration with Egis | X13: Code | Y13: Actual Submission Date | Z13: Date of Return Egis | AA13: Duration with Egis | AB13: Code | AC13: Actual Submission Date | AD13: Date of Return Egis | AE13: Duration with Egis | AF13: Code | AG13: A | AH13: B | AI13: C | AJ13: D | AK13: UR | AL13: Delayed with Egis | AM13: Remarks
D14: 1 | E14: MLTX-02-003-ADV-TS9-1-CVL-MS-0001-00 | F14: 00 | G14: ADV-0001 | H14: MS | I14: Material submittal for Ready Mix Concrete, Concrete Grade: C20 MPa SRC/OPC & C35 MPa SRC/OPC. | J14: CVL | K14: Qassim | L14: 46090 | N14: 46090 | O14: =IF(L14="","",(IF(N14="",TODAY()-L14,N14-L14)+0)) & " Days " -> 0 Days | P14: B | AH14: 1 | AM14: Approved with Comments
D15: 2 | E15: MLTX-02-003-ADV-TS9-1-CVL-MS-0002-00 | F15: 00 | G15: ADV-0002 | H15: MS | I15: Material submittal for Ready Mix Concrete, Concrete Grade: C20 MPa SRC/OPC & C35 MPa SRC/OPC. | J15: CVL | K15: Hail | L15: 46090 | N15: 46091 | O15: =IF(L15="","",(IF(N15="",TODAY()-L15,N15-L15)+0)) & " Days " -> 1 Days | P15: B | AH15: 1 | AM15: Approved with Comments
D16: 3 | E16: MLTX-02-003-ADV-TS9-1-CVL-MS-0003-00 | F16: 00 | G16: ADV-0003 | H16: MS | I16: Material submittal for Ready Mix Concrete, Concrete Grade: C20 MPa SRC/OPC & C35 MPa SRC/OPC. | J16: CVL | K16: Hail | L16: 46090 | N16: 46091 | O16: =IF(L16="","",(IF(N16="",TODAY()-L16,N16-L16)+0)) & " Days " -> 1 Days | P16: B | AH16: 1 | AM16: Approved with Comments
D17: 4 | E17: MLTX-02-003-ADV-TS9-1-CVL-MS-0004-00 | F17: 00 | G17: ADV-0004 | H17: MS | I17: Material submittal for “Hadded” Steel Reinforcing Bars ASTM A615 Grade 60 | J17: CVL | K17: All | L17: 46090 | N17: 46091 | O17: =IF(L17="","",(IF(N17="",TODAY()-L17,N17-L17)+0)) & " Days " -> 1 Days | P17: B | AH17: 1 | AM17: Approved with Comments
D18: 5 | E18: MLTX-02-003-ADV-TS9-1-CVL-MS-0005-00 | F18: 00 | G18: ADV-0005 | H18: MS | I18: Material submittal of “FOSROC” concrete repair materials. 1. RENDEROC FC 2. RENDEROC HS XTRA | J18: CVL | K18: All | L18: 46105 | N18: 46120 | O18: =IF(L18="","",(IF(N18="",TODAY()-L18,N18-L18)+0)) & " Days " -> 15 Days | P18: B | AH18: 1 | AM18: Approved with Comments
D19: 6 | E19: MLTX-02-003-ADV-TS9-1-CVL-MS-0006-00 | F19: 00 | G19: ADV-0006 | H19: MS | I19: Material submittal of “Sika” concrete repair materials. 1. SikaRep Fine 2. SikaRep | J19: CVL | K19: All | L19: 46105 | N19: 46121 | O19: =IF(L19="","",(IF(N19="",TODAY()-L19,N19-L19)+0)) & " Days " -> 16 Days | P19: B | AH19: 1 | AM19: Approved with Comments
D20: 7 | E20: MLTX-02-003-ADV-TS9-1-CVL-MS-0007-00 | F20: 00 | G20: ADV-0007 | H20: MS | I20: Material submittal for “Biflex TC” for termite control | J20: CVL | K20: All | L20: 46105 | N20: 46121 | O20: =IF(L20="","",(IF(N20="",TODAY()-L20,N20-L20)+0)) & " Days " -> 16 Days | P20: B | AH20: 1 | AM20: Approved with Comments
D21: 8 | E21: MLTX-02-003-ADV-TS9-1-CVL-MS-0008-00 | F21: 00 | G21: ADV-0008 | H21: MS | I21: Material submittal for “Al Ittefaq” Steel Reinforcing Bars ASTM A615 Grade 60 | J21: CVL | K21: All | L21: 46106 | N21: 46109 | O21: =IF(L21="","",(IF(N21="",TODAY()-L21,N21-L21)+0)) & " Days " -> 3 Days | P21: B | AH21: 1 | AM21: Approved with Comments
D22: 9 | E22: MLTX-02-003-ADV-TS9-1-CVL-MS-0009-00 | F22: 00 | G22: ADV-0009 | H22: MS | I22: Material submittal of “Poliane” Polyethylene Sheet 1. 250 micron under grade slab 2. 300 micron at roof waterproofing system | J22: CVL | K22: All | L22: 46106 | N22: 46109 | O22: =IF(L22="","",(IF(N22="",TODAY()-L22,N22-L22)+0)) & " Days " -> 3 Days | P22: B | AH22: 1 | AM22: Approved with Comments
D23: 10 | E23: MLTX-02-003-ADV-TS9-1-CVL-MS-0010-00 | F23: 00 | G23: ADV-0010 | H23: MS | I23: Material submittal of Readymix Concrete (Concrete Mix Design) for concrete grades: C20 SRC, C35 SRC/OPC. (TABUK) | J23: CVL | K23: Tabuk | L23: 46134 | N23: 46148 | O23: =IF(L23="","",(IF(N23="",TODAY()-L23,N23-L23)+0)) & " Days " -> 14 Days | P23: B | AH23: 1 | AM23: Approved with Comments
D24: 11 | E24: MLTX-02-003-ADV-TS9-1-CVL-MS-0011-00 | F24: 00 | G24: ADV-0011 | H24: MS | I24: Material submittal for “Autoclaved Aerated Panels” | J24: CVL | K24: All | L24: 46139 | N24: 46146 | O24: =IF(L24="","",(IF(N24="",TODAY()-L24,N24-L24)+0)) & " Days " -> 7 Days | P24: B | AH24: 1 | AM24: Approved with Comments
D25: 12 | E25: MLTX-02-003-ADV-TS9-1-MEC-MS-0012-00 | F25: 00 | G25: ADV-0012 | H25: MS | I25: Material submittal for AC UNITS | J25: MEC | K25: All | L25: 46147 | N25: 46148 | O25: =IF(L25="","",(IF(N25="",TODAY()-L25,N25-L25)+0)) & " Days " -> 1 Days | P25: B | AH25: 1 | AM25: Approved with Comments
... D32: 19 | E32: MLTX-02-003-ADV-TS9-1-MEC-MS-0019-00 | F32: 00 | G32: ADV-0019 | H32: MS | I32: MATERIAL SUBMITAL FOR HDPE PIPES AND FITTINGS | J32: MEC | K32: All | L32: 46148 | N32: 46153 | O32: =IF(L32="","",(IF(N32="",TODAY()-L32,N32-L32)+0)) & " Days " -> 5 Days | P32: B | AH32: 1 | AM32: Approved with Comments
D33: 20 | E33: MLTX-02-003-ADV-TS9-1-CVL-MS-0020-00 | F33: 00 | G33: ADV-0020 | H33: MS | I33: Material submittal for Backfilling Materials Class A-1-a (Hail) | J33: CVL | K33: Hail | L33: 46149 | N33: 46149 | O33: =IF(L33="","",(IF(N33="",TODAY()-L33,N33-L33)+0)) & " Days " -> 0 Days | P33: C | AI33: 1 | AM33: Revise & Resubmit
D34: 21 | E34: MLTX-02-003-ADV-TS9-1-ARC-MS-0021-00 | F34: 00 | G34: ADV-0021 | H34: MS | I34: Material submittal of “Mada Gypsum” for supply of gypsum board, metal framing and accessories. | J34: ARC | K34: All | L34: 46149 | N34: 46158 | O34: =IF(L34="","",(IF(N34="",TODAY()-L34,N34-L34)+0)) & " Days " -> 9 Days | P34: A | AG34: 1 | AM34: Approved
D35: 22 | E35: MLTX-02-003-ADV-TS9-1-ARC-MS-0022-00 | F35: 00 | G35: ADV-0022 | H35: MS | I35: Submittal of Qassim Cement “Finishing Cement” for use in site masonry and plastering works. | J35: ARC | K35: Qassim | L35: 46152 | N35: 46153 | O35: =IF(L35="","",(IF(N35="",TODAY()-L35,N35-L35)+0)) & " Days " -> 1 Days | P35: B | AH35: 1 | AM35: Approved with Comments
D36: 23 | E36: MLTX-02-003-ADV-TS9-1-ELE-MS-0023-00 | F36: 00 | G36: ADV-0023 | H36: MS | I36: Material submittal for “CABLE TRAY”. | J36: ELE | K36: All | L36: 46152 | N36: 46155 | O36: =IF(L36="","",(IF(N36="",TODAY()-L36,N36-L36)+0)) & " Days " -> 3 Days | P36: B | AH36: 1 | AM36: Approved with Comments
D37: 24 | E37: MLTX-02-003-ADV-TS9-1-ELE-MS-0024-00 | F37: 00 | G37: ADV-0024 | H37: MS | I37: Material submittal for “ EMT PIPES ,FITTINGS AND BOXES”. | J37: ELE | K37: All | L37: 46153 | N37: 46155 | O37: =IF(L37="","",(IF(N37="",TODAY()-L37,N37-L37)+0)) & " Days " -> 2 Days | P37: B | AH37: 1 | AM37: Approved with Comments
D38: 25 | E38: MLTX-02-003-ADV-TS9-1-ARC-MS-0025-00 | F38: 00 | G38: ADV-0025 | H38: MS | I38: Material Submittal for Thermal and Water Proofing Materials | J38: ARC | K38: All | L38: 46152 | N38: 46159 | O38: =IF(L38="","",(IF(N38="",TODAY()-L38,N38-L38)+0)) & " Days " -> 7 Days | P38: A | AG38: 1 | AM38: Approved
D39: 26 | E39: MLTX-02-003-ADV-TS9-1-ARC-MS-0026-00 | F39: 00 | G39: ADV-0026 | H39: MS | I39: Material Submittal for Waterproofing System Materials And Thermal Proofing | J39: ARC | K39: All | L39: 46152 | N39: 46153 | O39: =IF(L39="","",(IF(N39="",TODAY()-L39,N39-L39)+0)) & " Days " -> 1 Days | P39: A | AG39: 1 | AM39: Approved
D40: 27 | E40: MLTX-02-003-ADV-TS9-1-ARC-MS-0027-00 | F40: 00 | G40: ADV-0027 | H40: MS | I40: Material Submittal of “Saudi Ceramics” for supply of 300*300mm and 600*600 mm Ceramic Floor Tiles and 300*300mm Wall Ceramic Wall Tiles. | J40: ARC | K40: All | L40: 46152 | N40: 46153 | O40: =IF(L40="","",(IF(N40="",TODAY()-L40,N40-L40)+0)) & " Days " -> 1 Days | P40: B | AH40: 1 | AM40: Approved with Comments
D41: 28 | E41: MLTX-02-003-ADV-TS9-1-ARC-MS-0028-00 | F41: 00 | G41: ADV-0028 | H41: MS | I41: Material submittal of “Jazeera Paints” for epoxy floor paint, Internal/External Wall Acrylic Paints and Retroreflective Thermoplastic Road Paint. | J41: ARC | K41: All | L41: 46154 | N41: 46175 | O41: =IF(L41="","",(IF(N41="",TODAY()-L41,N41-L41)+0)) & " Days " -> 21 Days | P41: B | AH41: 1 | AM41: Approved with Comments
D42: 29 | E42: MLTX-02-003-ADV-TS9-1-ARC-MS-0029-00 | F42: 00 | G42: ADV-0029 | H42: MS | I42: Material submittal for Masonry Concrete Blocks | J42: ARC | K42: Qassim | L42: 46154 | N42: 46175 | O42: =IF(L42="","",(IF(N42="",TODAY()-L42,N42-L42)+0)) & " Days " -> 21 Days | P42: B | AH42: 1 | AM42: Approved with Comments
D43: 30 | E43: MLTX-02-003-ADV-TS9-1-ELE-MS-0030-00 | F43: 00 | G43: ADV-0030 | H43: MS | I43: Material submittal for LOW VOLTAGE CABLES AND WIRES | J43: ELE | K43: All | L43: 46154 | N43: 46155 | O43: =IF(L43="","",(IF(N43="",TODAY()-L43,N43-L43)+0)) & " Days " -> 1 Days | P43: B | AH43: 1 | AM43: Approved with Comments
D44: 31 | E44: MLTX-02-003-ADV-TS9-1-ARC-MS-0031-00 | F44: 00 | G44: ADV-0031 | H44: MS | I44: Material submittal for Masonry Concrete Blocks | J44: ARC | K44: Hail | L44: 46154 | N44: 46175 | O44: =IF(L44="","",(IF(N44="",TODAY()-L44,N44-L44)+0)) & " Days " -> 21 Days | P44: B | AH44: 1 | AM44: Approved with Comments
D45: 32 | E45: MLTX-02-003-ADV-TS9-1-ARC-MS-0032-00 | F45: 00 | G45: ADV-0032 | H45: MS | I45: Material submittal for Internal-External Signages / Traffic signs | J45: ARC | K45: All | L45: 46154 | N45: 46175 | O45: =IF(L45="","",(IF(N45="",TODAY()-L45,N45-L45)+0)) & " Days " -> 21 Days | P45: A | AG45: 1 | AM45: Approved
D46: 33 | E46: MLTX-02-003-ADV-TS9-1-ELE-MS-0033-00 | F46: 00 | G46: ADV-0033 | H46: MS | I46: Material Submittal for PVC CONDUIT AND FITTINGS | J46: ELE | K46: All | L46: 46155 | N46: 46163 | O46: =IF(L46="","",(IF(N46="",TODAY()-L46,N46-L46)+0)) & " Days " -> 8 Days | P46: B | AH46: 1 | AM46: Approved with Comments
D47: 34 | E47: MLTX-02-003-ADV-TS9-1-ARC-MS-0034-00 | F47: 00 | G47: ADV-0034 | H47: MS | I47: Material Submittal of Interlock Pavers (Hail, Qassim and Tabuk) Manufacturer: OPAL United Factory | J47: ARC | K47: All | L47: 46159 | N47: 46162 | O47: =IF(L47="","",(IF(N47="",TODAY()-L47,N47-L47)+0)) & " Days " -> 3 Days | P47: B | AH47: 1 | AM47: Approved with Comments
D48: 35 | E48: MLTX-02-003-ADV-TS9-1-MEC-MS-0035-00 | F48: 00 | G48: ADV-0035 | H48: MS | I48: Material Submittal for BOOSTER PUMP (Hail, Qassim and Tabuk) | J48: MEC | K48: All | L48: 46159 | N48: 46163 | O48: =IF(L48="","",(IF(N48="",TODAY()-L48,N48-L48)+0)) & " Days " -> 4 Days | P48: B | AH48: 1 | AM48: Approved with Comments
D49: 36 | E49: MLTX-02-003-ADV-TS9-1-CVL-MS-0036-00 | F49: 01 | G49: ADV-0036 | H49: MS | I49: Request for approval of Subgrade Material (Qassim) Supplier: Al-Sayigh Crusher | J49: CVL | K49: Qassim | L49: 46160 | N49: 46161 | O49: =IF(L49="","",(IF(N49="",TODAY()-L49,N49-L49)+0)) & " Days " -> 1 Days | P49: C | Q49: 46180 | R49: 46182 | S49: =IF(Q49="","",(IF(R49="",TODAY()-Q49,R49-Q49)+0)) & " Days " -> 2 Days | T49: B | AH49: 1 | AM49: Approved with Comments
D50: 37 | E50: MLTX-02-003-ADV-TS9-1-ARC-MS-0037-00 | F50: 00 | G50: ADV-0037 | H50: MS | I50: Material submittal for Kerbstone and Wheel Stopper – (Qassim, Hail and Tabuk ) Manufacturer and Supplier: OPAL United Factory | J50: ARC | K50: All | L50: 46163 | N50: 46175 | O50: =IF(L50="","",(IF(N50="",TODAY()-L50,N50-L50)+0)) & " Days " -> 12 Days | P50: B | AH50: 1 | AM50: Approved with Comments
D51: 38 | E51: MLTX-02-003-ADV-TS9-1-ARC-MS-0038-00 | F51: 00 | G51: ADV-0038 | H51: MS | I51: Material submittal for “UNITECH” Block & Plaster Accessories (Qassim, Hail and Tabuk) Manufacturer: Isam Kabbani & Partners (UNITECH) | J51: ARC | K51: All | L51: 46165 | N51: 46173 | O51: =IF(L51="","",(IF(N51="",TODAY()-L51,N51-L51)+0)) & " Days " -> 8 Days | P51: B | AH51: 1 | AM51: Approved with Comments
D52: 39 | E52: MLTX-02-003-ADV-TS9-1-CVL-MS-0039-00 | F52: 00 | G52: ADV-0039 | H52: MS | I52: MATERIAL SUBMITAL FOR MIX DESIGN FOR C20 OPC/SRC AND C35 OPC/SRC (Tabuk project) Manufacturer: Asas Almohaileb for Ready Mix Concrete | J52: CVL | K52: Tabuk | L52: 46165 | N52: 46180 | O52: =IF(L52="","",(IF(N52="",TODAY()-L52,N52-L52)+0)) & " Days " -> 15 Days | P52: B | AH52: 1 | AM52: Approved with Comments
D53: 40 | E53: MLTX-02-003-ADV-TS9-1-ARC-MS-0040-00 | F53: 00 | G53: ADV-0040 | H53: MS | I53: Material submittal for Interlock Pavers, Kerbstones and Wheel stopper (Tabuk Project) Manufacturer: ASAS Almohileb | J53: ARC | K53: Tabuk | L53: 46165 | N53: 46180 | O53: =IF(L53="","",(IF(N53="",TODAY()-L53,N53-L53)+0)) & " Days " -> 15 Days | P53: B | AH53: 1 | AM53: Approved with Comments
D54: 41 | E54: MLTX-02-003-ADV-TS9-1-MEC-MS-0041-00 | F54: 00 | G54: ADV-0041 | H54: MS | I54: Material submittal for FIRE EXTINGUISHER (Hail, Qassim & Tabuk) | J54: MEC | K54: All | L54: 46165 | N54: 46165 | O54: =IF(L54="","",(IF(N54="",TODAY()-L54,N54-L54)+0)) & " Days " -> 0 Days | P54: B | AH54: 1 | AM54: Approved with Comments
D55: 42 | E55: MLTX-02-003-ADV-TS9-1-ARC-MS-0042-00 | F55: 00 | G55: ADV-0042 | H55: MS | I55: Material submittal of Wooden and metal Doors (for Hail, Qassim and Tabuk) Manufacturer: Al-Manashy Doors Factory | J55: ARC | K55: All | L55: 46165 | N55: 46173 | O55: =IF(L55="","",(IF(N55="",TODAY()-L55,N55-L55)+0)) & " Days " -> 8 Days | P55: B | AH55: 1 | AM55: Approved with Comments
D56: 43 | E56: MLTX-02-003-ADV-TS9-1-CVL-MS-0043-00 | F56: 00 | G56: ADV-0043 | H56: MS | I56: Material submittal for Autoclaved Aerated Panels (Adhesive and Grout) (Qassim, Hail and Tabuk) Manufacturer: ESPAC | J56: CVL | K56: All | L56: 46174 | N56: 46177 | O56: =IF(L56="","",(IF(N56="",TODAY()-L56,N56-L56)+0)) & " Days " -> 3 Days | P56: B | AH56: 1 | AM56: Approved with Comments
D57: 44 | E57: MLTX-02-003-ADV-TS9-1-MEC-MS-0044-00 | F57: 00 | G57: ADV-0044 | H57: MS | I57: Material submittal for GRP TANK (Hail, Qassim & Tabuk) | J57: MEC | K57: All | L57: 46174 | N57: 46179 | O57: =IF(L57="","",(IF(N57="",TODAY()-L57,N57-L57)+0)) & " Days " -> 5 Days | P57: B | AH57: 1 | AM57: Approved with Comments
D58: 45 | E58: MLTX-02-003-ADV-TS9-1-ARC-MS-0045-00 | F58: 00 | G58: ADV-0045 | H58: MS | I58: Material submittal for: Supplying and installation of sports flooring rubber acrylic paint (paintCo ) system (For Qassim, Hail and Tabuk) Manufacturer: RAWAI AL BASATIN | J58: ARC | K58: All | L58: 46177 | N58: 46190 | O58: =IF(L58="","",(IF(N58="",TODAY()-L58,N58-L58)+0)) & " Days " -> 13 Days | P58: B | AH58: 1 | AM58: Approved with Comments
D59: 46 | E59: MLTX-02-003-ADV-TS9-1-CVL-MS-0046-00 | F59: 00 | G59: ADV-0046 | H59: MS | I59: Material submittal for: Artificial grass for Football playgrounds (For Qassim, Hail and Tabuk) Manufacturer: RAWAI AL BASATIN | J59: CVL | K59: All | L59: 46177 | N59: 46181 | O59: =IF(L59="","",(IF(N59="",TODAY()-L59,N59-L59)+0)) & " Days " -> 4 Days | P59: B | AH59: 1 | AM59: Approved with Comments
D60: 47 | E60: MLTX-02-003-ADV-TS9-1-ARC-MS-0047-00 | F60: 01 | G60: ADV-0047 | H60: MS | I60: Material submittal for: Panoramic of Padel Court , Incudes : Steel Structure & Steel Accessories - Glass & Glass Accessories - LED Lights - Net and Door Accessories - Turf & Turf Accessories of playgrounds (For Qassim, Hail and Tabuk) Manufacturer: RAWAI AL BASATIN | J60: ARC | K60: All | L60: 46181 | N60: 46184 | O60: =IF(L60="","",(IF(N60="",TODAY()-L60,N60-L60)+0)) & " Days " -> 3 Days | P60: C | Q60: 46189 | R60: 46194 | S60: =IF(Q60="","",(IF(R60="",TODAY()-Q60,R60-Q60)+0)) & " Days " -> 5 Days | T60: B | AH60: 1 | AM60: Approved with Comments
D61: 48 | E61: MLTX-02-003-ADV-TS9-1-ARC-MS-0048-00 | F61: 01 | G61: ADV-0048 | H61: MS | I61: Material submittal for: Tartan Floor Rubber tiles 50*50*40 MM Blue colour of playgrounds (For Qassim, Hail and Tabuk). Manufacturer: RAWAI AL BASATIN | J61: ARC | K61: All | L61: 46181 | N61: 46184 | O61: =IF(L61="","",(IF(N61="",TODAY()-L61,N61-L61)+0)) & " Days " -> 3 Days | P61: C | Q61: 46189 | R61: 46194 | S61: =IF(Q61="","",(IF(R61="",TODAY()-Q61,R61-Q61)+0)) & " Days " -> 5 Days | T61: B | AH61: 1 | AM61: Approved with Comments
D62: 49 | E62: MLTX-02-003-ADV-TS9-1-CVL-MS-0049-00 | F62: 02 | G62: ADV-0049 | H62: MS | I62: Material Submittal for Chain link Fence & Gate Materials. (For Qassim, Hail and Tabuk) Supplier: BRC Industrial Saudia Co. | J62: CVL | K62: All | L62: 46181 | N62: 46184 | O62: =IF(L62="","",(IF(N62="",TODAY()-L62,N62-L62)+0)) & " Days " -> 3 Days | P62: C | Q62: 46190 | R62: 46195 | S62: =IF(Q62="","",(IF(R62="",TODAY()-Q62,R62-Q62)+0)) & " Days " -> 5 Days | T62: C | U62: 46225 | V62: 46233 | W62: =IF(U62="","",(IF(V62="",TODAY()-U62,V62-U62)+0)) & " Days " -> 8 Days | X62: B | AH62: 1 | AM62: Approved with Comments
D63: 50 | E63: MLTX-02-003-ADV-TS9-1-ARC-MS-0050-00 | F63: 00 | G63: ADV-0050 | H63: MS | I63: PU PRIMER 870 - Special, polyurethane, primer PU BINDER 1118 - Polyurethane binder RECYCLED RUBBER 858 - SBR granules EPDM 856 in granulometry POLYSPORT XP 1069 - UV-resistant Manufacturer/Supplier: Al Jammaz Hydrotek | J63: ARC | K63: All | L63: 46181 | N63: 46212 | O63: =IF(L63="","",(IF(N63="",TODAY()-L63,N63-L63)+0)) & " Days " -> 31 Days | P63: C | AI63: 1 | AM63: Revise & Resubmit
D64: 51 | E64: MLTX-02-003-ADV-TS9-1-ARC-MS-0051-00 | F64: 01 | G64: ADV-0051 | H64: MS | I64: Turfs for paddle flooring, Tempered glass , Steel structural (columns & mesh) , Led lighting system Manufacturer/Supplier: Al Jammaz Hydrotek | J64: ARC | K64: All | L64: 46181 | N64: 46184 | O64: =IF(L64="","",(IF(N64="",TODAY()-L64,N64-L64)+0)) & " Days " -> 3 Days | P64: C | Q64: 46190 | R64: 46194 | S64: =IF(Q64="","",(IF(R64="",TODAY()-Q64,R64-Q64)+0)) & " Days " -> 4 Days | T64: B | AH64: 1 | AM64: Approved with Comments
D65: 52 | E65: MLTX-02-003-ADV-TS9-1-ARC-MS-0052-00 | F65: 01 | G65: ADV-0052 | H65: MS | I65: Artificial Grass (Stemgrass 50) (Qassim, Hail and Tabuk) Manufacturer/Supplier: Al Jammaz Hydrotek | J65: ARC | K65: All | L65: 46181 | N65: 46184 | O65: =IF(L65="","",(IF(N65="",TODAY()-L65,N65-L65)+0)) & " Days " -> 3 Days | P65: C | Q65: 46190 | R65: 46194 | S65: =IF(Q65="","",(IF(R65="",TODAY()-Q65,R65-Q65)+0)) & " Days " -> 4 Days | T65: B | AH65: 1 | AM65: Approved with Comments
D66: 53 | E66: MLTX-02-003-ADV-TS9-1-ARC-MS-0053-00 | F66: 01 | G66: ADV-0053 | H66: MS | I66: RITIVEX R LIQUID 1102 - Acrylic primer ELASTOSPORT 853 - Acrylic ELASTOTURF 851 ELASTOMARK 818 Manufacturer/Supplier: Al Jammaz Hydrotek | J66: ARC | K66: All | L66: 46181 | N66: 46184 | O66: =IF(L66="","",(IF(N66="",TODAY()-L66,N66-L66)+0)) & " Days " -> 3 Days | P66: C | Q66: 46190 | R66: 46194 | S66: =IF(Q66="","",(IF(R66="",TODAY()-Q66,R66-Q66)+0)) & " Days " -> 4 Days | T66: B | AH66: 1 | AM66: Approved with Comments
D67: 54 | E67: MLTX-02-003-ADV-TS9-1-ARC-MS-0054-00 | F67: 00 | G67: ADV-0054 | H67: MS | I67: PU FLEX 140 - Special, polyurethane adhesive ISOPOL 854 - Shock-pad in rolls POLYSPORT STUCCO 1050 - Polyurethane, elastic POLYSPORT PU 1051 - Polyurethane POLYSPORT 1052 - UV-resistant, polyurethane (Qassim Hail and Tabuk) Manufacturer/Supplier: Al Jammaz Hydrotek | J67: ARC | K67: All | L67: 46181 | N67: 46186 | O67: =IF(L67="","",(IF(N67="",TODAY()-L67,N67-L67)+0)) & " Days " -> 5 Days | P67: B | AH67: 1 | AM67: Approved with Comments
D68: 55 | E68: MLTX-02-003-ADV-TS9-1-ARC-MS-0055-00 | F68: 00 | G68: ADV-0055 | H68: MS | I68: Material submittal for Interlock Paving Tiles (Qassim and Hail) Manufacturer: OPAL United Factory | J68: ARC | K68: Qassim & Hail | L68: 46181 | N68: 46186 | O68: =IF(L68="","",(IF(N68="",TODAY()-L68,N68-L68)+0)) & " Days " -> 5 Days | P68: B | AH68: 1 | AM68: Approved with Comments
D69: 56 | E69: MLTX-02-003-ADV-TS9-1-ARC-MS-0056-00 | F69: 01 | G69: ADV-0056 | H69: MS | I69: PU PRIMER 870 primer, PU BINDER 1118 - RECYCLED RUBBER 858, EPDM 856 granules, POLYSPORT XP 1069 (Qassim, Hail and Tabuk) Manufacturer/Supplier: RAWAI AL BASATIN | J69: ARC | K69: All | L69: 46183 | N69: 46184 | O69: =IF(L69="","",(IF(N69="",TODAY()-L69,N69-L69)+0)) & " Days " -> 1 Days | P69: C | Q69: 46190 | R69: 46194 | S69: =IF(Q69="","",(IF(R69="",TODAY()-Q69,R69-Q69)+0)) & " Days " -> 4 Days | T69: B | AH69: 1 | AM69: Approved with Comments
D70: 57 | E70: MLTX-02-003-ADV-TS9-1-ARC-MS-0057-00 | F70: 01 | G70: ADV-0057 | H70: MS | I70: Artificial Grass, Silica sand, SBR granules rubber (Qassim, Hail and Tabuk) Manufacturer/Supplier: MALAEB ALASIMA COMPANY | J70: ARC | K70: All | L70: 46183 | N70: 46184 | O70: =IF(L70="","",(IF(N70="",TODAY()-L70,N70-L70)+0)) & " Days " -> 1 Days | P70: C | Q70: 46190 | R70: 46194 | S70: =IF(Q70="","",(IF(R70="",TODAY()-Q70,R70-Q70)+0)) & " Days " -> 4 Days | T70: B | AH70: 1 | AM70: Approved with Comments
D71: 58 | E71: MLTX-02-003-ADV-TS9-1-CVL-MS-0058-00 | F71: 00 | G71: ADV-0058 | H71: MS | I71: WOVEN & NON WOVEN GEOTEXTILE Manufacturer: TERRAM Geosynthetics Supplier: ISSAM KABBANI | J71: CVL | K71: All | L71: 46186 | N71: 46189 | O71: =IF(L71="","",(IF(N71="",TODAY()-L71,N71-L71)+0)) & " Days " -> 3 Days | P71: A | AG71: 1 | AM71: Approved
D72: 59 | E72: MLTX-02-003-ADV-TS9-1-ARC-MS-0059-00 | F72: 00 | G72: ADV-0059 | H72: MS | I72: SIKA GARD PW for wet area using water proofing Epoxy Coating (Qassim, Hail and Tabuk) Manufacturer/Supplier: Sika Saudi Arabia Limited | J72: ARC | K72: All | L72: 46191 | N72: 46193 | O72: =IF(L72="","",(IF(N72="",TODAY()-L72,N72-L72)+0)) & " Days " -> 2 Days | P72: B | AH72: 1 | AM72: Approved with Comments
D73: 60 | E73: MLTX-02-003-ADV-TS9-1-CVL-MS-0060-00 | F73: 00 | G73: ADV-0060 | H73: MS | I73: Material submittal of BituTHERM (EXTRUDED POLYSTYRENE THERMAL INSULATION BOARDS) (Qassim, Hail and Tabuk) Manufacturer: Bitumat Company Ltd. | J73: CVL | K73: All | L73: 46191 | N73: 46193 | O73: =IF(L73="","",(IF(N73="",TODAY()-L73,N73-L73)+0)) & " Days " -> 2 Days | P73: B | AH73: 1 | AM73: Approved with Comments
D74: 61 | E74: MLTX-02-003-ADV-TS9-1-CVL-MS-0061-00 | F74: 00 | G74: ADV-0061 | H74: MS | I74: Material submittal of Bitumat Concrete primer (Qassim, Hail and Tabuk) Manufacturer: Bitumat Company Ltd. | J74: CVL | K74: All | L74: 46191 | N74: 46193 | O74: =IF(L74="","",(IF(N74="",TODAY()-L74,N74-L74)+0)) & " Days " -> 2 Days | P74: B | AH74: 1 | AM74: Approved with Comments
D75: 62 | E75: MLTX-02-003-ADV-TS9-1-CVL-MS-0062-00 | F75: 00 | G75: ADV-0062 | H75: MS | I75: Material submittal of POLYFLAME (Qassim, Hail and Tabuk) Manufacturer: Bitumat Company Ltd. | J75: CVL | K75: All | L75: 46191 | N75: 46193 | O75: =IF(L75="","",(IF(N75="",TODAY()-L75,N75-L75)+0)) & " Days " -> 2 Days | P75: B | AH75: 1 | AM75: Approved with Comments
D76: 63 | E76: MLTX-02-003-ADV-TS9-1-CVL-MS-0063-00 | F76: 00 | G76: ADV-0063 | H76: MS | I76: Material submittal of BITUMAT TOPSEAL 200 (Qassim, Hail and Tabuk) Manufacturer: Bitumat Company Ltd. | J76: CVL | K76: All | L76: 46191 | N76: 46193 | O76: =IF(L76="","",(IF(N76="",TODAY()-L76,N76-L76)+0)) & " Days " -> 2 Days | P76: B | AH76: 1 | AM76: Approved with Comments
D77: 64 | E77: MLTX-02-003-ADV-TS9-1-CVL-MS-0064-00 | F77: 00 | G77: ADV-0064 | H77: MS | I77: PVC Water Stop (Qassim, Hail and Tabuk) Manufacturer: ISSAM KABBANI | J77: CVL | K77: All | L77: 46193 | N77: 46195 | O77: =IF(L77="","",(IF(N77="",TODAY()-L77,N77-L77)+0)) & " Days " -> 2 Days | P77: B | AH77: 1 | AM77: Approved with Comments
D78: 65 | E78: MLTX-02-003-ADV-TS9-1-ELE-MS-0065-00 | F78: 00 | G78: ADV-0065 | H78: MS | I78: Material submittal for LIGHTNING AND PROTECTION SYSTEM (Hail, Qassim and Tabuk) Manufacturer: FURSE Supplier: SAUDI ELECTRIC SUPPLY COMPANY | J78: ELE | K78: All | L78: 46195 | N78: 46197 | O78: =IF(L78="","",(IF(N78="",TODAY()-L78,N78-L78)+0)) & " Days " -> 2 Days | P78: B | AH78: 1 | AM78: Approved with Comments
D79: 66 | E79: MLTX-02-003-ADV-TS9-1-ELE-MS-0066-00 | F79: 00 | G79: ADV-0066 | H79: MS | I79: Material submittal for WIRING DEVICES (Hail, Qassim and Tabuk) Manufacturer: MK ELECTRIC Supplier: SAUDI ELECTRIC SUPPLY COMPANY | J79: ELE | K79: All | L79: 46195 | N79: 46200 | O79: =IF(L79="","",(IF(N79="",TODAY()-L79,N79-L79)+0)) & " Days " -> 5 Days | P79: B | AH79: 1 | AM79: Approved with Comments
D80: 67 | E80: MLTX-02-003-ADV-TS9-1-CVL-MS-0067-00 | F80: 00 | G80: ADV-0067 | H80: MS | I80: Anchor Bolts (FBN II), Super Bond-System FSB and Injection Mortar FIS SB (Qassim, Hail and Tabuk) Manufacturer: (Doul) Fischer Innovative solutions | J80: CVL | K80: All | L80: 46202 | N80: 46208 | O80: =IF(L80="","",(IF(N80="",TODAY()-L80,N80-L80)+0)) & " Days " -> 6 Days | P80: B | AH80: 1 | AM80: Approved with Comments
D81: 68 | E81: MLTX-02-003-ADV-TS9-1-ARC-MS-0068-00 | F81: 00 | G81: ADV-0068 | H81: MS | I81: External Membrane PVC/PVDF Obetex 1400, AFICO BLANKET INSULATION middle layer and Internal Membrane BLOCKOUT BOP 0850 (PVC) (Qassim, Hail and Tabuk) Manufacturer: OBLEKAN Technical Fabrics | J81: ARC | K81: All | L81: 46202 | N81: 46208 | O81: =IF(L81="","",(IF(N81="",TODAY()-L81,N81-L81)+0)) & " Days " -> 6 Days | P81: B | AH81: 1 | AM81: Approved with Comments
D82: 69 | E82: MLTX-02-003-ADV-TS9-1-MEC-MS-0069-00 | F82: 00 | G82: ADV-0069 | H82: MS | I82: Ventilation Units System for AIR DOME (Qassim, Hail and Tabuk) Manufacturer: (DOUL) | J82: MEC | K82: All | L82: 46203 | N82: 46205 | O82: =IF(L82="","",(IF(N82="",TODAY()-L82,N82-L82)+0)) & " Days " -> 2 Days | P82: B | Q82: 46203 | R82: 46280 | S82: =IF(Q82="","",(IF(R82="",TODAY()-Q82,R82-Q82)+0)) & " Days " -> 77 Days | T82: B | AH82: 1 | AM82: Approved with Comments
D83: 70 | E83: MLTX-02-003-ADV-TS9-1-ARC-MS-0070-00 | F83: 01 | G83: ADV-0070 | H83: MS | I83: Weber floor 440 SC Weber Floor 340 RLS (Qassim, Hail and Tabuk) Manufacturer: WEBER | J83: ARC | K83: All | L83: 46204 | N83: 46205 | O83: =IF(L83="","",(IF(N83="",TODAY()-L83,N83-L83)+0)) & " Days " -> 1 Days | P83: C | Q83: 46208 | R83: 46209 | S83: =IF(Q83="","",(IF(R83="",TODAY()-Q83,R83-Q83)+0)) & " Days " -> 1 Days | T83: B | AH83: 1 | AM83: Approved with Comments
D84: 71 | E84: MLTX-02-003-ADV-TS9-1-ELE-MS-0071-00 | F84: 00 | G84: ADV-0071 | H84: MS | I84: Material submittal for Low Current Cable (Qassim, Hail and Tabuk) Manufacturer: MESC Supplier: Taysser Services Trading | J84: ELE | K84: All | L84: 46208 | N84: 46210 | O84: =IF(L84="","",(IF(N84="",TODAY()-L84,N84-L84)+0)) & " Days " -> 2 Days | P84: B | AH84: 1 | AM84: Approved with Comments
D85: 72 | E85: MLTX-02-003-ADV-TS9-1-ARC-MS-0072-00 | F85: 01 | G85: ADV-0072 | H85: MS | I85: CEMENTITOUS MATERIAL FOR STAMPED CONCRETE - Aman Crete Sealer - Aman Crete 300 Release Agent - Aman Crete 200 Color Hardner (Qassim, Hail and Tabuk) Manufacturer: Aman Construction Chemicals Manufacture Co | J85: ARC | K85: All | L85: 46211 | N85: 46212 | O85: =IF(L85="","",(IF(N85="",TODAY()-L85,N85-L85)+0)) & " Days " -> 1 Days | P85: C | Q85: 46215 | R85: 46218 | S85: =IF(Q85="","",(IF(R85="",TODAY()-Q85,R85-Q85)+0)) & " Days " -> 3 Days | T85: B | AH85: 1 | AM85: Approved with Comments
D86: 73 | E86: MLTX-02-003-ADV-TS9-1-CVL-MS-0073-00 | F86: 00 | G86: ADV-0073 | H86: MS | I86: Material Submittal for Cico-Cure AR 380 acrylic resin-based concrete curing compound (Qassim, Hail and Tabuk) Manufacturer: CIC Construction Chemicals | J86: CVL | K86: All | L86: 46210 | N86: 46222 | O86: =IF(L86="","",(IF(N86="",TODAY()-L86,N86-L86)+0)) & " Days " -> 12 Days | P86: B | AH86: 1 | AM86: Approved with Comments
D87: 74 | E87: MLTX-02-003-ADV-TS9-1-ELE-MS-0074-00 | F87: 00 | G87: ADV-0074 | H87: MS | I87: Material Submittal for DISCONNECT SWITCH (Qassim, Hail and Tabuk) Manufacturer: SCHNEIDER Supplier: ICON FOR TRADING | J87: ELE | K87: All | L87: 46210 | N87: 46217 | O87: =IF(L87="","",(IF(N87="",TODAY()-L87,N87-L87)+0)) & " Days " -> 7 Days | P87: C | AI87: 1 | AM87: Revise & Resubmit
D88: 75 | E88: MLTX-02-003-ADV-TS9-1-ELE-MS-0075-00 | F88: 01 | G88: ADV-0075 | H88: MS | I88: Material Submittal for LIGHTING FIXTURES (Qassim, Hail and Tabuk) Manufacturer: NOORTEK - Supplier: AL NASSER PRO | J88: ELE | K88: All | L88: 46216 | N88: 46218 | O88: =IF(L88="","",(IF(N88="",TODAY()-L88,N88-L88)+0)) & " Days " -> 2 Days | P88: C | Q88: 46284 | R88: 46287 | S88: =IF(Q88="","",(IF(R88="",TODAY()-Q88,R88-Q88)+0)) & " Days " -> 3 Days | T88: B | AH88: 1 | AM88: Approved with Comments
D89: 76 | E89: MLTX-02-003-ADV-TS9-1-ARC-MS-0076-00 | F89: 00 | G89: ADV-0076 | H89: MS | I89: Material Submittal of Standard Grade Compact Laminate Phenolic Toilet Partitions (Merino) (Qassim, Hail and Tabuk) Manufacturer: Merino Industries Ltd., India | J89: ARC | K89: All | L89: 46212 | N89: 46215 | O89: =IF(L89="","",(IF(N89="",TODAY()-L89,N89-L89)+0)) & " Days " -> 3 Days | P89: B | AH89: 1 | AM89: Approved with Comments
D90: 77 | E90: MLTX-02-003-ADV-TS9-1-ELE-MS-0077-00 | F90: 01 | G90: ADV-0077 | H90: MS | I90: Electrical generator from Perkins for AIR DOME (Qassim-Tabuk) 91 KVA (73 KW) DESIEL ENGINE 1100 Series 1104A-44TG2 Manufactures by (Perkins) | J90: ELE | K90: Qassim & Tabuk | L90: 46215 | N90: 46215 | O90: =IF(L90="","",(IF(N90="",TODAY()-L90,N90-L90)+0)) & " Days " -> 0 Days | P90: C | Q90: 46256 | R90: 46259 | S90: =IF(Q90="","",(IF(R90="",TODAY()-Q90,R90-Q90)+0)) & " Days " -> 3 Days | T90: C | U90: 46275 | V90: 46277 | W90: =IF(U90="","",(IF(V90="",TODAY()-U90,V90-U90)+0)) & " Days " -> 2 Days | X90: B | AH90: 1 | AM90: Approved with Comments
D91: 78 | E91: MLTX-02-003-ADV-TS9-1-CVL-MS-0078-00 | F91: 00 | G91: ADV-0078 | H91: MS | I91: Steel Welding Reinforcement Mesh 8mm 20*20 cm (1.5 * 4.0 meter squire) Sabic steel (HADEED) (Qassim, Hail and Tabuk) Manufacturer: Bawan Metal Industries Co | J91: CVL | K91: All | L91: 46219 | N91: 46221 | O91: =IF(L91="","",(IF(N91="",TODAY()-L91,N91-L91)+0)) & " Days " -> 2 Days | P91: B | AH91: 1 | AM91: Approved with Comments
D92: 79 | E92: MLTX-02-003-ADV-TS9-1-ARC-MS-0079-00 | F92: 00 | G92: ADV-0079 | H92: MS | I92: Material Submittal for Tartan Rubber Tiles 50*50*4 cm from Saudi Turf (Qassim, Hail and Tabuk) Manufacturer: Saudi Turf Co LTD. | J92: ARC | K92: All | L92: 46224 | N92: 46235 | O92: =IF(L92="","",(IF(N92="",TODAY()-L92,N92-L92)+0)) & " Days " -> 11 Days | P92: B | AH92: 1 | AM92: Approved with Comments
D93: 80 | E93: MLTX-02-003-ADV-TS9-1-CVL-MS-0080-00 | F93: 00 | G93: ADV-0080 | H93: MS | I93: Material Submittal for BITUMEN IMPREGNATED WOOD FIBER FILLERS AND PROTECTION BOARDS (Qassim, Hail and Tabuk) Manufacturer: Isam Kabbani & Partners (UNITECH) | J93: CVL | K93: All | L93: 46228 | N93: 46235 | O93: =IF(L93="","",(IF(N93="",TODAY()-L93,N93-L93)+0)) & " Days " -> 7 Days | P93: B | AH93: 1 | AM93: Approved with Comments
D94: 81 | E94: MLTX-02-003-ADV-TS9-1-CVL-MS-0081-00 | F94: 00 | G94: ADV-0081 | H94: MS | I94: Material Submittal of Isolation Joint Sealant “Cico Seal PU 40” (Qassim, Hail and Tabuk) Manufacturer: CIC Construction Chemicals | J94: CVL | K94: All | L94: 46229 | N94: 46235 | O94: =IF(L94="","",(IF(N94="",TODAY()-L94,N94-L94)+0)) & " Days " -> 6 Days | P94: B | AH94: 1 | AM94: Approved with Comments
D95: 82 | E95: MLTX-02-003-ADV-TS9-1-CVL-MS-0082-00 | F95: 01 | G95: ADV-0082 | H95: MS | I95: Material Submittal of Bituminous Wearing Course - B (BWC-B) (Hail) Manufacturer: Alomaier Trading and Contracting Company | J95: CVL | K95: Hail | L95: 46231 | N95: 46235 | O95: =IF(L95="","",(IF(N95="",TODAY()-L95,N95-L95)+0)) & " Days " -> 4 Days | P95: C | Q95: 46242 | R95: 46250 | S95: =IF(Q95="","",(IF(R95="",TODAY()-Q95,R95-Q95)+0)) & " Days " -> 8 Days | T95: B | U95: 46281 | W95: =IF(U95="","",(IF(V95="",TODAY()-U95,V95-U95)+0)) & " Days " -> 25 Days | X95: UR | AK95: 1 | AM95: Under Review
D96: 83 | E96: MLTX-02-003-ADV-TS9-1-CVL-MS-0083-00 | F96: 01 | G96: ADV-0083 | H96: MS | I96: Material Submittal of Bituminous Base Course (BBC-A) (Hail) Manufacturer: Alomaier Trading and Contracting Company | J96: CVL | K96: Hail | L96: 46231 | N96: 46235 | O96: =IF(L96="","",(IF(N96="",TODAY()-L96,N96-L96)+0)) & " Days " -> 4 Days | P96: C | Q96: 46242 | R96: 46250 | S96: =IF(Q96="","",(IF(R96="",TODAY()-Q96,R96-Q96)+0)) & " Days " -> 8 Days | T96: B | U96: 46281 | W96: =IF(U96="","",(IF(V96="",TODAY()-U96,V96-U96)+0)) & " Days " -> 25 Days | X96: UR | AK96: 1 | AM96: Under Review
D97: 84 | E97: MLTX-02-003-ADV-TS9-1-CVL-MS-0084-00 | F97: 00 | G97: ADV-0084 | H97: MS | I97: Material Submittal of Aggregate Base Course “Mix Design-1” (Hail) Manufacturer: Alomaier Trading and Contracting Company. | J97: CVL | K97: Hail | L97: 46231 | N97: 46235 | O97: =IF(L97="","",(IF(N97="",TODAY()-L97,N97-L97)+0)) & " Days " -> 4 Days | P97: C | AI97: 1 | AM97: Revise & Resubmit
D98: 85 | E98: MLTX-02-003-ADV-TS9-1-ARC-MS-0085-00 | F98: 00 | G98: ADV-0085 | H98: MS | I98: Material Submittal of Granite and Riyadh Stone (Qassim, Hail and Tabuk) Manufacturer: Marble House Factory co. | J98: ARC | K98: All | L98: 46232 | N98: 46235 | O98: =IF(L98="","",(IF(N98="",TODAY()-L98,N98-L98)+0)) & " Days " -> 3 Days | P98: B | AH98: 1 | AM98: Approved with Comments
D99: 86 | E99: MLTX-02-003-ADV-TS9-1-ARC-MS-0086-00 | F99: 00 | G99: ADV-0086 | H99: MS | I99: Material Submittal and Sample of Tartan Floor Rubber Tiles - 50*50*40 MM Blue Colour (Qassim, Hail and Tabuk) Manufacturer: Rubber Arts Company for Industry (RAWAI AL BASATIN COMPANY) | J99: ARC | K99: All | L99: 46233 | N99: 46244 | O99: =IF(L99="","",(IF(N99="",TODAY()-L99,N99-L99)+0)) & " Days " -> 11 Days | P99: B | AH99: 1 | AM99: Approved with Comments
D100: 87 | E100: MLTX-02-003-ADV-TS9-1-ARC-MS-0087-00 | F100: 00 | G100: ADV-0087 | H100: MS | I100: Playgrounds Equipments 1. PlayGround Benches 2. Football Goal 3. Basket Ball Stand - MANUFACTURED BY RAWAI AL BASATIN | J100: ARC | K100: All | L100: 46235 | N100: 46240 | O100: =IF(L100="","",(IF(N100="",TODAY()-L100,N100-L100)+0)) & " Days " -> 5 Days | P100: B | AH100: 1 | AM100: Approved with Comments
D101: 88 | E101: MLTX-02-003-ADV-TS9-1-ARC-MS-0088-00 | F101: 00 | G101: ADV-0088 | H101: MS | I101: Material Submittal “saveto” Premium Project Fix – cementitious mortar adhesive for fixing ceramic tile - (Qassim, Tabuk and Hail) Supplier & Manufacturer: SAVETO | J101: ARC | K101: All | L101: 46239 | N101: 46249 | O101: =IF(L101="","",(IF(N101="",TODAY()-L101,N101-L101)+0)) & " Days " -> 10 Days | P101: B | AH101: 1 | AM101: Approved with Comments
D102: 89 | E102: MLTX-02-003-ADV-TS9-1-ARC-MS-0089-00 | F102: 00 | G102: ADV-0089 | H102: MS | I102: FOOTBALL COURT ARTIFICIAL GRASS with Adhesive and silica sand and SBR rubber Materials by RAWAI AL BASATIN COMPANY for all locations | J102: ARC | K102: All | L102: 46240 | N102: 46249 | O102: =IF(L102="","",(IF(N102="",TODAY()-L102,N102-L102)+0)) & " Days " -> 9 Days | P102: B | AH102: 1 | AM102: Approved with Comments
D103: 90 | E103: MLTX-02-003-ADV-TS9-1-ELE-MS-0090-00 | F103: 01 | G103: ADV-0090 | H103: MS | I103: MATERIAL SUBMITAL FOR LIGHTING POLES ( HAIL-TABUK-QASSIM ) | J103: ELE | K103: All | L103: 46250 | N103: 46252 | O103: =IF(L103="","",(IF(N103="",TODAY()-L103,N103-L103)+0)) & " Days " -> 2 Days | P103: C | Q103: 46286 | R103: 46287 | S103: =IF(Q103="","",(IF(R103="",TODAY()-Q103,R103-Q103)+0)) & " Days " -> 1 Days | T103: B | AH103: 1 | AM103: Approved with Comments
D104: 91 | E104: MLTX-02-003-ADV-TS9-1-CVL-MS-0091-00 | F104: 01 | G104: ADV-0091 | H104: MS | I104: Material Submittal of Bituminous Mix Design Wearing Course Class 'C' Manufacturer: Expert Future company for Asphalt Patch Plant for the BIKE PATH, WALK PATH, FOOTBALL COURTS. (Tabuk Project) MANUFACTURED BY: Expert Future company for Asphalt Patch | J104: CVL | K104: Tabuk | L104: 46250 | N104: 46257 | O104: =IF(L104="","",(IF(N104="",TODAY()-L104,N104-L104)+0)) & " Days " -> 7 Days | P104: C | Q104: 46259 | R104: 46268 | S104: =IF(Q104="","",(IF(R104="",TODAY()-Q104,R104-Q104)+0)) & " Days " -> 9 Days | T104: B | AH104: 1 | AM104: Approved with Comments
D105: 92 | E105: MLTX-02-003-ADV-TS9-1-CVL-MS-0092-00 | F105: 00 | G105: ADV-0092 | H105: MS | I105: Bituminous Mix Design Base Course Class 'B') from Shibh Al Jazira Contracting Co. (SAJCO) for Asphalt Road work (Qassim) football courts. (Qassim Project) MANUFACTURED BY: from Shibh Al Jazira Contracting Co. (SAJCO) for Asphalt Road work | J105: CVL | K105: Qassim | L105: 46250 | N105: 46265 | O105: =IF(L105="","",(IF(N105="",TODAY()-L105,N105-L105)+0)) & " Days " -> 15 Days | P105: B | AH105: 1 | AM105: Approved with Comments
D106: 93 | E106: MLTX-02-003-ADV-TS9-1-CVL-MS-0093-00 | F106: 00 | G106: ADV-0093 | H106: MS | I106: Material Submittal of Bituminous Mix Design Wearing Course Class 'C' Manufacturer: Shibh Al Jazira Contracting Co. (SAJCO) for Asphalt Road work for the BIKE PATH, WALK PATH, FOOTBALL COURTS. (Qassim Project) MANUFACTURED BY: Shibh Al Jazira Contracting for Asphalt Patch | J106: CVL | K106: Qassim | L106: 46250 | N106: 46266 | O106: =IF(L106="","",(IF(N106="",TODAY()-L106,N106-L106)+0)) & " Days " -> 16 Days | P106: B | AH106: 1 | AM106: Approved with Comments
D107: 94 | E107: MLTX-02-003-ADV-TS9-1-CVL-MS-0094-00 | F107: 01 | G107: ADV-0094 | H107: MS | I107: Material Submittal of Bituminous Mix Design Base Course Class 'B' Manufacturer: Expert Future company for Asphalt Patch plant (Tabuk Project) MANUFACTURED BY : Expert Future company for Asphalt Patch | J107: CVL | K107: Tabuk | L107: 46250 | N107: 46257 | O107: =IF(L107="","",(IF(N107="",TODAY()-L107,N107-L107)+0)) & " Days " -> 7 Days | P107: C | Q107: 46259 | R107: 46268 | S107: =IF(Q107="","",(IF(R107="",TODAY()-Q107,R107-Q107)+0)) & " Days " -> 9 Days | T107: B | AH107: 1 | AM107: Approved with Comments
D108: 95 | E108: MLTX-02-003-ADV-TS9-1-CVL-MS-0095-00 | F108: 01 | G108: ADV-0095 | H108: MS | I108: Material submittal for curb stone from Adullah Abdin Factory for cement products - (Tabuk Project) (15*30*50 cm – 12.5*25.5*91.5 cm) with chamfer (10*20*40 cm – 15*30*50 cm) without chamfer MANUFACTURED BY Adullah Abdin Factory for cement products | J108: CVL | K108: Tabuk | L108: 46252 | N108: 46252 | O108: =IF(L108="","",(IF(N108="",TODAY()-L108,N108-L108)+0)) & " Days " -> 0 Days | P108: C | Q108: 46256 | R108: 46256 | S108: =IF(Q108="","",(IF(R108="",TODAY()-Q108,R108-Q108)+0)) & " Days " -> 0 Days | T108: B | AH108: 1 | AM108: Approved with Comments
D109: 96 | E109: MLTX-02-003-ADV-TS9-1-ELE-MS-0096-00 | F109: 00 | G109: ADV-0096 | H109: MS | I109: Bypass System for AIR DOME BY (DESERT MACHINRY) Company (QASSIM-TABUK) projects Manufactures by (ABB Electrical) | J109: ELE | K109: Qassim & Tabuk | L109: 46252 | N109: 46257 | O109: =IF(L109="","",(IF(N109="",TODAY()-L109,N109-L109)+0)) & " Days " -> 5 Days | P109: B | AH109: 1 | AM109: Approved with Comments
...

Sheet MST
W3: Approved = A | Y3: =SUM(Y14:Y973) -> 0
G4: P030 - (MLTX-02-003) - Playgrounds Initiative at (Qassim Oasis , Hail and Tabuk Industrial City) | W4: Approved with Comments = B | Y4: =SUM(Z14:Z973) -> 22
W5: Revise & Resubmit = C | Y5: =SUM(AA14:AA9973) -> 0
G6: Method of Statement (MST) - Submissions & Approvals | W6: Under PMC Review / For Info. / Rejected / Cancelled / Recalled = D | Y6: =SUM(AB14:AB973) -> 0
W7: Under Review = UR | Y7: =SUM(AC14:AC973) -> 0
W8: Delayed with ADV | Y8: =COUNTIF(M14:M23,"Delayed") -> 0
W9: Delayed with Egis | Y9: =SUM(AD14:AD973) -> 0
W10: Total Number of Submittals | Y10: =SUM(Y3:Y9) -> 22
L12: 1st Submittal - Rev-00 | Q12: 2nd Submittal - Rev-01 | U12: 3rd Submittal - Rev-02 | Y12: =TODAY() -> 46306
B13: Transmittle # | C13: Location Area / Floor | D13: SI No. | E13: Transmittal Number | F13: Latest Rev.# | G13: ADV Reference Number | H13: Doc Type | I13: Description | J13: Discipline | K13: Planned Submission Date | L13: Actual Submission Date | M13: Delayed | N13: Date of Return Egis | O13: Duration with Egis | P13: Code | Q13: Actual Submission Date | R13: Date of Return Egis | S13: Duration with Egis | T13: Code | U13: Actual Submission Date | V13: Date of Return Egis | W13: Duration with Egis | X13: Code | Y13: A | Z13: B | AA13: C | AB13: D | AC13: UR | AD13: Delayed with Egis | AE13: Remarks
D14: 1 | E14: MLTX-02-003-ADV-TS9-1-CVL-MST-0001-00 | F14: 01 | G14: ADV-0001 | H14: MST | I14: Method of Statement for Excavation Works | J14: CVL | L14: 46090 | N14: 46098 | O14: =IF(L14="","",(IF(N14="",TODAY()-L14,N14-L14)+0)) & " Days " -> 8 Days | P14: C | Q14: 46104 | R14: 46107 | S14: =IF(Q14="","",(IF(R14="",TODAY()-Q14,R14-Q14)+0)) & " Days " -> 3 Days | T14: B | Z14: 1 | AE14: Approved with Comments
D15: 2 | E15: MLTX-02-003-ADV-TS9-1-CVL-MST-0002-00 | F15: 01 | G15: ADV-0002 | H15: MST | I15: Method of Statement for Backfilling Works | J15: CVL | L15: 46090 | N15: 46098 | O15: =IF(L15="","",(IF(N15="",TODAY()-L15,N15-L15)+0)) & " Days " -> 8 Days | P15: C | Q15: 46104 | R15: 46107 | S15: =IF(Q15="","",(IF(R15="",TODAY()-Q15,R15-Q15)+0)) & " Days " -> 3 Days | T15: B | Z15: 1 | AE15: Approved with Comments
D16: 3 | E16: MLTX-02-003-ADV-TS9-1-CVL-MST-0003-00 | F16: 01 | G16: ADV-0003 | H16: MST | I16: Method Statement for Anti-Termite Treatment | J16: CVL | L16: 46091 | N16: 46092 | O16: =IF(L16="","",(IF(N16="",TODAY()-L16,N16-L16)+0)) & " Days " -> 1 Days | P16: C | Q16: 46105 | R16: 46130 | S16: =IF(Q16="","",(IF(R16="",TODAY()-Q16,R16-Q16)+0)) & " Days " -> 25 Days | T16: B | Z16: 1 | AE16: Approved with Comments
D17: 4 | E17: MLTX-02-003-ADV-TS9-1-CVL-MST-0004-00 | F17: 00 | G17: ADV-0004 | H17: MST | I17: Method Statement for Cast-In-Situ Concrete Works | J17: CVL | L17: 46110 | N17: 46120 | O17: =IF(L17="","",(IF(N17="",TODAY()-L17,N17-L17)+0)) & " Days " -> 10 Days | P17: B | Z17: 1 | AE17: Approved with Comments
D18: 5 | E18: MLTX-02-003-ADV-TS9-1-CVL-MST-0005-00 | F18: 00 | G18: ADV-0005 | H18: MST | I18: Method Statement for Substructure Bituminous Damp Proof Coating | J18: CVL | L18: 46125 | N18: 46130 | O18: =IF(L18="","",(IF(N18="",TODAY()-L18,N18-L18)+0)) & " Days " -> 5 Days | P18: B | Z18: 1 | AE18: Approved with Comments
D19: 6 | E19: MLTX-02-003-ADV-TS9-1-ARC-MST-0006-00 | F19: 00 | G19: ADV-0006 | H19: MST | I19: Method Statement for Masonry Block Works | J19: ARC | L19: 46132 | N19: 46138 | O19: =IF(L19="","",(IF(N19="",TODAY()-L19,N19-L19)+0)) & " Days " -> 6 Days | P19: B | Z19: 1 | AE19: Approved with Comments
D20: 7 | E20: MLTX-02-003-ADV-TS9-1-ARC-MST-0007-00 | F20: 00 | G20: ADV-0007 | H20: MST | I20: MST for CURBSTONE & INTERLOCK PAVING WORKS | J20: ARC | L20: 46132 | N20: 46138 | O20: =IF(L20="","",(IF(N20="",TODAY()-L20,N20-L20)+0)) & " Days " -> 6 Days | P20: B | Z20: 1 | AE20: Approved with Comments
D21: 8 | E21: MLTX-02-003-ADV-TS9-1-CVL-MST-0008-00 | F21: 00 | G21: ADV-0008 | H21: MST | I21: Method Statement for Asphalt Paving Works | J21: CVL | L21: 46140 | N21: 46142 | O21: =IF(L21="","",(IF(N21="",TODAY()-L21,N21-L21)+0)) & " Days " -> 2 Days | P21: B | Z21: 1 | AE21: Approved with Comments
D22: 9 | E22: MLTX-02-003-ADV-TS9-1-CVL-MST-0009-00 | F22: 01 | G22: ADV-0009 | H22: MST | I22: Method Statement for Installation of Precast Concrete Manholes | J22: CVL | L22: 46142 | N22: 46142 | O22: =IF(L22="","",(IF(N22="",TODAY()-L22,N22-L22)+0)) & " Days " -> 0 Days | P22: C | Q22: 46144 | R22: 46149 | S22: =IF(Q22="","",(IF(R22="",TODAY()-Q22,R22-Q22)+0)) & " Days " -> 5 Days | T22: B | Z22: 1 | AE22: Approved with Comments
D23: 10 | E23: MLTX-02-003-ADV-TS9-1-ELE-MST-0010-00 | F23: 01 | G23: ADV-0010 | H23: MST | I23: Installation of LV, SMDB, DB's Switchgear | J23: ELE | L23: 46144 | N23: 46145 | O23: =IF(L23="","",(IF(N23="",TODAY()-L23,N23-L23)+0)) & " Days " -> 1 Days | P23: C | Q23: 46153 | R23: 46159 | S23: =IF(Q23="","",(IF(R23="",TODAY()-Q23,R23-Q23)+0)) & " Days " -> 6 Days | T23: B | Z23: 1 | AE23: Approved with Comments
D24: 11 | E24: MLTX-02-003-ADV-TS9-1-ELE-MST-0011-00 | F24: 01 | G24: ADV-0011 | H24: MST | I24: Installation of Earthing and Lightning Protection System | J24: ELE | L24: 46144 | N24: 46145 | O24: =IF(L24="","",(IF(N24="",TODAY()-L24,N24-L24)+0)) & " Days " -> 1 Days | P24: C | Q24: 46176 | R24: 46183 | S24: =IF(Q24="","",(IF(R24="",TODAY()-Q24,R24-Q24)+0)) & " Days " -> 7 Days | T24: B | Z24: 1 | AE24: Approved with Comments
D25: 12 | E25: MLTX-02-003-ADV-TS9-1-MEC-MST-0012-00 | F25: 00 | G25: ADV-0012 | H25: MST | I25: Installation of Drainage Piping Network | J25: MEC | L25: 46154 | N25: 46161 | O25: =IF(L25="","",(IF(N25="",TODAY()-L25,N25-L25)+0)) & " Days " -> 7 Days | P25: B | Z25: 1 | AE25: Approved with Comments
D26: 13 | E26: MLTX-02-003-ADV-TS9-1-CVL-MST-0013-00 | F26: 00 | G26: ADV-0013 | H26: MST | I26: Method Statement for Installation of Autoclaved Aerated Panels | J26: CVL | L26: 46161 | N26: 46174 | O26: =IF(L26="","",(IF(N26="",TODAY()-L26,N26-L26)+0)) & " Days " -> 13 Days | P26: B | Z26: 1 | AE26: Approved with Comments
D27: 14 | E27: MLTX-02-003-ADV-TS9-1-MEC-MST-0014-00 | F27: 00 | G27: ADV-0014 | H27: MST | I27: Installation of Water Supply Piping Network | J27: MEC | L27: 46175 | N27: 46179 | O27: =IF(L27="","",(IF(N27="",TODAY()-L27,N27-L27)+0)) & " Days " -> 4 Days | P27: B | Z27: 1 | AE27: Approved with Comments
D28: 15 | E28: MLTX-02-003-ADV-TS9-1-ELE-MST-0015-00 | F28: 00 | G28: ADV-0015 | H28: MST | I28: Installation of PVC conduits & Accessories | J28: ELE | L28: 46175 | N28: 46181 | O28: =IF(L28="","",(IF(N28="",TODAY()-L28,N28-L28)+0)) & " Days " -> 6 Days | P28: B | Z28: 1 | AE28: Approved with Comments
D29: 16 | E29: MLTX-02-003-ADV-TS9-1-ARC-MST-0016-00 | F29: 00 | G29: ADV-0016 | H29: MST | I29: Method Statement for Epoxy Paint for walls & floors | J29: ARC | L29: 46184 | N29: 46186 | O29: =IF(L29="","",(IF(N29="",TODAY()-L29,N29-L29)+0)) & " Days " -> 2 Days | P29: B | Z29: 1 | AE29: Approved with Comments
D30: 17 | E30: MLTX-02-003-ADV-TS9-1-CVL-MST-0017-00 | F30: 00 | G30: ADV-0017 | H30: MST | I30: Method Statement for Installation of Steel chain link fence & Gates | J30: CVL | L30: 46189 | N30: 46197 | O30: =IF(L30="","",(IF(N30="",TODAY()-L30,N30-L30)+0)) & " Days " -> 8 Days | P30: B | Z30: 1 | AE30: Approved with Comments
D31: 18 | E31: MLTX-02-003-ADV-TS9-1-CVL-MST-0018-00 | F31: 00 | G31: ADV-0018 | H31: MST | I31: Method Statement for Installation of Water Proofing Membrane | J31: CVL | L31: 46194 | N31: 46206 | O31: =IF(L31="","",(IF(N31="",TODAY()-L31,N31-L31)+0)) & " Days " -> 12 Days | P31: B | Z31: 1 | AE31: Approved with Comments
D32: 19 | E32: MLTX-02-003-ADV-TS9-1-CVL-MST-0019-00 | F32: 01 | G32: ADV-0019 | H32: MST | I32: Method Statement for Installation of woven & non-woven Geotextile | J32: CVL | L32: 46212 | N32: 46221 | O32: =IF(L32="","",(IF(N32="",TODAY()-L32,N32-L32)+0)) & " Days " -> 9 Days | P32: C | Q32: 46224 | R32: 46225 | S32: =IF(Q32="","",(IF(R32="",TODAY()-Q32,R32-Q32)+0)) & " Days " -> 1 Days | T32: B | Z32: 1 | AE32: Approved with Comments
D33: 20 | E33: MLTX-02-003-ADV-TS9-1-CVL-MST-0020-00 | F33: 00 | G33: ADV-0020 | H33: MST | I33: Method Statement for Plaster Work | J33: CVL | L33: 46233 | N33: 46237 | O33: =IF(L33="","",(IF(N33="",TODAY()-L33,N33-L33)+0)) & " Days " -> 4 Days | P33: B | Z33: 1 | AE33: Approved with Comments
D34: 21 | E34: MLTX-02-003-ADV-TS9-1-ARC-MST-0021-00 | F34: 00 | G34: ADV-0021 | H34: MST | I34: Method Statement for Installation of Gypsum Board Ceiling | J34: ARC | L34: 46270 | N34: 46277 | O34: =IF(L34="","",(IF(N34="",TODAY()-L34,N34-L34)+0)) & " Days " -> 7 Days | P34: B | Z34: 1 | AE34: Approved with Comments
D35: 22 | E35: MLTX-02-003-ADV-TS9-1-ARC-MST-0022-00 | F35: 00 | G35: ADV-0022 | H35: MST | I35: Method Statement for: Method Statement for Installation of Rubber Tartan Tiles | J35: ARC | L35: 46270 | N35: 46277 | O35: =IF(L35="","",(IF(N35="",TODAY()-L35,N35-L35)+0)) & " Days " -> 7 Days | P35: C | Q35: 46280 | S35: =IF(Q35="","",(IF(R35="",TODAY()-Q35,R35-Q35)+0)) & " Days " -> 26 Days | T35: B | Z35: 1 | AE35: Approved with Comments

Sheet Doc. Submittals  (Tech & Gen)
AI3: Approved = A | AK3: =SUM(AK14:AK829) -> 12
G4: P030 - (MLTX-02-003) - Playgrounds Initiative at (Qassim Oasis , Hail and Tabuk Industrial City) | AI4: Approved with Comments = B | AK4: =SUM(AL14:AL829) -> 136
AI5: Revise & Resubmit = C | AK5: =SUM(AM14:AM829) -> 13
G6: Technical Documents Submittals (DS) - Submissions & Approvals | AI6: Under PMC Review / For Info. / Rejected / Cancelled / Recalled = D | AK6: =SUM(AN14:AN829) -> 0
AI7: Under Review = UR | AK7: =SUM(AO14:AO829) -> 10
AI8: Delayed with ADV | AK8: =COUNTIF(M14:M20,"Delayed") -> 0
AI9: Delayed with Egis | AK9: =SUM(AP14:AP829) -> 12
AI10: Total Number of Submittals | AK10: =SUM(AK3:AK9) -> 183
L12: 1st Submittal - Rev-00 | Q12: 2nd Submittal - Rev-01 | U12: 3rd Submittal - Rev-02 | Y12: 4th Submittal - Rev-03 | AC12: 5th Submittal - Rev-04 | AG12: 6th Submittal - Rev-05 | AK12: =TODAY() -> 46306
B13: Transmittle # | C13: Location Area / Floor | D13: SI No. | E13: Transmittal Number | F13: Latest Rev.# | G13: ADV Reference Number | H13: Doc Type | I13: Description | J13: Discipline | K13: Planned Submission Date | L13: Actual Submission Date | M13: Delayed | N13: Date of Return Egis | O13: Duration with Egis | P13: Code | Q13: Actual Submission Date | R13: Date of Return Egis | S13: Duration with Egis | T13: Code | U13: Actual Submission Date | V13: Date of Return Egis | W13: Duration with Egis | X13: Code | Y13: Actual Submission Date | Z13: Date of Return Egis | AA13: Duration with Egis | AB13: Code | AC13: Actual Submission Date | AD13: Date of Return Egis | AE13: Duration with Egis | AF13: Code | AG13: Actual Submission Date | AH13: Date of Return Egis | AI13: Duration with Egis | AJ13: Code | AK13: A | AL13: B | AM13: C | AN13: D | AO13: UR | AP13: Delayed with Egis | AQ13: Remarks
D14: 1 | E14: MLTX-02-003-ADV-TS9-1-PRM-PLN-0001-00 | F14: 01 | G14: ADV-001 | H14: PRM | I14: Baseline Program Schedule – Qassim, Hail & Tabuk | J14: PLN | L14: 46081 | N14: 46085 | O14: =IF(L14="","",(IF(N14="",TODAY()-L14,N14-L14)+0)) & " Days " -> 4 Days | P14: C | Q14: 46085 | R14: 46086 | S14: =IF(Q14="","",(IF(R14="",TODAY()-Q14,R14-Q14)+0)) & " Days " -> 1 Days | T14: A | AK14: 1 | AQ14: Approved
D15: 2 | E15: MLTX-02-003-ADV-TS9-1-PRM-PQP-0002-00 | F15: 02 | G15: ADV-002 | H15: PRM | I15: Project Quality Plan – Qassim, Hail & Tabuk | J15: PQP | L15: 46093 | N15: 46093 | O15: =IF(L15="","",(IF(N15="",TODAY()-L15,N15-L15)+0)) & " Days " -> 0 Days | P15: C | Q15: 46121 | R15: 46126 | S15: =IF(Q15="","",(IF(R15="",TODAY()-Q15,R15-Q15)+0)) & " Days " -> 5 Days | T15: C | U15: 46165 | V15: 46180 | W15: =IF(U15="","",(IF(V15="",TODAY()-U15,V15-U15)+0)) & " Days " -> 15 Days | X15: B | AL15: 1 | AQ15: Approved with Comments
D16: 3 | E16: MLTX-02-003-ADV-TS9-1-PRM-ORG-0003-00 | F16: 00 | G16: ADV-003 | H16: PRM | I16: Organization Chart – Hail, Qassim & Tabuk | J16: ORG | L16: 46104 | N16: 46107 | O16: =IF(L16="","",(IF(N16="",TODAY()-L16,N16-L16)+0)) & " Days " -> 3 Days | P16: B | AL16: 1 | AQ16: Approved with Comments
D17: 4 | E17: MLTX-02-003-ADV-TS9-1-PRM-CUV-0004-00 | F17: 01 | G17: ADV-004 | H17: PRM | I17: Curriculum vitae (CV) - Abdelelaah Saad Alashry - QA/QC Manager | J17: CUV | L17: 46109 | N17: 46110 | O17: =IF(L17="","",(IF(N17="",TODAY()-L17,N17-L17)+0)) & " Days " -> 1 Days | P17: C | Q17: 46111 | R17: 46113 | S17: =IF(Q17="","",(IF(R17="",TODAY()-Q17,R17-Q17)+0)) & " Days " -> 2 Days | T17: C | AM17: 1 | AQ17: Revise & Resubmit
D18: 5 | E18: MLTX-02-003-ADV-TS9-1-PRM-CUV-0005-00 | F18: 01 | G18: ADV-005 | H18: PRM | I18: Curriculum vitae (CV) - Aatif Hussain - HSE Engineer | J18: CUV | L18: 46110 | N18: 46125 | O18: =IF(L18="","",(IF(N18="",TODAY()-L18,N18-L18)+0)) & " Days " -> 15 Days | P18: B | Q18: 46214 | S18: =IF(Q18="","",(IF(R18="",TODAY()-Q18,R18-Q18)+0)) & " Days " -> 92 Days | T18: UR | AP18: 1 | AQ18: Delayed with Egis
D19: 6 | E19: MLTX-02-003-ADV-TS9-1-PRM-CUV-0006-00 | F19: 01 | G19: ADV-006 | H19: PRM | I19: Curriculum vitae (CV) - Jaafar Gharaibeh - Civil Senior Engineer | J19: CUV | L19: 46111 | N19: 46112 | O19: =IF(L19="","",(IF(N19="",TODAY()-L19,N19-L19)+0)) & " Days " -> 1 Days | P19: C | Q19: 46114 | R19: 46116 | S19: =IF(Q19="","",(IF(R19="",TODAY()-Q19,R19-Q19)+0)) & " Days " -> 2 Days | T19: B | AL19: 1 | AQ19: Approved with Comments
D20: 7 | E20: MLTX-02-003-ADV-TS9-1-PRM-CUV-0007-00 | F20: 01 | G20: ADV-007 | H20: PRM | I20: Curriculum vitae (CV) - NAVEED UR REHMAN - Planning Engineer | J20: CUV | L20: 46111 | N20: 46112 | O20: =IF(L20="","",(IF(N20="",TODAY()-L20,N20-L20)+0)) & " Days " -> 1 Days | P20: C | Q20: 46113 | R20: 46120 | S20: =IF(Q20="","",(IF(R20="",TODAY()-Q20,R20-Q20)+0)) & " Days " -> 7 Days | T20: B | AL20: 1 | AQ20: Approved with Comments
D21: 8 | E21: MLTX-02-003-ADV-TS9-1-PRM-CUV-0008-00 | F21: 01 | G21: ADV-008 | H21: PRM | I21: Curriculum vitae (CV) – Abdelsalam Ali Mohamed Ahmed – Agricultural Engineer | J21: CUV | L21: 46111 | N21: 46112 | O21: =IF(L21="","",(IF(N21="",TODAY()-L21,N21-L21)+0)) & " Days " -> 1 Days | P21: C | Q21: 46116 | R21: 46116 | S21: =IF(Q21="","",(IF(R21="",TODAY()-Q21,R21-Q21)+0)) & " Days " -> 0 Days | T21: B | AL21: 1 | AQ21: Approved with Comments
D22: 9 | E22: MLTX-02-003-ADV-TS9-1-PRM-CUV-0009-00 | F22: 00 | G22: ADV-009 | H22: PRM | I22: Curriculum vitae (CV) – Hany Faris - Senior Electrical Engineer | J22: CUV | L22: 46111 | N22: 46113 | O22: =IF(L22="","",(IF(N22="",TODAY()-L22,N22-L22)+0)) & " Days " -> 2 Days | P22: B | AL22: 1 | AQ22: Approved with Comments
D23: 10 | E23: MLTX-02-003-ADV-TS9-1-PRM-CUV-0010-00 | F23: 01 | G23: ADV-010 | H23: PRM | I23: Curriculum vitae (CV) – Mohammad Saleem Ansari - Senior Mechanical Engineer (MEP) | J23: CUV | L23: 46111 | N23: 46111 | O23: =IF(L23="","",(IF(N23="",TODAY()-L23,N23-L23)+0)) & " Days " -> 0 Days | P23: C | Q23: 46114 | R23: 46120 | S23: =IF(Q23="","",(IF(R23="",TODAY()-Q23,R23-Q23)+0)) & " Days " -> 6 Days | T23: B | AL23: 1 | AQ23: Approved with Comments
D24: 11 | E24: MLTX-02-003-ADV-TS9-1-PRM-RPT-0011-00 | F24: 00 | G24: ADV-011 | H24: PRM | I24: GEOTECHNICAL INVESTIGATION REPORT FOR QASSIM INDUSTRIAL PROJECT (Order No.078) QASSIM, KINGDOM OF SAUDI ARABIA - Applus Arabia for Testing and Physical Analysis LTD. - QASSIM | J24: RPT | L24: 46112 | AL24: 1 | AQ24: For Information
D25: 12 | E25: MLTX-02-003-ADV-TS9-1-PRM-RPT-0012-00 | F25: 00 | G25: ADV-012 | H25: PRM | I25: GEOTECHNICAL INVESTIGATION REPORT FOR THE PROPOSED STADIUMS INITIATIVE AT TABUK Industrial City District, Tabuk, The Kingdom of Saudi Arabia - Applus Arabia for Testing and Physical Analysis. - TABUK | J25: RPT | L25: 46112 | AL25: 1 | AQ25: For Information
D26: 13 | E26: MLTX-02-003-ADV-TS9-1-PRM-RPT-0013-00 | F26: 00 | G26: ADV-013 | H26: PRM | I26: GEOTECHNICAL INVESTIGATION REPORT FOR THE PROPOSED PLAYGROUNDS INITIAIVE-HAIL INDUSTRIAL PROJECT (WORK ODER NO:074) MODON OASIS, HAIL, K.S.A - Appl us Arabia for Testing and Physical Analysis LTD - HAIL | J26: RPT | L26: 46112 | AL26: 1 | AQ26: For Information
D27: 14 | E27: MLTX-02-003-ADV-TS9-1-PRM-CUV-0014-00 | F27: 00 | G27: ADV-014 | H27: PRM | I27: Curriculum vitae (CV) – Ahmed Mohammed Emeish – Project Manager | J27: CUV | L27: 46114 | N27: 46117 | O27: =IF(L27="","",(IF(N27="",TODAY()-L27,N27-L27)+0)) & " Days " -> 3 Days | P27: B | AL27: 1 | AQ27: Approved with Comments
D28: 15 | E28: MLTX-02-003-ADV-TS9-1-PRM-CUV-0015-00 | F28: 00 | G28: ADV-015 | H28: PRM | I28: Curriculum vitae (CV) – Bilal Nabil Loutfi - Senior Land Surveyor Engineer | J28: CUV | L28: 46114 | N28: 46120 | O28: =IF(L28="","",(IF(N28="",TODAY()-L28,N28-L28)+0)) & " Days " -> 6 Days | P28: B | AL28: 1 | AQ28: Approved with Comments
D29: 16 | E29: MLTX-02-003-ADV-TS9-1-HSE-PLN-0016-00 | F29: 01 | G29: ADV-016 | H29: HSE | I29: Health & Safety Plan - Hail | J29: PLN | L29: 46116 | N29: 46131 | O29: =IF(L29="","",(IF(N29="",TODAY()-L29,N29-L29)+0)) & " Days " -> 15 Days | P29: A | Q29: 46141 | R29: 46176 | S29: =IF(Q29="","",(IF(R29="",TODAY()-Q29,R29-Q29)+0)) & " Days " -> 35 Days | T29: A | AK29: 1 | AQ29: Approved
D30: 17 | E30: MLTX-02-003-ADV-TS9-1-HSE-PLN-0017-00 | F30: 00 | G30: ADV-017 | H30: HSE | I30: Health & Safety Plan - Tabuk | J30: PLN | L30: 46116 | N30: 46118 | O30: =IF(L30="","",(IF(N30="",TODAY()-L30,N30-L30)+0)) & " Days " -> 2 Days | P30: B | AL30: 1 | AQ30: Approved with Comments
D31: 18 | E31: MLTX-02-003-ADV-TS9-1-HSE-PLN-0018-00 | F31: 01 | G31: ADV-018 | H31: HSE | I31: Health & Safety Plan - Qassim | J31: PLN | L31: 46116 | N31: 46133 | O31: =IF(L31="","",(IF(N31="",TODAY()-L31,N31-L31)+0)) & " Days " -> 17 Days | P31: C | Q31: 46141 | R31: 46153 | S31: =IF(Q31="","",(IF(R31="",TODAY()-Q31,R31-Q31)+0)) & " Days " -> 12 Days | T31: C | AM31: 1 | AQ31: Revise & Resubmit
D32: 19 | E32: MLTX-02-003-ADV-TS9-1-HSE-PLN-0019-00 | F32: 01 | G32: ADV-019 | H32: HSE | I32: ENVIRONMENTAL MANAGEMENT PLAN - Hail | J32: PLN | L32: 46116 | N32: 46127 | O32: =IF(L32="","",(IF(N32="",TODAY()-L32,N32-L32)+0)) & " Days " -> 11 Days | P32: A | Q32: 46154 | R32: 46177 | S32: =IF(Q32="","",(IF(R32="",TODAY()-Q32,R32-Q32)+0)) & " Days " -> 23 Days | T32: A | AK32: 1 | AQ32: Approved
D33: 20 | E33: MLTX-02-003-ADV-TS9-1-HSE-PLN-0020-00 | F33: 00 | G33: ADV-020 | H33: HSE | I33: ENVIRONMENTAL MANAGEMENT PLAN - Qassim | J33: PLN | L33: 46116 | N33: 46131 | O33: =IF(L33="","",(IF(N33="",TODAY()-L33,N33-L33)+0)) & " Days " -> 15 Days | P33: C | AM33: 1 | AQ33: Revise & Resubmit
D34: 21 | E34: MLTX-02-003-ADV-TS9-1-HSE-PLN-0021-00 | F34: 00 | G34: ADV-021 | H34: HSE | I34: ENVIRONMENTAL MANAGEMENT PLAN - Tabuk | J34: PLN | L34: 46116 | N34: 46118 | O34: =IF(L34="","",(IF(N34="",TODAY()-L34,N34-L34)+0)) & " Days " -> 2 Days | P34: B | AL34: 1 | AQ34: Approved with Comments
D35: 22 | E35: MLTX-02-003-ADV-TS9-1-HSE-PLN-0022-00 | F35: 01 | G35: ADV-022 | H35: HSE | I35: WASTE MANAGEMENT PLAN - Hail | J35: PLN | L35: 46116 | N35: 46127 | O35: =IF(L35="","",(IF(N35="",TODAY()-L35,N35-L35)+0)) & " Days " -> 11 Days | P35: B | Q35: 46207 | R35: 46253 | S35: =IF(Q35="","",(IF(R35="",TODAY()-Q35,R35-Q35)+0)) & " Days " -> 46 Days | T35: A | AK35: 1 | AQ35: Approved
D36: 23 | E36: MLTX-02-003-ADV-TS9-1-HSE-PLN-0023-00 | F36: 00 | G36: ADV-023 | H36: HSE | I36: WASTE MANAGEMENT PLAN - Qassim | J36: PLN | L36: 46116 | N36: 46131 | O36: =IF(L36="","",(IF(N36="",TODAY()-L36,N36-L36)+0)) & " Days " -> 15 Days | P36: B | AL36: 1 | AQ36: Approved with Comments
D37: 24 | E37: MLTX-02-003-ADV-TS9-1-HSE-PLN-0024-00 | F37: 00 | G37: ADV-024 | H37: HSE | I37: WASTE MANAGEMENT PLAN - Tabuk | J37: PLN | L37: 46116 | N37: 46118 | O37: =IF(L37="","",(IF(N37="",TODAY()-L37,N37-L37)+0)) & " Days " -> 2 Days | P37: B | AL37: 1 | AQ37: Approved with Comments
D38: 25 | E38: MLTX-02-003-ADV-TS9-1-HSE-PLN-0025-00 | F38: 01 | G38: ADV-025 | H38: HSE | I38: EMERGENCY PREPARDNESS & RESPONSE PLAN - Hail | J38: PLN | L38: 46117 | N38: 46127 | O38: =IF(L38="","",(IF(N38="",TODAY()-L38,N38-L38)+0)) & " Days " -> 10 Days | P38: B | Q38: 46207 | R38: 46253 | S38: =IF(Q38="","",(IF(R38="",TODAY()-Q38,R38-Q38)+0)) & " Days " -> 46 Days | T38: A | AK38: 1 | AQ38: Approved
D39: 26 | E39: MLTX-02-003-ADV-TS9-1-HSE-PLN-0026-00 | F39: 00 | G39: ADV-026 | H39: HSE | I39: EMERGENCY PREPARDNESS & RESPONSE PLAN – Qassim | J39: PLN | L39: 46117 | N39: 46131 | O39: =IF(L39="","",(IF(N39="",TODAY()-L39,N39-L39)+0)) & " Days " -> 14 Days | P39: B | AL39: 1 | AQ39: Approved with Comments
D40: 27 | E40: MLTX-02-003-ADV-TS9-1-HSE-PLN-0027-00 | F40: 00 | G40: ADV-027 | H40: HSE | I40: SITE SECURITY MANAGEMENT PLAN - Hail | J40: PLN | L40: 46117 | N40: 46134 | O40: =IF(L40="","",(IF(N40="",TODAY()-L40,N40-L40)+0)) & " Days " -> 17 Days | P40: B | AL40: 1 | AQ40: Approved with Comments
D41: 28 | E41: MLTX-02-003-ADV-TS9-1-HSE-PLN-0028-00 | F41: 00 | G41: ADV-028 | H41: HSE | I41: SITE SECURITY MANAGEMENT PLAN - Qassim | J41: PLN | L41: 46117 | N41: 46146 | O41: =IF(L41="","",(IF(N41="",TODAY()-L41,N41-L41)+0)) & " Days " -> 29 Days | P41: B | AL41: 1 | AQ41: Approved with Comments
D42: 29 | E42: MLTX-02-003-ADV-TS9-1-HSE-PLN-0029-00 | F42: 00 | G42: ADV-029 | H42: HSE | I42: SITE SECURITY MANAGEMENT PLAN - Tabuk | J42: PLN | L42: 46117 | N42: 46118 | O42: =IF(L42="","",(IF(N42="",TODAY()-L42,N42-L42)+0)) & " Days " -> 1 Days | P42: B | AL42: 1 | AQ42: Approved with Comments
D43: 30 | E43: MLTX-02-003-ADV-TS9-1-HSE-PRO-0030-00 | F43: 00 | G43: ADV-030 | H43: HSE | I43: PERMIT TO WORK PROCEDURE - Hail | J43: PRO | L43: 46117 | N43: 46127 | O43: =IF(L43="","",(IF(N43="",TODAY()-L43,N43-L43)+0)) & " Days " -> 10 Days | P43: B | AL43: 1 | AQ43: Approved with Comments
D44: 31 | E44: MLTX-02-003-ADV-TS9-1-HSE-PRO-0031-00 | F44: 00 | G44: ADV-031 | H44: HSE | I44: PERMIT TO WORK PROCEDURE - Qassim | J44: PRO | L44: 46117 | N44: 46124 | O44: =IF(L44="","",(IF(N44="",TODAY()-L44,N44-L44)+0)) & " Days " -> 7 Days | P44: B | AL44: 1 | AQ44: Approved with Comments
D45: 32 | E45: MLTX-02-003-ADV-TS9-1-HSE-PRO-0032-00 | F45: 00 | G45: ADV-032 | H45: HSE | I45: PERMIT TO WORK PROCEDURE - Tabuk | J45: PRO | L45: 46117 | N45: 46118 | O45: =IF(L45="","",(IF(N45="",TODAY()-L45,N45-L45)+0)) & " Days " -> 1 Days | P45: B | AL45: 1 | AQ45: Approved with Comments
D46: 33 | E46: MLTX-02-003-ADV-TS9-1-HSE-REG-0033-00 | F46: 00 | G46: ADV-033 | H46: HSE | I46: HSE PROJECT RISK REGISTER - Hail | J46: REG | L46: 46117 | N46: 46125 | O46: =IF(L46="","",(IF(N46="",TODAY()-L46,N46-L46)+0)) & " Days " -> 8 Days | P46: A | AK46: 1 | AQ46: Approved
D47: 34 | E47: MLTX-02-003-ADV-TS9-1-HSE-REG-0034-00 | F47: 01 | G47: ADV-034 | H47: HSE | I47: HSE PROJECT RISK REGISTER - Qassim | J47: REG | L47: 46117 | N47: 46124 | O47: =IF(L47="","",(IF(N47="",TODAY()-L47,N47-L47)+0)) & " Days " -> 7 Days | P47: C | Q47: 46127 | R47: 46133 | S47: =IF(Q47="","",(IF(R47="",TODAY()-Q47,R47-Q47)+0)) & " Days " -> 6 Days | T47: B | AL47: 1 | AQ47: Approved with Comments
D48: 35 | E48: MLTX-02-003-ADV-TS9-1-HSE-REG-0035-00 | F48: 00 | G48: ADV-035 | H48: HSE | I48: HSE PROJECT RISK REGISTER - Tabuk | J48: REG | L48: 46117 | N48: 46118 | O48: =IF(L48="","",(IF(N48="",TODAY()-L48,N48-L48)+0)) & " Days " -> 1 Days | P48: B | AL48: 1 | AQ48: Approved with Comments
D49: 36 | E49: MLTX-02-003-ADV-TS9-1-HSE-TRN-0036-00 | F49: 00 | G49: ADV-036 | H49: HSE | I49: Occupational Health and Safety Training Matrix (Internal) - Hail | J49: TRN | L49: 46117 | N49: 46125 | O49: =IF(L49="","",(IF(N49="",TODAY()-L49,N49-L49)+0)) & " Days " -> 8 Days | P49: B | AL49: 1 | AQ49: Approved with Comments
D50: 37 | E50: MLTX-02-003-ADV-TS9-1-HSE-TRN-0037-00 | F50: 00 | G50: ADV-037 | H50: HSE | I50: Occupational Health and Safety Training Matrix (Internal) - Qassim | J50: TRN | L50: 46117 | N50: 46124 | O50: =IF(L50="","",(IF(N50="",TODAY()-L50,N50-L50)+0)) & " Days " -> 7 Days | P50: C | AM50: 1 | AQ50: Revise & Resubmit
D51: 38 | E51: MLTX-02-003-ADV-TS9-1-HSE-TRN-0038-00 | F51: 00 | G51: ADV-038 | H51: HSE | I51: Occupational Health and Safety Training Matrix (Internal) - Tabuk | J51: TRN | L51: 46117 | N51: 46118 | O51: =IF(L51="","",(IF(N51="",TODAY()-L51,N51-L51)+0)) & " Days " -> 1 Days | P51: B | AL51: 1 | AQ51: Approved with Comments
D52: 39 | E52: MLTX-02-003-ADV-TS9-1-PRM-CUV-0039-00 | F52: 00 | G52: ADV-039 | H52: PRM | I52: Curriculum vitae (CV) – Mohammad Ghazan Farali – HSE Officer | J52: CUV | L52: 46118 | N52: 46135 | O52: =IF(L52="","",(IF(N52="",TODAY()-L52,N52-L52)+0)) & " Days " -> 17 Days | P52: B | AL52: 1 | AQ52: Approved with Comments
D53: 40 | E53: MLTX-02-003-ADV-TS9-1-PRM-WPR-0040-00 | F53: 00 | G53: ADV-040 | H53: PRM | I53: Weekly Progress Report (WPR) – Qassim, Hail & Tabuk (Report No. # 01) | J53: WPR | L53: 46118 | N53: 46191 | O53: =IF(L53="","",(IF(N53="",TODAY()-L53,N53-L53)+0)) & " Days " -> 73 Days | P53: B | AL53: 1 | AQ53: Approved with Comments
D54: 41 | E54: MLTX-02-003-ADV-TS9-1-GEN-LST-0041-00 | F54: 00 | G54: ADV-041 | H54: GEN | I54: Material List – Qassim, Hail & Tabuk | J54: LST | L54: 46119 | N54: 46126 | O54: =IF(L54="","",(IF(N54="",TODAY()-L54,N54-L54)+0)) & " Days " -> 7 Days | P54: B | AL54: 1 | AQ54: Approved with Comments
D55: 42 | E55: MLTX-02-003-ADV-TS9-1-HSE-PLN-0042-00 | F55: 00 | G55: ADV-042 | H55: HSE | I55: EMERGENCY PREPARDNESS & RESPONSE PLAN – Tabuk | J55: PLN | L55: 46120 | N55: 46124 | O55: =IF(L55="","",(IF(N55="",TODAY()-L55,N55-L55)+0)) & " Days " -> 4 Days | P55: B | AL55: 1 | AQ55: Approved with Comments
D56: 43 | E56: MLTX-02-003-ADV-TS9-1-PRM-WPR-0043-00 | F56: 00 | G56: ADV-043 | H56: PRM | I56: Weekly Progress Report (WPR) – Qassim, Hail & Tabuk (Report No. # 02) | J56: WPR | L56: 46125 | N56: 46127 | O56: =IF(L56="","",(IF(N56="",TODAY()-L56,N56-L56)+0)) & " Days " -> 2 Days | P56: B | AL56: 1 | AQ56: Approved with Comments
D57: 44 | E57: MLTX-02-003-ADV-TS9-1-PRM-CUV-0044-00 | F57: 00 | G57: ADV-044 | H57: PRM | I57: Curriculum vitae (CV) – CRISTITO AQUINO PULIDO - Senior Quantity Surveyor | J57: CUV | L57: 46126 | N57: 46137 | O57: =IF(L57="","",(IF(N57="",TODAY()-L57,N57-L57)+0)) & " Days " -> 11 Days | P57: B | AL57: 1 | AQ57: Approved with Comments
D58: 45 | E58: MLTX-02-003-ADV-TS9-1-HSE-PLN-0045-00 | F58: 01 | G58: ADV-045 | H58: HSE | I58: TRAFFIC MANAGEMENT PLAN – HAIL | J58: PLN | L58: 46131 | N58: 46141 | O58: =IF(L58="","",(IF(N58="",TODAY()-L58,N58-L58)+0)) & " Days " -> 10 Days | P58: C | Q58: 46159 | R58: 46190 | S58: =IF(Q58="","",(IF(R58="",TODAY()-Q58,R58-Q58)+0)) & " Days " -> 31 Days | T58: A | AK58: 1 | AQ58: Approved
D59: 46 | E59: MLTX-02-003-ADV-TS9-1-PRM-CUV-0046-00 | F59: 00 | G59: ADV-046 | H59: PRM | I59: Curriculum vitae (CV) – Ahmed EID – Electrical Engineer | J59: CUV | L59: 46132 | N59: 46133 | O59: =IF(L59="","",(IF(N59="",TODAY()-L59,N59-L59)+0)) & " Days " -> 1 Days | P59: B | AL59: 1 | AQ59: Approved with Comments
D60: 47 | E60: MLTX-02-003-ADV-TS9-1-PRM-CUV-0047-00 | F60: 00 | G60: ADV-047 | H60: PRM | I60: Curriculum vitae (CV) – Mohamed Elsayed Abdelkader – Mechanical Engineer | J60: CUV | L60: 46132 | N60: 46140 | O60: =IF(L60="","",(IF(N60="",TODAY()-L60,N60-L60)+0)) & " Days " -> 8 Days | P60: B | AL60: 1 | AQ60: Approved with Comments
D61: 48 | E61: MLTX-02-003-ADV-TS9-1-PRM-WPR-0048-00 | F61: 00 | G61: ADV-048 | H61: PRM | I61: Weekly Progress Report (WPR) – Qassim, Hail & Tabuk (Report No. # 03) | J61: WPR | L61: 46132 | N61: 46191 | O61: =IF(L61="","",(IF(N61="",TODAY()-L61,N61-L61)+0)) & " Days " -> 59 Days | P61: B | AL61: 1 | AQ61: Approved with Comments
D62: 49 | E62: MLTX-02-003-ADV-TS9-1-PRM-CUV-0049-00 | F62: 00 | G62: ADV-049 | H62: PRM | I62: Curriculum vitae (CV) – Yazan Jawad AL Saleh – Civil Engineer | J62: CUV | L62: 46145 | N62: 46145 | O62: =IF(L62="","",(IF(N62="",TODAY()-L62,N62-L62)+0)) & " Days " -> 0 Days | P62: B | AL62: 1 | AQ62: Approved with Comments
D63: 50 | E63: MLTX-02-003-ADV-TS9-1-PRM-CUV-0050-00 | F63: 01 | G63: ADV-050 | H63: PRM | I63: Curriculum vitae (CV) – Abdullah Saleh Alshammeri – QA-QC Engineer | J63: CUV | L63: 46135 | N63: 46140 | O63: =IF(L63="","",(IF(N63="",TODAY()-L63,N63-L63)+0)) & " Days " -> 5 Days | P63: C | Q63: 46161 | R63: 46161 | S63: =IF(Q63="","",(IF(R63="",TODAY()-Q63,R63-Q63)+0)) & " Days " -> 0 Days | T63: B | AL63: 1 | AQ63: Approved with Comments
D64: 51 | E64: MLTX-02-003-ADV-TS9-1-PRM-CUV-0051-00 | F64: 00 | G64: ADV-051 | H64: PRM | I64: Curriculum vitae (CV) – Majid Ouidah - Sr. Civil Engineer | J64: CUV | L64: 46135 | N64: 46148 | O64: =IF(L64="","",(IF(N64="",TODAY()-L64,N64-L64)+0)) & " Days " -> 13 Days | P64: B | AL64: 1 | AQ64: Approved with Comments
D65: 52 | E65: MLTX-02-003-ADV-TS9-1-PRM-CUV-0052-00 | F65: 00 | G65: ADV-052 | H65: PRM | I65: Curriculum vitae (CV) – Ahmed Refaat – Technical Manager | J65: CUV | L65: 46137 | N65: 46138 | O65: =IF(L65="","",(IF(N65="",TODAY()-L65,N65-L65)+0)) & " Days " -> 1 Days | P65: B | AL65: 1 | AQ65: Approved with Comments
D66: 53 | E66: MLTX-02-003-ADV-TS9-1-PRM-CUV-0053-00 | F66: 00 | G66: ADV-053 | H66: PRM | I66: Curriculum vitae (CV) – MEHRAN AKHTAR – HSE Officer | J66: CUV | L66: 46139 | N66: 46152 | O66: =IF(L66="","",(IF(N66="",TODAY()-L66,N66-L66)+0)) & " Days " -> 13 Days | P66: C | AM66: 1 | AQ66: Revise & Resubmit
D67: 54 | E67: MLTX-02-003-ADV-TS9-1-PRM-WPR-0054-00 | F67: 00 | G67: ADV-054 | H67: PRM | I67: Weekly Progress Report (WPR) – Qassim, Hail & Tabuk (Report No. # 04) | J67: WPR | L67: 46139 | N67: 46191 | O67: =IF(L67="","",(IF(N67="",TODAY()-L67,N67-L67)+0)) & " Days " -> 52 Days | P67: B | AL67: 1 | AQ67: Approved with Comments
D68: 55 | E68: MLTX-02-003-ADV-TS9-1-GET-REP-0055-00 | F68: 00 | G68: ADV-055 | H68: GET | I68: GEO - Technical Report for Bore holes - Tabuk Project From: Mohamed Omar Consulting Engineers Co Laboratory | J68: REP | L68: 46141 | N68: 46188 | O68: =IF(L68="","",(IF(N68="",TODAY()-L68,N68-L68)+0)) & " Days " -> 47 Days | P68: B | AL68: 1 | AQ68: Approved with Comments
D69: 56 | E69: MLTX-02-003-ADV-TS9-1-GET-REP-0056-00 | F69: 01 | G69: ADV-056 | H69: GET | I69: GEO-Technical Report for Bore holes of Hail Project From: Mohamed Omar Jazzar Consulting Engineers Co Laboratory | J69: REP | L69: 46145 | N69: 46147 | O69: =IF(L69="","",(IF(N69="",TODAY()-L69,N69-L69)+0)) & " Days " -> 2 Days | P69: C | Q69: 46147 | R69: 46147 | S69: =IF(Q69="","",(IF(R69="",TODAY()-Q69,R69-Q69)+0)) & " Days " -> 0 Days | T69: B | AL69: 1 | AQ69: Approved with Comments
D70: 57 | E70: MLTX-02-003-ADV-TS9-1-PRM-CER-0057-00 | F70: 00 | G70: ADV-057 | H70: PRM | I70: Calibration Certificate of Auto Level “Leica NA 520” | J70: CER | L70: 46146 | N70: 46148 | O70: =IF(L70="","",(IF(N70="",TODAY()-L70,N70-L70)+0)) & " Days " -> 2 Days | P70: A | AK70: 1 | AQ70: Approved
D71: 58 | E71: MLTX-02-003-ADV-TS9-1-PRM-CER-0058-00 | F71: 00 | G71: ADV-058 | H71: PRM | I71: Calibration Certificate of Total Station “Leica TS 03” | J71: CER | L71: 46146 | N71: 46148 | O71: =IF(L71="","",(IF(N71="",TODAY()-L71,N71-L71)+0)) & " Days " -> 2 Days | P71: A | AK71: 1 | AQ71: Approved
D72: 59 | E72: MLTX-02-003-ADV-TS9-1-PRM-WPR-0059-00 | F72: 00 | G72: ADV-059 | H72: PRM | I72: Weekly Progress Report (WPR) – Qassim, Hail & Tabuk (Report No. # 05) | J72: WPR | L72: 46146 | N72: 46191 | O72: =IF(L72="","",(IF(N72="",TODAY()-L72,N72-L72)+0)) & " Days " -> 45 Days | P72: B | AL72: 1 | AQ72: Approved with Comments
D73: 60 | E73: MLTX-02-003-ADV-TS9-1-PRM-TST-0060-00 | F73: 00 | G73: ADV-060 | H73: PRM | I73: Sub-Base Material Sample Test Reports Material Source: Alsayegh Crusher | J73: TST | L73: 46147 | N73: 46148 | O73: =IF(L73="","",(IF(N73="",TODAY()-L73,N73-L73)+0)) & " Days " -> 1 Days | P73: B | AL73: 1 | AQ73: Approved with Comments
D74: 61 | E74: MLTX-02-003-ADV-TS9-1-PRM-MPR-0061-00 | F74: 00 | G74: ADV-061 | H74: PRM | I74: Monthly Progress Report (MPR) of April 2026 – Qassim, Hail & Tabuk | J74: MPR | L74: 46147 | N74: 46191 | O74: =IF(L74="","",(IF(N74="",TODAY()-L74,N74-L74)+0)) & " Days " -> 44 Days | P74: B | AL74: 1 | AQ74: Approved with Comments
D75: 62 | E75: MLTX-02-003-ADV-TS9-1-PRM-TST-0062-00 | F75: 01 | G75: ADV-062 | H75: PRM | I75: Sub-base and aggregate base course sample test by Aljazzar LAB Material source Almohelib Crusher for (A1-a & Aggregate base course) for Tabuk project | J75: TST | L75: 46148 | N75: 46152 | O75: =IF(L75="","",(IF(N75="",TODAY()-L75,N75-L75)+0)) & " Days " -> 4 Days | P75: C | Q75: 46153 | R75: 46158 | S75: =IF(Q75="","",(IF(R75="",TODAY()-Q75,R75-Q75)+0)) & " Days " -> 5 Days | T75: B | AL75: 1 | AQ75: Approved with Comments
D76: 63 | E76: MLTX-02-003-ADV-TS9-1-PRM-CUV-0063-00 | F76: 00 | G76: ADV-063 | H76: PRM | I76: Curriculum vitae (CV) – UZAIR NAWAZ – HSE Officer | J76: CUV | L76: 46152 | N76: 46160 | O76: =IF(L76="","",(IF(N76="",TODAY()-L76,N76-L76)+0)) & " Days " -> 8 Days | P76: C | AM76: 1 | AQ76: Revise & Resubmit
D77: 64 | E77: MLTX-02-003-ADV-TS9-1-PRM-WPR-0064-00 | F77: 00 | G77: ADV-064 | H77: PRM | I77: Weekly Progress Report (WPR) – Qassim, Hail & Tabuk (Report No. # 06) | J77: WPR | L77: 46153 | N77: 46191 | O77: =IF(L77="","",(IF(N77="",TODAY()-L77,N77-L77)+0)) & " Days " -> 38 Days | P77: B | AL77: 1 | AQ77: Approved with Comments
D78: 65 | E78: MLTX-02-003-ADV-TS9-1-GET-REP-0065-00 | F78: 00 | G78: ADV-065 | H78: GET | I78: GEO-Technical Report for Bore holes of Qasim Project From: Mohamed Omar Jazzar Consulting Engineers Co Laboratory | J78: REP | L78: 46149 | N78: 46149 | O78: =IF(L78="","",(IF(N78="",TODAY()-L78,N78-L78)+0)) & " Days " -> 0 Days | P78: B | AL78: 1 | AQ78: Approved with Comments
D79: 66 | E79: MLTX-02-003-ADV-TS9-1-PRM-CUV-0066-00 | F79: 00 | G79: ADV-066 | H79: PRM | I79: Curriculum Vitae (CV) – Syed Usama Trimzi – HSE Officer | J79: CUV | L79: 46153 | N79: 46184 | O79: =IF(L79="","",(IF(N79="",TODAY()-L79,N79-L79)+0)) & " Days " -> 31 Days | P79: C | AM79: 1 | AQ79: Revise & Resubmit
D80: 67 | E80: MLTX-02-003-ADV-TS9-1-PRM-CUV-0067-00 | F80: 00 | G80: ADV-067 | H80: PRM | I80: Curriculum Vitae (CV) – INAM ULLAH KHAN – HSE Officer | J80: CUV | L80: 46154 | N80: 46180 | O80: =IF(L80="","",(IF(N80="",TODAY()-L80,N80-L80)+0)) & " Days " -> 26 Days | P80: B | AL80: 1 | AQ80: Approved with Comments
D81: 68 | E81: MLTX-02-003-ADV-TS9-1-PRM-TST-0068-00 | F81: 00 | G81: ADV-068 | H81: PRM | I81: Field Density Test Report – Qassim Field Density Test for compacted Subgrade after removal of top soil and excavation | J81: TST | L81: 46159 | N81: 46161 | O81: =IF(L81="","",(IF(N81="",TODAY()-L81,N81-L81)+0)) & " Days " -> 2 Days | P81: B | AL81: 1 | AQ81: Approved with Comments
D82: 69 | E82: MLTX-02-003-ADV-TS9-1-PRM-WPR-0069-00 | F82: 00 | G82: ADV-069 | H82: PRM | I82: Weekly Progress Report (WPR) – Qassim, Hail & Tabuk (Report No. # 07) | J82: WPR | L82: 46160 | N82: 46161 | O82: =IF(L82="","",(IF(N82="",TODAY()-L82,N82-L82)+0)) & " Days " -> 1 Days | P82: B | AL82: 1 | AQ82: Approved with Comments
D83: 70 | E83: MLTX-02-003-ADV-TS9-1-PRM-TST-0070-00 | F83: 00 | G83: ADV-070 | H83: PRM | I83: Sub-base and aggregate base course sample test by Aljazzar LAB Material source Alomaier Crusher for (A1-a & Aggregate base course) for Hail project | J83: TST | L83: 46162 | N83: 46186 | O83: =IF(L83="","",(IF(N83="",TODAY()-L83,N83-L83)+0)) & " Days " -> 24 Days | P83: B | AL83: 1 | AQ83: Approved with Comments
D84: 71 | E84: MLTX-02-003-ADV-TS9-1-PRM-CUV-0071-00 | F84: 00 | G84: ADV-071 | H84: PRM | I84: Curriculum vitae (CV) - Anwar Omran El Taher- Senior Civil Engineer | J84: CUV | L84: 46165 | N84: 46180 | O84: =IF(L84="","",(IF(N84="",TODAY()-L84,N84-L84)+0)) & " Days " -> 15 Days | P84: B | AL84: 1 | AQ84: Approved with Comments
D85: 72 | E85: MLTX-02-003-ADV-TS9-1-PRM-TST-0072-00 | F85: 00 | G85: ADV-072 | H85: PRM | I85: Test Soil Report for Sample (Back Filling & Fill) From LAB RGF (HAIL) | J85: TST | L85: 46165 | N85: 46179 | O85: =IF(L85="","",(IF(N85="",TODAY()-L85,N85-L85)+0)) & " Days " -> 14 Days | P85: B | AL85: 1 | AQ85: Approved with Comments
D86: 73 | E86: MLTX-02-003-ADV-TS9-1-PRM-WPR-0073-00 | F86: 00 | G86: ADV-073 | H86: PRM | I86: Weekly Progress Report (WPR) – Qassim, Hail & Tabuk (Report No. # 08) | J86: WPR | L86: 46167 | N86: 46191 | O86: =IF(L86="","",(IF(N86="",TODAY()-L86,N86-L86)+0)) & " Days " -> 24 Days | P86: B | AL86: 1 | AQ86: Approved with Comments
D87: 74 | E87: MLTX-02-003-ADV-TS9-1-PRM-SAM-0074-00 | F87: 00 | G87: ADV-074 | H87: PRM | I87: Material Sample of “OPAL United factory” Interlock pavers (for Qassim and Hail) 1. 200mm*100mm*80 mm | J87: SAM | L87: 46174 | N87: 46179 | O87: =IF(L87="","",(IF(N87="",TODAY()-L87,N87-L87)+0)) & " Days " -> 5 Days | P87: B | AL87: 1 | AQ87: Approved with Comments
D88: 75 | E88: MLTX-02-003-ADV-TS9-1-PRM-WPR-0075-00 | F88: 00 | G88: ADV-075 | H88: PRM | I88: Weekly Progress Report (WPR) – Qassim, Hail & Tabuk (Report No. # 09) | J88: WPR | L88: 46174 | N88: 46191 | O88: =IF(L88="","",(IF(N88="",TODAY()-L88,N88-L88)+0)) & " Days " -> 17 Days | P88: B | AL88: 1 | AQ88: Approved with Comments
D89: 76 | E89: MLTX-02-003-ADV-TS9-1-PRM-MPR-0076-00 | F89: 00 | G89: ADV-076 | H89: PRM | I89: Monthly Progress Report (MPR) of May 2026 – Qassim, Hail & Tabuk | J89: MPR | L89: 46175 | N89: 46191 | O89: =IF(L89="","",(IF(N89="",TODAY()-L89,N89-L89)+0)) & " Days " -> 16 Days | P89: B | AL89: 1 | AQ89: Approved with Comments
D90: 77 | E90: MLTX-02-003-ADV-TS9-1-PRM-CER-0077-00 | F90: 00 | G90: ADV-077 | H90: PRM | I90: Calibration Certificates (HAIL) Calibration Certificate for Auto level “Sokkia B30A” Calibration Certificate for TOTAL STATION “Sokkia IM-55” | J90: CER | L90: 46175 | N90: 46175 | O90: =IF(L90="","",(IF(N90="",TODAY()-L90,N90-L90)+0)) & " Days " -> 0 Days | P90: B | AL90: 1 | AQ90: Approved with Comments
D91: 78 | E91: MLTX-02-003-ADV-TS9-1-PRM-WPR-0078-00 | F91: 00 | G91: ADV-078 | H91: PRM | I91: Weekly Progress Report (WPR) – Qassim, Hail & Tabuk (Report No. # 10) | J91: WPR | L91: 46181 | N91: 46191 | O91: =IF(L91="","",(IF(N91="",TODAY()-L91,N91-L91)+0)) & " Days " -> 10 Days | P91: B | AL91: 1 | AQ91: Approved with Comments
... D95: 82 | E95: MLTX-02-003-ADV-TS9-1-PRM-SAM-0082-00 | F95: 00 | G95: ADV-082 | H95: PRM | I95: Colour selection for approved Material Sample of “OPAL United factory” Interlock pavers (for Qassim and Hail) “200mm*100mm*80mm” | J95: SAM | L95: 46183 | N95: 46184 | O95: =IF(L95="","",(IF(N95="",TODAY()-L95,N95-L95)+0)) & " Days " -> 1 Days | P95: B | AL95: 1 | AQ95: Approved with Comments
D96: 83 | E96: MLTX-02-003-ADV-TS9-1-PRM-TST-0083-00 | F96: 01 | G96: ADV-083 | H96: PRM | I96: Particle size distribution (gradation) test and Modified Proctor compaction test on existing natural ground soil. (Tabuk) | J96: TST | L96: 46184 | N96: 46187 | O96: =IF(L96="","",(IF(N96="",TODAY()-L96,N96-L96)+0)) & " Days " -> 3 Days | P96: C | Q96: 46188 | R96: 46188 | S96: =IF(Q96="","",(IF(R96="",TODAY()-Q96,R96-Q96)+0)) & " Days " -> 0 Days | T96: B | AL96: 1 | AQ96: Approved with Comments
D97: 84 | E97: MLTX-02-003-ADV-TS9-1-PRM-WPR-0084-00 | F97: 00 | G97: ADV-084 | H97: PRM | I97: Weekly Progress Report (WPR) – Qassim, Hail & Tabuk (Report No. # 11) | J97: WPR | L97: 46188 | N97: 46191 | O97: =IF(L97="","",(IF(N97="",TODAY()-L97,N97-L97)+0)) & " Days " -> 3 Days | P97: B | AL97: 1 | AQ97: Approved with Comments
D98: 85 | E98: MLTX-02-003-ADV-TS9-1-PRM-TST-0085-00 | F98: 00 | G98: ADV-085 | H98: PRM | I98: Aggregate base coarse material sample test reports by Arab company for laboratories and soil (ACES) Material Source: Alsayegh Crusher ( For Qassim ) | J98: TST | L98: 46190 | N98: 46194 | O98: =IF(L98="","",(IF(N98="",TODAY()-L98,N98-L98)+0)) & " Days " -> 4 Days | P98: B | AL98: 1 | AQ98: Approved with Comments
D99: 86 | E99: MLTX-02-003-ADV-TS9-1-PRM-TST-0086-00 | F99: 00 | G99: ADV-086 | H99: PRM | I99: Subgrade material sample test by Fugro Suhaimi LAB. Material source ASAS Al-Mohelib Crusher (Tabuk Project) | J99: TST | L99: 46195 | N99: 46210 | O99: =IF(L99="","",(IF(N99="",TODAY()-L99,N99-L99)+0)) & " Days " -> 15 Days | P99: B | AL99: 1 | AQ99: Approved with Comments
D100: 87 | E100: MLTX-02-003-ADV-TS9-1-PRM-WPR-0087-00 | F100: 00 | G100: ADV-087 | H100: PRM | I100: Weekly Progress Report (WPR) – Qassim, Hail & Tabuk (Report No. # 12) | J100: WPR | L100: 46195 | N100: 46232 | O100: =IF(L100="","",(IF(N100="",TODAY()-L100,N100-L100)+0)) & " Days " -> 37 Days | P100: B | AL100: 1 | AQ100: Approved with Comments
D101: 88 | E101: MLTX-02-003-ADV-TS9-1-PRM-CUV-0088-00 | F101: 00 | G101: ADV-088 | H101: PRM | I101: Curriculum vitae (CV) - ADNAN SHAHZAD – HSE Officer - Hail | J101: CUV | L101: 46197 | N101: 46203 | O101: =IF(L101="","",(IF(N101="",TODAY()-L101,N101-L101)+0)) & " Days " -> 6 Days | P101: B | AL101: 1 | AQ101: Approved with Comments
D102: 89 | E102: MLTX-02-003-ADV-TS9-1-PRM-SAM-0089-00 | F102: 00 | G102: ADV-089 | H102: PRM | I102: Material Sample of “Al-Jammaz HydroteK (KDF)” Basketball flooring (Qassim, Hail and Tabuk) | J102: SAM | L102: 46198 | N102: 46208 | O102: =IF(L102="","",(IF(N102="",TODAY()-L102,N102-L102)+0)) & " Days " -> 10 Days | P102: B | AL102: 1 | AQ102: Approved with Comments
D103: 90 | E103: MLTX-02-003-ADV-TS9-1-PRM-SAM-0090-00 | F103: 02 | G103: ADV-090 | H103: PRM | I103: Material Sample of “RAWAI AL BASATIN COMPANY” Paddle Court Turf (Qassim, Hail and Tabuk) | J103: SAM | L103: 46198 | N103: 46208 | O103: =IF(L103="","",(IF(N103="",TODAY()-L103,N103-L103)+0)) & " Days " -> 10 Days | P103: C | Q103: 46251 | R103: 46258 | S103: =IF(Q103="","",(IF(R103="",TODAY()-Q103,R103-Q103)+0)) & " Days " -> 7 Days | T103: C | U103: 46270 | V103: 46277 | W103: =IF(U103="","",(IF(V103="",TODAY()-U103,V103-U103)+0)) & " Days " -> 7 Days | X103: B | AL103: 1 | AQ103: Approved with Comments
D104: 91 | E104: MLTX-02-003-ADV-TS9-1-PRM-SAM-0091-00 | F104: 00 | G104: ADV-091 | H104: PRM | I104: Material Sample of “Al-Jammaz HydroteK ” Artificial Grass (Qassim, Hail and Tabuk) | J104: SAM | L104: 46198 | N104: 46208 | O104: =IF(L104="","",(IF(N104="",TODAY()-L104,N104-L104)+0)) & " Days " -> 10 Days | P104: B | AL104: 1 | AQ104: Approved with Comments
D105: 92 | E105: MLTX-02-003-ADV-TS9-1-PRM-CUV-0092-00 | F105: 00 | G105: ADV-092 | H105: PRM | I105: Curriculum vitae (CV) - NALLAJALA VINESH - HSE Officer - TABUK | J105: CUV | L105: 46200 | N105: 46201 | O105: =IF(L105="","",(IF(N105="",TODAY()-L105,N105-L105)+0)) & " Days " -> 1 Days | P105: B | AL105: 1 | AQ105: Approved with Comments
D106: 93 | E106: MLTX-02-003-ADV-TS9-1-PRM-TST-0093-00 | F106: 00 | G106: ADV-093 | H106: PRM | I106: Aggregate Sub Base material sample test by Fugro Suhaimi LAB. Material source ASAS Al-Mohelib Crusher (Tabuk Project) | J106: TST | L106: 46202 | N106: 46203 | O106: =IF(L106="","",(IF(N106="",TODAY()-L106,N106-L106)+0)) & " Days " -> 1 Days | P106: B | AL106: 1 | AQ106: Approved with Comments
...

Sheet Design Dwgs
AB3: Approved = A | AD3: =SUM(AD14:AD874) -> 0
G4: P030 - (MLTX-02-003) - Playgrounds Initiative at (Qassim Oasis , Hail and Tabuk Industrial City) | AB4: Approved with Comments = B | AD4: =SUM(AE14:AE874) -> 0
AB5: Revise & Resubmit = C | AD5: =SUM(AF14:AF874) -> 0
G6: Design Drawings (DD) - Submissions & Approvals | AB6: Under PMC Review / For Info. / Rejected / Cancelled / Recalled = D | AD6: =SUM(AG14:AG874) -> 0
AB7: Under Review = UR | AD7: =SUM(AH14:AH874) -> 0
AB8: Delayed with ADV | AD8: =COUNTIF(N14:N19,"Delayed") -> 0
AB9: Delayed with Egis | AD9: =SUM(AI14:AI874) -> 0
AB10: Total Number of Submittals | AD10: =SUM(AD3:AD9) -> 0
M12: 1st Submittal - Rev-00 | R12: 2nd Submittal - Rev-01 | V12: 3rd Submittal - Rev-02 | Z12: 4rd Submittal - Rev-03 | AD12: =TODAY() -> 46306
B13: Transmittle # | C13: Location Area / Floor | D13: SI No. | E13: Transmittal Number | F13: Latest Rev.# | G13: ADV Reference Number | H13: Doc Type | I13: Drawing Number | J13: Drawing Description | K13: Discipline | L13: Site | M13: Actual Submission Date | N13: Delayed | O13: Date of Return Egis | P13: Duration with Egis | Q13: Code | R13: Actual Submission Date | S13: Date of Return Egis | T13: Duration with Egis | U13: Code | V13: Actual Submission Date | W13: Date of Return Egis | X13: Duration with Egis | Y13: Code | Z13: Actual Submission Date | AA13: Date of Return Egis | AB13: Duration with Egis | AC13: Code | AD13: A | AE13: B | AF13: C | AG13: D | AH13: UR | AI13: Delayed with Egis | AJ13: Remarks
D14: 1
D15: 2
D16: 3
D17: 4
D18: 5
D19: 6
D20: 7
D21: 8
D22: 9
D23: 10

Sheet RFI
Z3: Approved = A | AB3: =SUM(AB14:AB935) -> 0
G4: P030 - (MLTX-02-003) - Playgrounds Initiative at (Qassim Oasis , Hail and Tabuk Industrial City) | Z4: Approved with Comments = B | AB4: =SUM(AC14:AC935) -> 30
Z5: Revise & Resubmit = C | AB5: =SUM(AD14:AD935) -> 3
G6: Request for Information (RFI) - Submissions & Approvals | Z6: Under PMC Review / For Info. / Rejected / Cancelled / Recalled = D | AB6: =SUM(AE14:AE935) -> 0
Z7: Under Review = UR | AB7: =SUM(AF14:AF935) -> 0
Z8: Delayed with ADV | AB8: =COUNTIF(L14:L20,"Delayed") -> 0
Z9: Delayed with Egis | AB9: =SUM(AG14:AG935) -> 1
Z10: Total Number of Submittals | AB10: =SUM(AB3:AB9) -> 34
K12: 1st Submittal - Rev-00 | P12: 2nd Submittal - Rev-01 | T12: 3rd Submittal - Rev-02 | X12: 4th Submittal - Rev-03 | AB12: =TODAY() -> 46306
B13: Transmittle # | C13: Location Area / Floor | D13: SI No. | E13: Transmittal Number | F13: Latest Rev.# | G13: ADV Reference Number | H13: Doc Type | I13: Description / Subject | J13: Discipline | K13: Actual Submission Date | L13: Delayed | M13: Date of Return Egis | N13: Duration with Egis | O13: Code | P13: Actual Submission Date | Q13: Date of Return Egis | R13: Duration with Egis | S13: Code | T13: Actual Submission Date | U13: Date of Return Egis | V13: Duration with Egis | W13: Code | X13: Actual Submission Date | Y13: Date of Return Egis | Z13: Duration with Egis | AA13: Code | AB13: A | AC13: B | AD13: C | AE13: D | AF13: UR | AG13: Delayed with Egis | AH13: Remarks
D14: 1 | E14: MLTX-02-003-ADV-TS9-1-ARC-RFI-0001-00 | F14: 01 | G14: ADV-0001 | H14: RFI | I14: New Conflict After Revised Boundary - Hail | J14: ARC | K14: 46085 | M14: 46089 | N14: =IF(K14="","",(IF(M14="",TODAY()-K14,M14-K14)+0)) & " Days " -> 4 Days | O14: B | P14: 46112 | Q14: 46120 | R14: =IF(P14="","",(IF(Q14="",TODAY()-P14,Q14-P14)+0)) & " Days " -> 8 Days | S14: B | AC14: 1 | AH14: Approved with Comments
D15: 2 | E15: MLTX-02-003-ADV-TS9-1-ARC-RFI-0002-00 | F15: 00 | G15: ADV-0002 | H15: RFI | I15: Tabuk (Conflict with Under-Construction Building) | J15: ARC | K15: 46085 | M15: 46093 | N15: =IF(K15="","",(IF(M15="",TODAY()-K15,M15-K15)+0)) & " Days " -> 8 Days | O15: B | AC15: 1 | AH15: Approved with Comments
D16: 3 | E16: MLTX-02-003-ADV-TS9-1-STR-RFI-0003-00 | F16: 00 | G16: ADV-0003 | H16: RFI | I16: Pump Room STR Data Missing | J16: STR | K16: 46088 | M16: 46090 | N16: =IF(K16="","",(IF(M16="",TODAY()-K16,M16-K16)+0)) & " Days " -> 2 Days | O16: B | AC16: 1 | AH16: Approved with Comments
D17: 4 | E17: MLTX-02-003-ADV-TS9-1-MEC-RFI-0004-00 | F17: 00 | G17: ADV-0004 | H17: RFI | I17: Septic tank dimensions | J17: MEC | K17: 46090 | M17: 46093 | N17: =IF(K17="","",(IF(M17="",TODAY()-K17,M17-K17)+0)) & " Days " -> 3 Days | O17: B | AC17: 1 | AH17: Approved with Comments
D18: 5 | E18: MLTX-02-003-ADV-TS9-1-LSP-RFI-0005-00 | F18: 00 | G18: ADV-0005 | H18: RFI | I18: Tree Layout and Planting Details Clarification (BOQ Item 2.3.4) – Qassim, Hail & Tabuk | J18: LSP | K18: 46106 | M18: 46116 | N18: =IF(K18="","",(IF(M18="",TODAY()-K18,M18-K18)+0)) & " Days " -> 10 Days | O18: B | AC18: 1 | AH18: Approved with Comments
D19: 6 | E19: MLTX-02-003-ADV-TS9-1-LSP-RFI-0006-00 | F19: 00 | G19: ADV-0006 | H19: RFI | I19: Fertilizer Requirements and Soil Treatment Clarification – Qassim, Hail & Tabuk | J19: LSP | K19: 46106 | M19: 46114 | N19: =IF(K19="","",(IF(M19="",TODAY()-K19,M19-K19)+0)) & " Days " -> 8 Days | O19: B | AC19: 1 | AH19: Approved with Comments
D20: 7 | E20: MLTX-02-003-ADV-TS9-1-LSP-RFI-0007-00 | F20: 00 | G20: ADV-0007 | H20: RFI | I20: Clashes between existing light poles and sign bords with design of walk/Bike path – Qassim Project | J20: LSP | K20: 46132 | M20: 46134 | N20: =IF(K20="","",(IF(M20="",TODAY()-K20,M20-K20)+0)) & " Days " -> 2 Days | O20: B | AC20: 1 | AH20: Approved with Comments
D21: 8 | E21: MLTX-02-003-ADV-TS9-1-LSP-RFI-0008-00 | F21: 02 | G21: ADV-0008 | H21: RFI | I21: Missing Project Details and Specifications – Qassim, Hail and Tabuk | J21: LSP | K21: 46132 | M21: 46133 | N21: =IF(K21="","",(IF(M21="",TODAY()-K21,M21-K21)+0)) & " Days " -> 1 Days | O21: B | P21: 46139 | Q21: 46141 | R21: =IF(P21="","",(IF(Q21="",TODAY()-P21,Q21-P21)+0)) & " Days " -> 2 Days | S21: B | T21: 46183 | U21: 46215 | V21: =IF(T21="","",(IF(U21="",TODAY()-T21,U21-T21)+0)) & " Days " -> 32 Days | W21: B | AC21: 1 | AH21: Approved with Comments
D22: 9 | E22: MLTX-02-003-ADV-TS9-1-GEN-RFI-0009-00 | F22: 00 | G22: ADV-0009 | H22: RFI | I22: Request for As-Built Drawings – Underground Utilities (Qassim, Hail & Tabuk) | J22: GEN | K22: 46140 | M22: 46156 | N22: =IF(K22="","",(IF(M22="",TODAY()-K22,M22-K22)+0)) & " Days " -> 16 Days | O22: B | AC22: 1 | AH22: Approved with Comments
D23: 10 | E23: MLTX-02-003-ADV-TS9-1-ARC-RFI-0010-00 | F23: 01 | G23: ADV-0010 | H23: RFI | I23: Qassim Parking level | J23: ARC | K23: 46154 | M23: 46155 | N23: =IF(K23="","",(IF(M23="",TODAY()-K23,M23-K23)+0)) & " Days " -> 1 Days | O23: B | P23: 46161 | Q23: 46173 | R23: =IF(P23="","",(IF(Q23="",TODAY()-P23,Q23-P23)+0)) & " Days " -> 12 Days | S23: B | AC23: 1 | AH23: Approved with Comments
D24: 11 | E24: MLTX-02-003-ADV-TS9-1-LSP-RFI-0011-00 | F24: 00 | G24: ADV-0011 | H24: RFI | I24: Stamped Concrete Section Detail | J24: LSP | K24: 46156 | M24: 46162 | N24: =IF(K24="","",(IF(M24="",TODAY()-K24,M24-K24)+0)) & " Days " -> 6 Days | O24: B | AC24: 1 | AH24: Approved with Comments
D25: 12 | E25: MLTX-02-003-ADV-TS9-1-LSP-RFI-0012-00 | F25: 00 | G25: ADV-0012 | H25: RFI | I25: Curbstone size | J25: LSP | K25: 46158 | M25: 46160 | N25: =IF(K25="","",(IF(M25="",TODAY()-K25,M25-K25)+0)) & " Days " -> 2 Days | O25: B | AC25: 1 | AH25: Approved with Comments
D26: 13 | E26: MLTX-02-003-ADV-TS9-1-CVL-RFI-0013-00 | F26: 00 | G26: ADV-0013 | H26: RFI | I26: Top Soil Removal (Qassim, Hail, Tabuk) | J26: CVL | K26: 46163 | M26: 46174 | N26: =IF(K26="","",(IF(M26="",TODAY()-K26,M26-K26)+0)) & " Days " -> 11 Days | O26: C | AD26: 1 | AH26: Revise & Resubmit
D27: 14 | E27: MLTX-02-003-ADV-TS9-1-SVY-RFI-0014-00 | F27: 00 | G27: ADV-0014 | H27: RFI | I27: Proposal for Site Levels (Qassim) | J27: SVY | K27: 46165 | M27: 46165 | N27: =IF(K27="","",(IF(M27="",TODAY()-K27,M27-K27)+0)) & " Days " -> 0 Days | O27: C | AD27: 1 | AH27: Revise & Resubmit
D28: 15 | E28: MLTX-02-003-ADV-TS9-1-GEN-RFI-0015-00 | F28: 00 | G28: ADV-0015 | H28: RFI | I28: Identical Drawings (Qassim, Hail and Tabuk) | J28: GEN | K28: 46174 | M28: 46180 | N28: =IF(K28="","",(IF(M28="",TODAY()-K28,M28-K28)+0)) & " Days " -> 6 Days | O28: B | AC28: 1 | AH28: Approved with Comments
D29: 16 | E29: MLTX-02-003-ADV-TS9-1-LSP-RFI-0016-00 | F29: 01 | G29: ADV-0016 | H29: RFI | I29: Plant Specifications (Qassim, Hail and Tabuk) | J29: LSP | K29: 46182 | M29: 46184 | N29: =IF(K29="","",(IF(M29="",TODAY()-K29,M29-K29)+0)) & " Days " -> 2 Days | O29: C | P29: 46205 | Q29: 46236 | R29: =IF(P29="","",(IF(Q29="",TODAY()-P29,Q29-P29)+0)) & " Days " -> 31 Days | S29: C | AD29: 1 | AH29: Revise & Resubmit
D30: 17 | E30: MLTX-02-003-ADV-TS9-1-LSP-RFI-0017-00 | F30: 01 | G30: ADV-0017 | H30: RFI | I30: Tartan Details (Qassim, Hail and Tabuk) | J30: LSP | K30: 46182 | M30: 46184 | N30: =IF(K30="","",(IF(M30="",TODAY()-K30,M30-K30)+0)) & " Days " -> 2 Days | O30: C | P30: 46186 | Q30: 46198 | R30: =IF(P30="","",(IF(Q30="",TODAY()-P30,Q30-P30)+0)) & " Days " -> 12 Days | S30: B | AC30: 1 | AH30: Approved with Comments
D31: 18 | E31: MLTX-02-003-ADV-TS9-1-CVL-RFI-0018-00 | F31: 01 | G31: ADV-0018 | H31: RFI | I31: Septic Tank Location (Qassim, Hail and Tabuk) | J31: CVL | K31: 46182 | M31: 46188 | N31: =IF(K31="","",(IF(M31="",TODAY()-K31,M31-K31)+0)) & " Days " -> 6 Days | O31: B | P31: 46189 | Q31: 46194 | R31: =IF(P31="","",(IF(Q31="",TODAY()-P31,Q31-P31)+0)) & " Days " -> 5 Days | S31: B | AC31: 1 | AH31: Approved with Comments
D32: 19 | E32: MLTX-02-003-ADV-TS9-1-CVL-RFI-0019-00 | F32: 00 | G32: ADV-0019 | H32: RFI | I32: Culvert (Hail) | J32: CVL | K32: 46190 | M32: 46191 | N32: =IF(K32="","",(IF(M32="",TODAY()-K32,M32-K32)+0)) & " Days " -> 1 Days | O32: B | AC32: 1 | AH32: Approved with Comments
D33: 20 | E33: MLTX-02-003-ADV-TS9-1-CVL-RFI-0020-00 | F33: 00 | G33: ADV-0020 | H33: RFI | I33: Water, Irrigation & Sewer Connections (Hail) | J33: CVL | K33: 46195 | M33: 46202 | N33: =IF(K33="","",(IF(M33="",TODAY()-K33,M33-K33)+0)) & " Days " -> 7 Days | O33: B | AC33: 1 | AH33: Approved with Comments
D34: 21 | E34: MLTX-02-003-ADV-TS9-1-CVL-RFI-0021-00 | F34: 00 | G34: ADV-0021 | H34: RFI | I34: Water, Irrigation & Sewer Connections (Tabuk) | J34: CVL | K34: 46195 | N34: =IF(K34="","",(IF(M34="",TODAY()-K34,M34-K34)+0)) & " Days " -> 111 Days | O34: UR | AG34: 1 | AH34: Delayed with Egis
D35: 22 | E35: MLTX-02-003-ADV-TS9-1-LSP-RFI-0022-00 | F35: 00 | G35: ADV-0022 | H35: RFI | I35: Area Surrounding Padel Court (Qassim, Tabuk) | J35: LSP | K35: 46196 | M35: 46198 | N35: =IF(K35="","",(IF(M35="",TODAY()-K35,M35-K35)+0)) & " Days " -> 2 Days | O35: B | AC35: 1 | AH35: Approved with Comments
D36: 23 | E36: MLTX-02-003-ADV-TS9-1-LSP-RFI-0023-00 | F36: 00 | G36: ADV-0023 | H36: RFI | I36: FINISH FLOOR AND INTERNAL ROAD LEVELS (HAIL) | J36: LSP | K36: 46197 | M36: 46205 | N36: =IF(K36="","",(IF(M36="",TODAY()-K36,M36-K36)+0)) & " Days " -> 8 Days | O36: B | AC36: 1 | AH36: Approved with Comments
D37: 24 | E37: MLTX-02-003-ADV-TS9-1-LSP-RFI-0024-00 | F37: 00 | G37: ADV-0024 | H37: RFI | I37: Internal Football Playground Fence (Qassim, Tabuk) | J37: LSP | K37: 46200 | M37: 46205 | N37: =IF(K37="","",(IF(M37="",TODAY()-K37,M37-K37)+0)) & " Days " -> 5 Days | O37: B | AC37: 1 | AH37: Approved with Comments
D38: 25 | E38: MLTX-02-003-ADV-TS9-1-SVY-RFI-0025-00 | F38: 01 | G38: ADV-0025 | H38: RFI | I38: GRP Tank Location (Hail) | J38: SVY | K38: 46212 | M38: 46214 | N38: =IF(K38="","",(IF(M38="",TODAY()-K38,M38-K38)+0)) & " Days " -> 2 Days | O38: C | P38: 46214 | Q38: 46217 | R38: =IF(P38="","",(IF(Q38="",TODAY()-P38,Q38-P38)+0)) & " Days " -> 3 Days | S38: B | AC38: 1 | AH38: Approved with Comments
D39: 26 | E39: MLTX-02-003-ADV-TS9-1-STR-RFI-0026-00 | F39: 00 | G39: ADV-0026 | H39: RFI | I39: Vapor Barrier beneath the Concrete Slab under Basketball, Padel and Tartan Areas (Qassim, Hail and Tabuk) | J39: STR | K39: 46212 | M39: 46215 | N39: =IF(K39="","",(IF(M39="",TODAY()-K39,M39-K39)+0)) & " Days " -> 3 Days | O39: B | AC39: 1 | AH39: Approved with Comments
D40: 27 | E40: MLTX-02-003-ADV-TS9-1-LSP-RFI-0027-00 | F40: 00 | G40: ADV-0027 | H40: RFI | I40: Interlocking Paver Thickness for Qassim Park and Project-Wide Standards (Qassim) | J40: LSP | K40: 46223 | M40: 46226 | N40: =IF(K40="","",(IF(M40="",TODAY()-K40,M40-K40)+0)) & " Days " -> 3 Days | O40: B | AC40: 1 | AH40: Approved with Comments
D41: 28 | E41: MLTX-02-003-ADV-TS9-1-STR-RFI-0028-00 | F41: 01 | G41: ADV-0028 | H41: RFI | I41: 2 IRRIGATION GROUND WATER TANK (INCLUDING BOOSTER PUMP EACH) (Hail and Tabuk) | J41: STR | K41: 46224 | M41: 46236 | N41: =IF(K41="","",(IF(M41="",TODAY()-K41,M41-K41)+0)) & " Days " -> 12 Days | O41: C | P41: 46238 | Q41: 46253 | R41: =IF(P41="","",(IF(Q41="",TODAY()-P41,Q41-P41)+0)) & " Days " -> 15 Days | S41: B | AC41: 1 | AH41: Approved with Comments
D42: 29 | E42: MLTX-02-003-ADV-TS9-1-LSP-RFI-0029-00 | F42: 00 | G42: ADV-0029 | H42: RFI | I42: Land scape Details (Qassim) | J42: LSP | K42: 46225 | M42: 46233 | N42: =IF(K42="","",(IF(M42="",TODAY()-K42,M42-K42)+0)) & " Days " -> 8 Days | O42: B | AC42: 1 | AH42: Approved with Comments
D43: 30 | E43: MLTX-02-003-ADV-TS9-1-MEC-RFI-0030-00 | F43: 00 | G43: ADV-0030 | H43: RFI | I43: Clarification on Firefighting System Requirements for Air Dome (Qassim and Tabuk) | J43: MEC | K43: 46228 | M43: 46232 | N43: =IF(K43="","",(IF(M43="",TODAY()-K43,M43-K43)+0)) & " Days " -> 4 Days | O43: B | AC43: 1 | AH43: Approved with Comments
D44: 31 | E44: MLTX-02-003-ADV-TS9-1-LSP-RFI-0031-00 | F44: 00 | G44: ADV-0031 | H44: RFI | I44: Asphalt Specifications Below Artificial Grass Football Court (Qassim, Hail and Tabuk) | J44: LSP | K44: 46230 | M44: 46244 | N44: =IF(K44="","",(IF(M44="",TODAY()-K44,M44-K44)+0)) & " Days " -> 14 Days | O44: B | AC44: 1 | AH44: Approved with Comments
D45: 32 | E45: MLTX-02-003-ADV-TS9-1-ELE-RFI-0032-00 | F45: 00 | G45: ADV-0032 | H45: RFI | I45: RELOCATING CABLE GUY BASE IN HAIL PROJECT | J45: ELE | K45: 46268 | M45: 46279 | N45: =IF(K45="","",(IF(M45="",TODAY()-K45,M45-K45)+0)) & " Days " -> 11 Days | O45: B | AC45: 1 | AH45: Approved with Comments
D46: 33 | E46: MLTX-02-003-ADV-TS9-1-LSP-RFI-0033-00 | F46: 00 | G46: ADV-0033 | H46: RFI | I46: UNKNOWN ELEMENT NEED TO BE IDENTIFIED | J46: LSP | K46: 46281 | M46: 46287 | N46: =IF(K46="","",(IF(M46="",TODAY()-K46,M46-K46)+0)) & " Days " -> 6 Days | O46: B | AC46: 1 | AH46: Approved with Comments
D47: 34 | E47: MLTX-02-003-ADV-TS9-1-ARC-RFI-0034-00 | F47: 00 | G47: ADV-0034 | H47: RFI | I47: Request for Information (RFI) of Clarification of RAL number of aluminum bars | J47: ARC | K47: 46298 | N47: =IF(K47="","",(IF(M47="",TODAY()-K47,M47-K47)+0)) & " Days " -> 8 Days | O47: UR | AC47: 1 | AH47: Under Review
D48: 35
D49: 36
D50: 37
D51: 38
D52: 39
D53: 40
D54: 41

Sheet Shop Dwgs
Z3: Approved = A | AB3: =SUM(AH14:AH503) -> 36
G4: P030 - (MLTX-02-003) - Playgrounds Initiative at (Qassim Oasis , Hail and Tabuk Industrial City) | Z4: Approved with Comments = B | AB4: =SUM(AI14:AI503) -> 273
Z5: Revise & Resubmit = C | AB5: =SUM(AJ14:AJ503) -> 20
G6: Shop Drawings (SDW) - Submissions & Approvals | Z6: Under PMC Review / For Info. / Rejected / Cancelled / Recalled = D | AB6: =SUM(AK14:AK503) -> 0
Z7: Under Review = UR | AB7: =SUM(AL14:AL503) -> 34
Z8: Delayed with ADV | AB8: =COUNTIF(N14:N20,"Delayed") -> 0
Z9: Delayed with Egis | AB9: =SUM(AM14:AM503) -> 12
Z10: Total Number of Submittals | AB10: =SUM(AB3:AB9) -> 375
M12: 1st Submittal - Rev-00 | R12: 2nd Submittal - Rev-01 | V12: 3rd Submittal - Rev-02 | AA12: 4th Submittal - Rev-03 | AE12: 5th Submittal - Rev-03 | AH12: =TODAY() -> 46306
B13: Transmittle # | C13: Location Area / Floor | D13: SI No. | E13: Transmittal Number | F13: Latest Rev.# | G13: ADV Reference Number | H13: Doc Type | I13: MLTX-02-003-QSM3-ADV-TS9-1-LS-SDW-0103-00 | J13: Drawing Description | K13: Discipline | L13: Site | M13: Actual Submission Date | N13: Delayed | O13: Date of Return Egis | P13: Duration with Egis | Q13: Code | R13: Actual Submission Date | S13: Date of Return Egis | T13: Duration with Egis | U13: Code | V13: Actual Submission Date | W13: Date of Return Egis | X13: Duration with Egis | Y13: Code | Z13: Actual Submission Date | AA13: Date of Return Egis | AB13: Duration with Egis | AC13: Code | AD13: Actual Submission Date | AE13: Date of Return Egis | AF13: Duration with Egis | AG13: Code | AH13: A | AI13: B | AJ13: C | AK13: D | AL13: UR | AM13: Delayed with Egis | AN13: Remarks
D14: 1 | E14: MLTX-02-003-ADV-TS9-1-ARC-SDW-0001-00 | F14: 00 | G14: ADV-0001 | H14: SDW | I14: MLTX-02-003-TAB4-ADV-TS9-1-AR-SDW-0001-00 | J14: TABUK-SITE LAYOUT | K14: ARC | L14: Tabuk | M14: 46092 | O14: 46123 | P14: =IF(M14="","",(IF(O14="",TODAY()-M14,O14-M14)+0)) & " Days " -> 31 Days | Q14: B | AI14: 1 | AN14: Approved with Comments
D15: 2 | E15: MLTX-02-003-ADV-TS9-1-ARC-SDW-0001-00 | F15: 00 | G15: ADV-0001 | H15: SDW | I15: MLTX-02-003-TAB4-ADV-TS9-1-AR-SDW-0002-00 | J15: TABUK MOBILIZATION PLAN SITE OFFICE & LAYDOWN AREA | K15: ARC | L15: Tabuk | M15: 46092 | O15: 46123 | P15: =IF(M15="","",(IF(O15="",TODAY()-M15,O15-M15)+0)) & " Days " -> 31 Days | Q15: B | AI15: 1 | AN15: Approved with Comments
D16: 3 | E16: MLTX-02-003-ADV-TS9-1-ARC-SDW-0002-00 | F16: 01 | G16: ADV-0002 | H16: SDW | I16: MLTX-02-003-QSM3-ADV-TS9-1-AR-SDW-0001-00 | J16: QASSIM SITE LAYOUT | K16: ARC | L16: Qassim | M16: 46092 | O16: 46098 | P16: =IF(M16="","",(IF(O16="",TODAY()-M16,O16-M16)+0)) & " Days " -> 6 Days | Q16: C | R16: 46107 | S16: 46125 | T16: =IF(R16="","",(IF(S16="",TODAY()-R16,S16-R16)+0)) & " Days " -> 18 Days | U16: B | AI16: 1 | AN16: Approved with Comments
D17: 4 | E17: MLTX-02-003-ADV-TS9-1-ARC-SDW-0002-00 | F17: 01 | G17: ADV-0002 | H17: SDW | I17: MLTX-02-003-QSM3-ADV-TS9-1-AR-SDW-0002-00 | J17: QASSIM MOBILIZATION PLAN SITE OFFICE & LAYDOWN AREA | K17: ARC | L17: Qassim | M17: 46092 | O17: 46098 | P17: =IF(M17="","",(IF(O17="",TODAY()-M17,O17-M17)+0)) & " Days " -> 6 Days | Q17: C | R17: 46107 | S17: 46125 | T17: =IF(R17="","",(IF(S17="",TODAY()-R17,S17-R17)+0)) & " Days " -> 18 Days | U17: B | AI17: 1 | AN17: Approved with Comments
D18: 5 | E18: MLTX-02-003-ADV-TS9-1-ARC-SDW-0003-00 | F18: 03 | G18: ADV-0003 | H18: SDW | I18: MLTX-02-003-HAL1-ADV-TS9-1-AR-SDW-0001-00 | J18: HAIL-SITE LAYOUT | K18: ARC | L18: Hail | M18: 46092 | O18: 46099 | P18: =IF(M18="","",(IF(O18="",TODAY()-M18,O18-M18)+0)) & " Days " -> 7 Days | Q18: C | R18: 46109 | S18: 46110 | T18: =IF(R18="","",(IF(S18="",TODAY()-R18,S18-R18)+0)) & " Days " -> 1 Days | U18: C | V18: 46112 | W18: 46119 | X18: =IF(V18="","",(IF(W18="",TODAY()-V18,W18-V18)+0)) & " Days " -> 7 Days | Y18: C | Z18: 46120 | AA18: 46121 | AB18: =IF(Z18="","",(IF(AA18="",TODAY()-Z18,AA18-Z18)+0)) & " Days " -> 1 Days | AC18: B | AI18: 1 | AN18: Approved with Comments
D19: 6 | E19: MLTX-02-003-ADV-TS9-1-ARC-SDW-0003-00 | F19: 03 | G19: ADV-0003 | H19: SDW | I19: MLTX-02-003-HAL1-ADV-TS9-1-AR-SDW-0002-00 | J19: MOBILIZATION PLAN SITE OFFICE & LAYDOWN AREA | K19: ARC | L19: Hail | M19: 46092 | O19: 46099 | P19: =IF(M19="","",(IF(O19="",TODAY()-M19,O19-M19)+0)) & " Days " -> 7 Days | Q19: C | R19: 46109 | S19: 46110 | T19: =IF(R19="","",(IF(S19="",TODAY()-R19,S19-R19)+0)) & " Days " -> 1 Days | U19: C | V19: 46112 | W19: 46119 | X19: =IF(V19="","",(IF(W19="",TODAY()-V19,W19-V19)+0)) & " Days " -> 7 Days | Y19: C | Z19: 46120 | AA19: 46121 | AB19: =IF(Z19="","",(IF(AA19="",TODAY()-Z19,AA19-Z19)+0)) & " Days " -> 1 Days | AC19: B | AI19: 1 | AN19: Approved with Comments
D20: 7 | E20: MLTX-02-003-ADV-TS9-1-ARC-SDW-0004-00 | F20: 01 | G20: ADV-0004 | H20: SDW | I20: MLTX-02-003-TAB4-ADV-TS9-1-AR-SDW-0003-00 | J20: TABUK-SIGN BOARD LAYOUT | K20: ARC | L20: Tabuk | M20: 46092 | O20: 46112 | P20: =IF(M20="","",(IF(O20="",TODAY()-M20,O20-M20)+0)) & " Days " -> 20 Days | Q20: B | R20: 46145 | S20: 46147 | T20: =IF(R20="","",(IF(S20="",TODAY()-R20,S20-R20)+0)) & " Days " -> 2 Days | U20: B | AI20: 1 | AN20: Approved with Comments
D21: 8 | E21: MLTX-02-003-ADV-TS9-1-ARC-SDW-0005-00 | F21: 00 | G21: ADV-0005 | H21: SDW | I21: MLTX-02-003-QSM3-ADV-TS9-1-AR-SDW-0003-00 | J21: QASSIM SIGN BOARD LAYOUT | K21: ARC | L21: Qassim | M21: 46092 | O21: 46112 | P21: =IF(M21="","",(IF(O21="",TODAY()-M21,O21-M21)+0)) & " Days " -> 20 Days | Q21: A | AH21: 1 | AN21: Approved
D22: 9 | E22: MLTX-02-003-ADV-TS9-1-ARC-SDW-0006-00 | F22: 00 | G22: ADV-0006 | H22: SDW | I22: MLTX-02-003-HAL1-ADV-TS9-1-AR-SDW-0003-00 | J22: HAIL-SIGN BOARD LAYOUT | K22: ARC | L22: Hail | M22: 46092 | O22: 46098 | P22: =IF(M22="","",(IF(O22="",TODAY()-M22,O22-M22)+0)) & " Days " -> 6 Days | Q22: B | AI22: 1 | AN22: Approved with Comments
D23: 10 | E23: MLTX-02-003-ADV-TS9-1-SVY-SDW-0007-00 | F23: 02 | G23: ADV-0007 | H23: SDW | I23: MLTX-02-003-TAB4-ADV-TS9-1-SVY-SDW-0001-00 | J23: SITE LAYOUT - TABUK (TOPOGRAPHIC SURVEY) | K23: SVY | L23: Tabuk | M23: 46105 | O23: 46106 | P23: =IF(M23="","",(IF(O23="",TODAY()-M23,O23-M23)+0)) & " Days " -> 1 Days | Q23: C | R23: 46124 | S23: 46131 | T23: =IF(R23="","",(IF(S23="",TODAY()-R23,S23-R23)+0)) & " Days " -> 7 Days | U23: C | V23: 46134 | W23: 46142 | X23: =IF(V23="","",(IF(W23="",TODAY()-V23,W23-V23)+0)) & " Days " -> 8 Days | Y23: B | AI23: 1 | AN23: Approved with Comments
D24: 11 | E24: MLTX-02-003-ADV-TS9-1-SVY-SDW-0008-00 | F24: 00 | G24: ADV-0008 | H24: SDW | I24: MLTX-02-003-QSM3-ADV-TS9-1-SVY-SDW-0001-00 | J24: SITE LAYOUT - QASSIM (TOPOGRAPHIC SURVEY) | K24: SVY | L24: Qassim | M24: 46105 | O24: 46121 | P24: =IF(M24="","",(IF(O24="",TODAY()-M24,O24-M24)+0)) & " Days " -> 16 Days | Q24: B | AI24: 1 | AN24: Approved with Comments
D25: 12 | E25: MLTX-02-003-ADV-TS9-1-SVY-SDW-0009-00 | F25: 01 | G25: ADV-0009 | H25: SDW | I25: MLTX-02-003-HAL1-ADV-TS9-1-SVY-SDW-0001-00 | J25: SITE LAYOUT - HAIL (TOPOGRAPHIC SURVEY) | K25: SVY | L25: Hail | M25: 46105 | O25: 46107 | P25: =IF(M25="","",(IF(O25="",TODAY()-M25,O25-M25)+0)) & " Days " -> 2 Days | Q25: C | R25: 46118 | S25: 46118 | T25: =IF(R25="","",(IF(S25="",TODAY()-R25,S25-R25)+0)) & " Days " -> 0 Days | U25: B | AI25: 1 | AN25: Approved with Comments
D26: 13 | E26: MLTX-02-003-ADV-TS9-1-ARC-SDW-0010-00 | F26: 01 | G26: ADV-0010 | H26: SDW | I26: MLTX-02-003-HAL1-ADV-TS9-1-AR-SDW-0004-00 | J26: Hail - Site Development Layout | K26: ARC | L26: Hail | M26: 46105 | O26: 46107 | P26: =IF(M26="","",(IF(O26="",TODAY()-M26,O26-M26)+0)) & " Days " -> 2 Days | Q26: C | R26: 46119 | S26: 46123 | T26: =IF(R26="","",(IF(S26="",TODAY()-R26,S26-R26)+0)) & " Days " -> 4 Days | U26: B | AI26: 1 | AN26: Approved with Comments
D27: 14 | E27: MLTX-02-003-ADV-TS9-1-ARC-SDW-0011-00 | F27: 03 | G27: ADV-0011 | H27: SDW | I27: MLTX-02-003-QSM3-ADV-TS9-1-AR-SDW-0004-00 | J27: Qassim Oasis - Site Development Layout | K27: ARC | L27: Qassim | M27: 46105 | O27: 46121 | P27: =IF(M27="","",(IF(O27="",TODAY()-M27,O27-M27)+0)) & " Days " -> 16 Days | Q27: B | R27: 46141 | S27: 46152 | T27: =IF(R27="","",(IF(S27="",TODAY()-R27,S27-R27)+0)) & " Days " -> 11 Days | U27: C | V27: 46177 | W27: 46179 | X27: =IF(V27="","",(IF(W27="",TODAY()-V27,W27-V27)+0)) & " Days " -> 2 Days | Y27: B | Z27: 46224 | AA27: 46230 | AB27: =IF(Z27="","",(IF(AA27="",TODAY()-Z27,AA27-Z27)+0)) & " Days " -> 6 Days | AC27: C | AJ27: 1 | AN27: Revise & Resubmit
D28: 15 | E28: MLTX-02-003-ADV-TS9-1-ARC-SDW-0012-00 | F28: 01 | G28: ADV-0012 | H28: SDW | I28: MLTX-02-003-TAB4-ADV-TS9-1-AR-SDW-0004-00 | J28: Tabuk - Site Development Layout | K28: ARC | L28: Tabuk | M28: 46105 | O28: 46119 | P28: =IF(M28="","",(IF(O28="",TODAY()-M28,O28-M28)+0)) & " Days " -> 14 Days | Q28: C | R28: 46119 | S28: 46123 | T28: =IF(R28="","",(IF(S28="",TODAY()-R28,S28-R28)+0)) & " Days " -> 4 Days | U28: B | AI28: 1 | AN28: Approved with Comments
D29: 16 | E29: MLTX-02-003-ADV-TS9-1-ARC-SDW-0013-00 | F29: 03 | G29: ADV-0013 | H29: SDW | I29: MLTX-02-003-HAL1-ADV-TS9-1-AR-SDW-0100-00 | J29: HAIL-TOILET FLOOR LAYOUT & DETAILS | K29: ARC | L29: Hail | M29: 46105 | O29: 46106 | P29: =IF(M29="","",(IF(O29="",TODAY()-M29,O29-M29)+0)) & " Days " -> 1 Days | Q29: C | R29: 46140 | S29: 46149 | T29: =IF(R29="","",(IF(S29="",TODAY()-R29,S29-R29)+0)) & " Days " -> 9 Days | U29: C | V29: 46175 | W29: 46180 | X29: =IF(V29="","",(IF(W29="",TODAY()-V29,W29-V29)+0)) & " Days " -> 5 Days | Y29: C | Z29: 46182 | AA29: 46189 | AB29: =IF(Z29="","",(IF(AA29="",TODAY()-Z29,AA29-Z29)+0)) & " Days " -> 7 Days | AC29: B | AI29: 1 | AN29: Approved with Comments
D30: 17 | E30: MLTX-02-003-ADV-TS9-1-ARC-SDW-0013-00 | F30: 03 | G30: ADV-0013 | H30: SDW | I30: MLTX-02-003-HAL1-ADV-TS9-1-AR-SDW-0101-00 | J30: HAIL-TOILET FLOORING LAYOUT & DETAILS | K30: ARC | L30: Hail | M30: 46105 | O30: 46106 | P30: =IF(M30="","",(IF(O30="",TODAY()-M30,O30-M30)+0)) & " Days " -> 1 Days | Q30: C | R30: 46140 | S30: 46149 | T30: =IF(R30="","",(IF(S30="",TODAY()-R30,S30-R30)+0)) & " Days " -> 9 Days | U30: C | V30: 46175 | W30: 46180 | X30: =IF(V30="","",(IF(W30="",TODAY()-V30,W30-V30)+0)) & " Days " -> 5 Days | Y30: C | Z30: 46182 | AA30: 46189 | AB30: =IF(Z30="","",(IF(AA30="",TODAY()-Z30,AA30-Z30)+0)) & " Days " -> 7 Days | AC30: B | AI30: 1 | AN30: Approved with Comments
D31: 18 | E31: MLTX-02-003-ADV-TS9-1-ARC-SDW-0013-00 | F31: 01 | G31: ADV-0013 | H31: SDW | I31: MLTX-02-003-HAL1-ADV-TS9-1-AR-SDW-0102-00 | J31: HAIL-TOILET CEILING LAYOUT & DETAILS | K31: ARC | L31: Hail | M31: 46105 | O31: 46106 | P31: =IF(M31="","",(IF(O31="",TODAY()-M31,O31-M31)+0)) & " Days " -> 1 Days | Q31: C | R31: 46140 | S31: 46149 | T31: =IF(R31="","",(IF(S31="",TODAY()-R31,S31-R31)+0)) & " Days " -> 9 Days | U31: C | AJ31: 1 | AN31: Revise & Resubmit
D32: 19 | E32: MLTX-02-003-ADV-TS9-1-ARC-SDW-0013-00 | F32: 03 | G32: ADV-0013 | H32: SDW | I32: MLTX-02-003-HAL1-ADV-TS9-1-AR-SDW-0200-00 | J32: HAIL-TOILET ELEVATIONS LAYOUT | K32: ARC | L32: Hail | M32: 46105 | O32: 46106 | P32: =IF(M32="","",(IF(O32="",TODAY()-M32,O32-M32)+0)) & " Days " -> 1 Days | Q32: C | R32: 46140 | S32: 46149 | T32: =IF(R32="","",(IF(S32="",TODAY()-R32,S32-R32)+0)) & " Days " -> 9 Days | U32: C | V32: 46175 | W32: 46180 | X32: =IF(V32="","",(IF(W32="",TODAY()-V32,W32-V32)+0)) & " Days " -> 5 Days | Y32: C | Z32: 46182 | AA32: 46189 | AB32: =IF(Z32="","",(IF(AA32="",TODAY()-Z32,AA32-Z32)+0)) & " Days " -> 7 Days | AC32: B | AI32: 1 | AN32: Approved with Comments
D33: 20 | E33: MLTX-02-003-ADV-TS9-1-ARC-SDW-0013-00 | F33: 03 | G33: ADV-0013 | H33: SDW | I33: MLTX-02-003-HAL1-ADV-TS9-1-AR-SDW-0300-00 | J33: HAIL-TOILET SECTIONS (01-02) LAYOUT | K33: ARC | L33: Hail | M33: 46105 | O33: 46106 | P33: =IF(M33="","",(IF(O33="",TODAY()-M33,O33-M33)+0)) & " Days " -> 1 Days | Q33: C | R33: 46140 | S33: 46149 | T33: =IF(R33="","",(IF(S33="",TODAY()-R33,S33-R33)+0)) & " Days " -> 9 Days | U33: C | V33: 46175 | W33: 46180 | X33: =IF(V33="","",(IF(W33="",TODAY()-V33,W33-V33)+0)) & " Days " -> 5 Days | Y33: C | Z33: 46182 | AA33: 46189 | AB33: =IF(Z33="","",(IF(AA33="",TODAY()-Z33,AA33-Z33)+0)) & " Days " -> 7 Days | AC33: B | AI33: 1 | AN33: Approved with Comments
D34: 21 | E34: MLTX-02-003-ADV-TS9-1-ARC-SDW-0013-00 | F34: 03 | G34: ADV-0013 | H34: SDW | I34: MLTX-02-003-HAL1-ADV-TS9-1-AR-SDW-0301-00 | J34: HAIL-TOILET SECTION (03) LAYOUT | K34: ARC | L34: Hail | M34: 46105 | O34: 46106 | P34: =IF(M34="","",(IF(O34="",TODAY()-M34,O34-M34)+0)) & " Days " -> 1 Days | Q34: C | R34: 46140 | S34: 46149 | T34: =IF(R34="","",(IF(S34="",TODAY()-R34,S34-R34)+0)) & " Days " -> 9 Days | U34: C | V34: 46175 | W34: 46180 | X34: =IF(V34="","",(IF(W34="",TODAY()-V34,W34-V34)+0)) & " Days " -> 5 Days | Y34: C | Z34: 46182 | AA34: 46189 | AB34: =IF(Z34="","",(IF(AA34="",TODAY()-Z34,AA34-Z34)+0)) & " Days " -> 7 Days | AC34: B | AI34: 1 | AN34: Approved with Comments
D35: 22 | E35: MLTX-02-003-ADV-TS9-1-ARC-SDW-0014-00 | F35: 00 | G35: ADV-0014 | H35: SDW | I35: MLTX-02-003-QSM3-ADV-TS9-1-AR-SDW-0100-00 | J35: QASSIM OASIS - TOILET FLOOR LAYOUT & DETAILS | K35: ARC | L35: Qassim | M35: 46105 | O35: 46130 | P35: =IF(M35="","",(IF(O35="",TODAY()-M35,O35-M35)+0)) & " Days " -> 25 Days | Q35: B | AI35: 1 | AN35: Approved with Comments
D36: 23 | E36: MLTX-02-003-ADV-TS9-1-ARC-SDW-0014-00 | F36: 00 | G36: ADV-0014 | H36: SDW | I36: MLTX-02-003-QSM3-ADV-TS9-1-AR-SDW-0101-00 | J36: QASSIM OASIS-TOILET FLOORING LAYOUT & DETAILS | K36: ARC | L36: Qassim | M36: 46105 | O36: 46130 | P36: =IF(M36="","",(IF(O36="",TODAY()-M36,O36-M36)+0)) & " Days " -> 25 Days | Q36: B | AI36: 1 | AN36: Approved with Comments
D37: 24 | E37: MLTX-02-003-ADV-TS9-1-ARC-SDW-0014-00 | F37: 00 | G37: ADV-0014 | H37: SDW | I37: MLTX-02-003-QSM3-ADV-TS9-1-AR-SDW-0102-00 | J37: QASSIM OASIS-TOILET CEILING LAYOUT & DETAILS | K37: ARC | L37: Qassim | M37: 46105 | O37: 46130 | P37: =IF(M37="","",(IF(O37="",TODAY()-M37,O37-M37)+0)) & " Days " -> 25 Days | Q37: B | AI37: 1 | AN37: Approved with Comments
D38: 25 | E38: MLTX-02-003-ADV-TS9-1-ARC-SDW-0014-00 | F38: 00 | G38: ADV-0014 | H38: SDW | I38: MLTX-02-003-QSM3-ADV-TS9-1-AR-SDW-0200-00 | J38: QASSIM OASIS-TOILET ELEVATIONS LAYOUT | K38: ARC | L38: Qassim | M38: 46105 | O38: 46130 | P38: =IF(M38="","",(IF(O38="",TODAY()-M38,O38-M38)+0)) & " Days " -> 25 Days | Q38: B | AI38: 1 | AN38: Approved with Comments
D39: 26 | E39: MLTX-02-003-ADV-TS9-1-ARC-SDW-0014-00 | F39: 00 | G39: ADV-0014 | H39: SDW | I39: MLTX-02-003-QSM3-ADV-TS9-1-AR-SDW-0300-00 | J39: QASSIM OASIS-TOILET SECTIONS (01-02) LAYOUT | K39: ARC | L39: Qassim | M39: 46105 | O39: 46130 | P39: =IF(M39="","",(IF(O39="",TODAY()-M39,O39-M39)+0)) & " Days " -> 25 Days | Q39: B | AI39: 1 | AN39: Approved with Comments
D40: 27 | E40: MLTX-02-003-ADV-TS9-1-ARC-SDW-0014-00 | F40: 00 | G40: ADV-0014 | H40: SDW | I40: MLTX-02-003-QSM3-ADV-TS9-1-AR-SDW-0301-00 | J40: QASSIM OASIS-TOILET SECTION (03) LAYOUT | K40: ARC | L40: Qassim | M40: 46105 | O40: 46130 | P40: =IF(M40="","",(IF(O40="",TODAY()-M40,O40-M40)+0)) & " Days " -> 25 Days | Q40: B | AI40: 1 | AN40: Approved with Comments
D41: 28 | E41: MLTX-02-003-ADV-TS9-1-ARC-SDW-0015-00 | F41: 01 | G41: ADV-0015 | H41: SDW | I41: MLTX-02-003-TAB4-ADV-TS9-1-AR-SDW-0100-00 | J41: TABUK - TOILET FLOOR LAYOUT & DETAILS | K41: ARC | L41: Tabuk | M41: 46105 | O41: 46121 | P41: =IF(M41="","",(IF(O41="",TODAY()-M41,O41-M41)+0)) & " Days " -> 16 Days | Q41: C | R41: 46126 | S41: 46127 | T41: =IF(R41="","",(IF(S41="",TODAY()-R41,S41-R41)+0)) & " Days " -> 1 Days | U41: A | AH41: 1 | AN41: Approved
D42: 29 | E42: MLTX-02-003-ADV-TS9-1-ARC-SDW-0015-00 | F42: 01 | G42: ADV-0015 | H42: SDW | I42: MLTX-02-003-TAB4-ADV-TS9-1-AR-SDW-0101-00 | J42: TABUK-TOILET FLOORING LAYOUT & DETAILS | K42: ARC | L42: Tabuk | M42: 46105 | O42: 46121 | P42: =IF(M42="","",(IF(O42="",TODAY()-M42,O42-M42)+0)) & " Days " -> 16 Days | Q42: C | R42: 46126 | S42: 46127 | T42: =IF(R42="","",(IF(S42="",TODAY()-R42,S42-R42)+0)) & " Days " -> 1 Days | U42: A | AH42: 1 | AN42: Approved
D43: 30 | E43: MLTX-02-003-ADV-TS9-1-ARC-SDW-0015-00 | F43: 01 | G43: ADV-0015 | H43: SDW | I43: MLTX-02-003-TAB4-ADV-TS9-1-AR-SDW-0102-00 | J43: TABUK-TOILET CEILING LAYOUT & DETAILS | K43: ARC | L43: Tabuk | M43: 46105 | O43: 46121 | P43: =IF(M43="","",(IF(O43="",TODAY()-M43,O43-M43)+0)) & " Days " -> 16 Days | Q43: C | R43: 46126 | S43: 46127 | T43: =IF(R43="","",(IF(S43="",TODAY()-R43,S43-R43)+0)) & " Days " -> 1 Days | U43: A | AH43: 1 | AN43: Approved
D44: 31 | E44: MLTX-02-003-ADV-TS9-1-ARC-SDW-0015-00 | F44: 01 | G44: ADV-0015 | H44: SDW | I44: MLTX-02-003-TAB4-ADV-TS9-1-AR-SDW-0200-00 | J44: TABUK-TOILET ELEVATIONS LAYOUT | K44: ARC | L44: Tabuk | M44: 46105 | O44: 46121 | P44: =IF(M44="","",(IF(O44="",TODAY()-M44,O44-M44)+0)) & " Days " -> 16 Days | Q44: C | R44: 46126 | S44: 46127 | T44: =IF(R44="","",(IF(S44="",TODAY()-R44,S44-R44)+0)) & " Days " -> 1 Days | U44: B | AI44: 1 | AN44: Approved with Comments
D45: 32 | E45: MLTX-02-003-ADV-TS9-1-ARC-SDW-0015-00 | F45: 01 | G45: ADV-0015 | H45: SDW | I45: MLTX-02-003-TAB4-ADV-TS9-1-AR-SDW-0300-00 | J45: TABUK-TOILET SECTIONS (01-02) LAYOUT | K45: ARC | L45: Tabuk | M45: 46105 | O45: 46121 | P45: =IF(M45="","",(IF(O45="",TODAY()-M45,O45-M45)+0)) & " Days " -> 16 Days | Q45: C | R45: 46126 | S45: 46127 | T45: =IF(R45="","",(IF(S45="",TODAY()-R45,S45-R45)+0)) & " Days " -> 1 Days | U45: A | AH45: 1 | AN45: Approved
D46: 33 | E46: MLTX-02-003-ADV-TS9-1-ARC-SDW-0015-00 | F46: 01 | G46: ADV-0015 | H46: SDW | I46: MLTX-02-003-TAB4-ADV-TS9-1-AR-SDW-0301-00 | J46: TABUK-TOILET SECTION (03) LAYOUT | K46: ARC | L46: Tabuk | M46: 46105 | O46: 46121 | P46: =IF(M46="","",(IF(O46="",TODAY()-M46,O46-M46)+0)) & " Days " -> 16 Days | Q46: C | R46: 46126 | S46: 46127 | T46: =IF(R46="","",(IF(S46="",TODAY()-R46,S46-R46)+0)) & " Days " -> 1 Days | U46: A | AH46: 1 | AN46: Approved
D47: 34 | E47: MLTX-02-003-ADV-TS9-1-ARC-SDW-0016-00 | F47: 01 | G47: ADV-0016 | H47: SDW | I47: MLTX-02-003-HAL1-ADV-TS9-1-AR-SDW-1001-00 | J47: HAIL-DEMOLISHING LAYOUT | K47: ARC | L47: Hail | M47: 46107 | O47: 46109 | P47: =IF(M47="","",(IF(O47="",TODAY()-M47,O47-M47)+0)) & " Days " -> 2 Days | Q47: C | R47: 46124 | S47: 46127 | T47: =IF(R47="","",(IF(S47="",TODAY()-R47,S47-R47)+0)) & " Days " -> 3 Days | U47: B | AI47: 1 | AN47: Approved with Comments
D48: 35 | E48: MLTX-02-003-ADV-TS9-1-LSP-SDW-0017-00 | F48: 00 | G48: ADV-0017 | H48: SDW | I48: MLTX-02-003-QSM3-ADV-TS9-1-LS-SDW-0100-00 | J48: QASSIM OASIS - PARK LAYOUT PLAN | K48: LSP | L48: Qassim | M48: 46107 | O48: 46130 | P48: =IF(M48="","",(IF(O48="",TODAY()-M48,O48-M48)+0)) & " Days " -> 23 Days | Q48: B | AI48: 1 | AN48: Approved with Comments
D49: 36 | E49: MLTX-02-003-ADV-TS9-1-LSP-SDW-0017-00 | F49: 00 | G49: ADV-0017 | H49: SDW | I49: MLTX-02-003-QSM3-ADV-TS9-1-LS-SDW-0101-00 | J49: QASSIM OASIS - PARK LAYOUT PLAN PART 1 of 3 | K49: LSP | L49: Qassim | M49: 46107 | O49: 46130 | P49: =IF(M49="","",(IF(O49="",TODAY()-M49,O49-M49)+0)) & " Days " -> 23 Days | Q49: B | AI49: 1 | AN49: Approved with Comments
D50: 37 | E50: MLTX-02-003-ADV-TS9-1-LSP-SDW-0017-00 | F50: 00 | G50: ADV-0017 | H50: SDW | I50: MLTX-02-003-QSM3-ADV-TS9-1-LS-SDW-0102-00 | J50: QASSIM OASIS - PARK LAYOUT PLAN PART 2 of 3 | K50: LSP | L50: Qassim | M50: 46107 | O50: 46130 | P50: =IF(M50="","",(IF(O50="",TODAY()-M50,O50-M50)+0)) & " Days " -> 23 Days | Q50: B | AI50: 1 | AN50: Approved with Comments
D51: 38 | E51: MLTX-02-003-ADV-TS9-1-LSP-SDW-0017-00 | F51: 00 | G51: ADV-0017 | H51: SDW | I51: MLTX-02-003-QSM3-ADV-TS9-1-LS-SDW-0103-00 | J51: QASSIM OASIS - PARK LAYOUT PLAN PART 3 of 3 | K51: LSP | L51: Qassim | M51: 46107 | O51: 46130 | P51: =IF(M51="","",(IF(O51="",TODAY()-M51,O51-M51)+0)) & " Days " -> 23 Days | Q51: B | AI51: 1 | AN51: Approved with Comments
D52: 39 | E52: MLTX-02-003-ADV-TS9-1-LSP-SDW-0018-00 | F52: 01 | G52: ADV-0018 | H52: SDW | I52: MLTX-02-003-QSM3-ADV-TS9-1-LS-SDW-0401-00 | J52: QASSIM OASIS - BIKE and WALKING LAYOUT | K52: LSP | L52: Qassim | M52: 46107 | O52: 46130 | P52: =IF(M52="","",(IF(O52="",TODAY()-M52,O52-M52)+0)) & " Days " -> 23 Days | Q52: C | R52: 46181 | S52: 46184 | T52: =IF(R52="","",(IF(S52="",TODAY()-R52,S52-R52)+0)) & " Days " -> 3 Days | U52: B | AI52: 1 | AN52: Approved with Comments
D53: 40 | E53: MLTX-02-003-ADV-TS9-1-LSP-SDW-0018-00 | F53: 00 | G53: ADV-0018 | H53: SDW | I53: MLTX-02-003-QSM3-ADV-TS9-1-LS-SDW-0402-00 | J53: QASSIM OASIS - BIKE and WALKING LAYOUT PART 2 | K53: LSP | L53: Qassim | M53: 46107 | O53: 46130 | P53: =IF(M53="","",(IF(O53="",TODAY()-M53,O53-M53)+0)) & " Days " -> 23 Days | Q53: C | R53: As per Engr. Khaled's instruction, this drawing has been cancelled, revision will not be submitted.
D54: 41 | E54: MLTX-02-003-ADV-TS9-1-LSP-SDW-0019-00 | F54: 01 | G54: ADV-0019 | H54: SDW | I54: MLTX-02-003-QSM3-ADV-TS9-1-LS-SDW-0403-00 | J54: QASSIM OASIS - PAVING TILE LAYOUT PART 1 | K54: LSP | L54: Qassim | M54: 46107 | O54: 46130 | P54: =IF(M54="","",(IF(O54="",TODAY()-M54,O54-M54)+0)) & " Days " -> 23 Days | Q54: C | R54: 46205 | S54: 46215 | T54: =IF(R54="","",(IF(S54="",TODAY()-R54,S54-R54)+0)) & " Days " -> 10 Days | U54: B | AI54: 1 | AN54: Approved with Comments
D55: 42 | E55: MLTX-02-003-ADV-TS9-1-LSP-SDW-0019-00 | F55: 01 | G55: ADV-0019 | H55: SDW | I55: MLTX-02-003-QSM3-ADV-TS9-1-LS-SDW-0404-00 | J55: QASSIM OASIS - PAVING TILE LAYOUT PART 2 | K55: LSP | L55: Qassim | M55: 46107 | O55: 46130 | P55: =IF(M55="","",(IF(O55="",TODAY()-M55,O55-M55)+0)) & " Days " -> 23 Days | Q55: C | R55: 46205 | S55: 46215 | T55: =IF(R55="","",(IF(S55="",TODAY()-R55,S55-R55)+0)) & " Days " -> 10 Days | U55: B | AI55: 1 | AN55: Approved with Comments
D56: 43 | E56: MLTX-02-003-ADV-TS9-1-LSP-SDW-0020-00 | F56: 01 | G56: ADV-0020 | H56: SDW | I56: MLTX-02-003-QSM3-ADV-TS9-1-LS-SDW-0405-00 | J56: QASSIM OASIS - RUBBER SURFACE & FOOTBALL COURT LAYOUT - PART 1 of 3 | K56: LSP | L56: Qassim | M56: 46107 | O56: 46131 | P56: =IF(M56="","",(IF(O56="",TODAY()-M56,O56-M56)+0)) & " Days " -> 24 Days | Q56: C | R56: 46202 | S56: 46215 | T56: =IF(R56="","",(IF(S56="",TODAY()-R56,S56-R56)+0)) & " Days " -> 13 Days | U56: B | AI56: 1 | AN56: Approved with Comments
D57: 44 | E57: MLTX-02-003-ADV-TS9-1-LSP-SDW-0020-00 | F57: 01 | G57: ADV-0020 | H57: SDW | I57: MLTX-02-003-QSM3-ADV-TS9-1-LS-SDW-0406-00 | J57: QASSIM OASIS - RUBBER SURFACE & FOOTBALL COURT LAYOUT - PART 2 of 3 | K57: LSP | L57: Qassim | M57: 46107 | O57: 46131 | P57: =IF(M57="","",(IF(O57="",TODAY()-M57,O57-M57)+0)) & " Days " -> 24 Days | Q57: C | R57: 46202 | S57: 46215 | T57: =IF(R57="","",(IF(S57="",TODAY()-R57,S57-R57)+0)) & " Days " -> 13 Days | U57: B | AI57: 1 | AN57: Approved with Comments
D58: 45 | E58: MLTX-02-003-ADV-TS9-1-LSP-SDW-0020-00 | F58: 01 | G58: ADV-0020 | H58: SDW | I58: MLTX-02-003-QSM3-ADV-TS9-1-LS-SDW-0407-00 | J58: QASSIM OASIS - RUBBER SURFACE & FOOTBALL COURT LAYOUT - PART 3 of 3 | K58: LSP | L58: Qassim | M58: 46107 | O58: 46131 | P58: =IF(M58="","",(IF(O58="",TODAY()-M58,O58-M58)+0)) & " Days " -> 24 Days | Q58: C | R58: 46202 | S58: 46215 | T58: =IF(R58="","",(IF(S58="",TODAY()-R58,S58-R58)+0)) & " Days " -> 13 Days | U58: B | AI58: 1 | AN58: Approved with Comments
D59: 46 | E59: MLTX-02-003-ADV-TS9-1-LSP-SDW-0021-00 | F59: 01 | G59: ADV-0021 | H59: SDW | I59: MLTX-02-003-QSM3-ADV-TS9-1-LS-SDW-0408-00 | J59: QASSIM OASIS - SEATING BENCH LAYOUT PART 1 | K59: LSP | L59: Qassim | M59: 46107 | O59: 46130 | P59: =IF(M59="","",(IF(O59="",TODAY()-M59,O59-M59)+0)) & " Days " -> 23 Days | Q59: C | R59: 46203 | S59: 46215 | T59: =IF(R59="","",(IF(S59="",TODAY()-R59,S59-R59)+0)) & " Days " -> 12 Days | U59: B | AI59: 1 | AN59: Approved with Comments
D60: 47 | E60: MLTX-02-003-ADV-TS9-1-LSP-SDW-0021-00 | F60: 01 | G60: ADV-0021 | H60: SDW | I60: MLTX-02-003-QSM3-ADV-TS9-1-LS-SDW-0409-00 | J60: QASSIM OASIS - SEATING BENCH LAYOUT PART 2 | K60: LSP | L60: Qassim | M60: 46107 | O60: 46130 | P60: =IF(M60="","",(IF(O60="",TODAY()-M60,O60-M60)+0)) & " Days " -> 23 Days | Q60: C | R60: 46203 | S60: 46215 | T60: =IF(R60="","",(IF(S60="",TODAY()-R60,S60-R60)+0)) & " Days " -> 12 Days | U60: B | AI60: 1 | AN60: Approved with Comments
D61: 48 | E61: MLTX-02-003-ADV-TS9-1-LSP-SDW-0022-00 | F61: 00 | G61: ADV-0022 | H61: SDW | I61: MLTX-02-003-QSM3-ADV-TS9-1-LS-SDW-0410-00 | J61: QASSIM OASIS - STAMPED CONCRETE LAYOUT PART 1 | K61: LSP | L61: Qassim | M61: 46107 | O61: 46140 | P61: =IF(M61="","",(IF(O61="",TODAY()-M61,O61-M61)+0)) & " Days " -> 33 Days | Q61: B | AI61: 1 | AN61: Approved with Comments
D62: 49 | E62: MLTX-02-003-ADV-TS9-1-LSP-SDW-0022-00 | F62: 00 | G62: ADV-0022 | H62: SDW | I62: MLTX-02-003-QSM3-ADV-TS9-1-LS-SDW-0411-00 | J62: QASSIM OASIS - STAMPED CONCRETE LAYOUT PART 2 | K62: LSP | L62: Qassim | M62: 46107 | O62: 46140 | P62: =IF(M62="","",(IF(O62="",TODAY()-M62,O62-M62)+0)) & " Days " -> 33 Days | Q62: B | AI62: 1 | AN62: Approved with Comments
D63: 50 | E63: MLTX-02-003-ADV-TS9-1-LSP-SDW-0023-00 | F63: 02 | G63: ADV-0023 | H63: SDW | I63: MLTX-02-003-HAL1-ADV-TS9-1-LS-SDW-0100-00 | J63: HAIL-PARK LAYOUT PLAN | K63: LSP | L63: Hail | M63: 46107 | O63: 46109 | P63: =IF(M63="","",(IF(O63="",TODAY()-M63,O63-M63)+0)) & " Days " -> 2 Days | Q63: C | R63: 46125 | S63: 46131 | T63: =IF(R63="","",(IF(S63="",TODAY()-R63,S63-R63)+0)) & " Days " -> 6 Days | U63: C | V63: 46132 | W63: 46134 | X63: =IF(V63="","",(IF(W63="",TODAY()-V63,W63-V63)+0)) & " Days " -> 2 Days | Y63: B | Z63: 46287 | AB63: =IF(Z63="","",(IF(AA63="",TODAY()-Z63,AA63-Z63)+0)) & " Days " -> 19 Days | AC63: UR | AL63: 1 | AN63: Under Review
D64: 51 | E64: MLTX-02-003-ADV-TS9-1-LSP-SDW-0024-00 | F64: 03 | G64: ADV-0024 | H64: SDW | I64: MLTX-02-003-HAL1-ADV-TS9-1-LS-SDW-0401-00 | J64: HAIL-BIKE and WALKING LAYOUT | K64: LSP | L64: Hail | M64: 46107 | O64: 46109 | P64: =IF(M64="","",(IF(O64="",TODAY()-M64,O64-M64)+0)) & " Days " -> 2 Days | Q64: C | R64: 46125 | S64: 46132 | T64: =IF(R64="","",(IF(S64="",TODAY()-R64,S64-R64)+0)) & " Days " -> 7 Days | U64: C | V64: 46140 | W64: 46146 | X64: =IF(V64="","",(IF(W64="",TODAY()-V64,W64-V64)+0)) & " Days " -> 6 Days | Y64: B | Z64: 46287 | AA64: 46293 | AB64: =IF(Z64="","",(IF(AA64="",TODAY()-Z64,AA64-Z64)+0)) & " Days " -> 6 Days | AC64: B | AI64: 1 | AN64: Approved with Comments
D65: 52 | E65: MLTX-02-003-ADV-TS9-1-LSP-SDW-0025-00 | F65: 02 | G65: ADV-0025 | H65: SDW | I65: MLTX-02-003-HAL1-ADV-TS9-1-LS-SDW-0402-00 | J65: HAIL-PAVING TILE LAYOUT | K65: LSP | L65: Hail | M65: 46107 | O65: 46109 | P65: =IF(M65="","",(IF(O65="",TODAY()-M65,O65-M65)+0)) & " Days " -> 2 Days | Q65: C | R65: 46125 | S65: 46132 | T65: =IF(R65="","",(IF(S65="",TODAY()-R65,S65-R65)+0)) & " Days " -> 7 Days | U65: C | V65: 46140 | W65: 46146 | X65: =IF(V65="","",(IF(W65="",TODAY()-V65,W65-V65)+0)) & " Days " -> 6 Days | Y65: B | Z65: 46287 | AA65: 46293 | AB65: =IF(Z65="","",(IF(AA65="",TODAY()-Z65,AA65-Z65)+0)) & " Days " -> 6 Days | AC65: B | AI65: 1 | AN65: Approved with Comments
D66: 53 | E66: MLTX-02-003-ADV-TS9-1-LSP-SDW-0026-00 | F66: 03 | G66: ADV-0026 | H66: SDW | I66: MLTX-02-003-HAL1-ADV-TS9-1-LS-SDW-0403-00 | J66: HAIL-RUBBER SURFACE & FOOTBALL COURT LAYOUT | K66: LSP | L66: Hail | M66: 46107 | O66: 46109 | P66: =IF(M66="","",(IF(O66="",TODAY()-M66,O66-M66)+0)) & " Days " -> 2 Days | Q66: C | R66: 46125 | S66: 46132 | T66: =IF(R66="","",(IF(S66="",TODAY()-R66,S66-R66)+0)) & " Days " -> 7 Days | U66: C | V66: 46140 | W66: 46146 | X66: =IF(V66="","",(IF(W66="",TODAY()-V66,W66-V66)+0)) & " Days " -> 6 Days | Y66: B | Z66: 46289 | AA66: 46293 | AB66: =IF(Z66="","",(IF(AA66="",TODAY()-Z66,AA66-Z66)+0)) & " Days " -> 4 Days | AC66: B | AI66: 1 | AN66: Approved with Comments
D67: 54 | E67: MLTX-02-003-ADV-TS9-1-LSP-SDW-0027-00 | F67: 02 | G67: ADV-0027 | H67: SDW | I67: MLTX-02-003-HAL1-ADV-TS9-1-LS-SDW-0404-00 | J67: HAIL-SEATING BENCH LAYOUT | K67: LSP | L67: Hail | M67: 46107 | O67: 46109 | P67: =IF(M67="","",(IF(O67="",TODAY()-M67,O67-M67)+0)) & " Days " -> 2 Days | Q67: C | R67: 46125 | S67: 46132 | T67: =IF(R67="","",(IF(S67="",TODAY()-R67,S67-R67)+0)) & " Days " -> 7 Days | U67: C | V67: 46140 | W67: 46146 | X67: =IF(V67="","",(IF(W67="",TODAY()-V67,W67-V67)+0)) & " Days " -> 6 Days | Y67: B | Z67: 46289 | AA67: 46293 | AB67: =IF(Z67="","",(IF(AA67="",TODAY()-Z67,AA67-Z67)+0)) & " Days " -> 4 Days | AC67: B | AI67: 1 | AN67: Approved with Comments
D68: 55 | E68: MLTX-02-003-ADV-TS9-1-LSP-SDW-0028-00 | F68: 02 | G68: ADV-0028 | H68: SDW | I68: MLTX-02-003-HAL1-ADV-TS9-1-LS-SDW-0405-00 | J68: HAIL-STAMPED CONCRETE LAYOUT | K68: LSP | L68: Hail | M68: 46107 | O68: 46109 | P68: =IF(M68="","",(IF(O68="",TODAY()-M68,O68-M68)+0)) & " Days " -> 2 Days | Q68: C | R68: 46125 | S68: 46132 | T68: =IF(R68="","",(IF(S68="",TODAY()-R68,S68-R68)+0)) & " Days " -> 7 Days | U68: C | V68: 46140 | W68: 46146 | X68: =IF(V68="","",(IF(W68="",TODAY()-V68,W68-V68)+0)) & " Days " -> 6 Days | Y68: B | Z68: 46289 | AB68: =IF(Z68="","",(IF(AA68="",TODAY()-Z68,AA68-Z68)+0)) & " Days " -> 17 Days | AC68: UR | AL68: 1 | AN68: Under Review
D69: 56 | E69: MLTX-02-003-ADV-TS9-1-MEC-SDW-0029-00 | F69: 00 | G69: ADV-0029 | H69: SDW | I69: MLTX-02-003-QSM3-ADV-TS9-1-MEC-SDW-0001-00 | J69: GENERAL NOTES, LEGENDS, SYMBOLS & ABBREVIATIONS HVAC | K69: MEC | L69: Qassim | M69: 46111 | O69: 46117 | P69: =IF(M69="","",(IF(O69="",TODAY()-M69,O69-M69)+0)) & " Days " -> 6 Days | Q69: A | AH69: 1 | AN69: Approved
D70: 57 | E70: MLTX-02-003-ADV-TS9-1-MEC-SDW-0029-00 | F70: 00 | G70: ADV-0029 | H70: SDW | I70: MLTX-02-003-QSM3-ADV-TS9-1-MEC-SDW-0002-00 | J70: GENERAL INSTRUMENTATION & CONTROL | K70: MEC | L70: Qassim | M70: 46111 | O70: 46117 | P70: =IF(M70="","",(IF(O70="",TODAY()-M70,O70-M70)+0)) & " Days " -> 6 Days | Q70: A | AH70: 1 | AN70: Approved
D71: 58 | E71: MLTX-02-003-ADV-TS9-1-MEC-SDW-0029-00 | F71: 00 | G71: ADV-0029 | H71: SDW | I71: MLTX-02-003-HAL1-ADV-TS9-1-MEC-SDW-0003-00 | J71: TYPICAL GROUND FLOOR PLAN HVAC | K71: MEC | L71: Qassim | M71: 46111 | O71: 46117 | P71: =IF(M71="","",(IF(O71="",TODAY()-M71,O71-M71)+0)) & " Days " -> 6 Days | Q71: B | AI71: 1 | AN71: Approved with Comments
D72: 59 | E72: MLTX-02-003-ADV-TS9-1-MEC-SDW-0029-00 | F72: 00 | G72: ADV-0029 | H72: SDW | I72: MLTX-02-003-QSM2-ADV-TS9-1-MEC-SDW-0004-00 | J72: GENERAL MISCELLANEOUS DETAILS - HVAC | K72: MEC | L72: Qassim | M72: 46111 | O72: 46117 | P72: =IF(M72="","",(IF(O72="",TODAY()-M72,O72-M72)+0)) & " Days " -> 6 Days | Q72: A | AH72: 1 | AN72: Approved
D73: 60 | E73: MLTX-02-003-ADV-TS9-1-MEC-SDW-0029-00 | F73: 00 | G73: ADV-0029 | H73: SDW | I73: MLTX-02-003-QSM3-ADV-TS9-1-MEC-SDW-0005-00 | J73: GENERAL MISCELLANEOUS DETAILS - HVAC | K73: MEC | L73: Qassim | M73: 46111 | O73: 46117 | P73: =IF(M73="","",(IF(O73="",TODAY()-M73,O73-M73)+0)) & " Days " -> 6 Days | Q73: A | AH73: 1 | AN73: Approved
D74: 61 | E74: MLTX-02-003-ADV-TS9-1-MEC-SDW-0029-00 | F74: 00 | G74: ADV-0029 | H74: SDW | I74: MLTX-02-003-QSM3-ADV-TS9-1-MEC-SDW-0006-00 | J74: GENERAL MISCELLANEOUS DETAILS - HVAC | K74: MEC | L74: Qassim | M74: 46111 | O74: 46117 | P74: =IF(M74="","",(IF(O74="",TODAY()-M74,O74-M74)+0)) & " Days " -> 6 Days | Q74: A | AH74: 1 | AN74: Approved
D75: 62 | E75: MLTX-02-003-ADV-TS9-1-MEC-SDW-0030-00 | F75: 00 | G75: ADV-0030 | H75: SDW | I75: MLTX-02-003-TAB4-ADV-TS9-1-MEC-SDW-0001-00 | J75: GENERAL NOTES, LEGENDS, SYMBOLS & ABBREVIATIONS HVAC | K75: MEC | L75: Tabuk | M75: 46111 | O75: 46113 | P75: =IF(M75="","",(IF(O75="",TODAY()-M75,O75-M75)+0)) & " Days " -> 2 Days | Q75: B | AI75: 1 | AN75: Approved with Comments
D76: 63 | E76: MLTX-02-003-ADV-TS9-1-MEC-SDW-0030-00 | F76: 00 | G76: ADV-0030 | H76: SDW | I76: MLTX-02-003-TAB4-ADV-TS9-1-MEC-SDW-0002-00 | J76: GENERAL INSTRUMENTATION & CONTROL | K76: MEC | L76: Tabuk | M76: 46111 | O76: 46113 | P76: =IF(M76="","",(IF(O76="",TODAY()-M76,O76-M76)+0)) & " Days " -> 2 Days | Q76: B | AI76: 1 | AN76: Approved with Comments
D77: 64 | E77: MLTX-02-003-ADV-TS9-1-MEC-SDW-0030-00 | F77: 00 | G77: ADV-0030 | H77: SDW | I77: MLTX-02-003-TAB4-ADV-TS9-1-MEC-SDW-0003-00 | J77: TYPICAL GROUND FLOOR PLAN HVAC | K77: MEC | L77: Tabuk | M77: 46111 | O77: 46113 | P77: =IF(M77="","",(IF(O77="",TODAY()-M77,O77-M77)+0)) & " Days " -> 2 Days | Q77: B | AI77: 1 | AN77: Approved with Comments
D78: 65 | E78: MLTX-02-003-ADV-TS9-1-MEC-SDW-0030-00 | F78: 00 | G78: ADV-0030 | H78: SDW | I78: MLTX-02-003-TAB4-ADV-TS9-1-MEC-SDW-0004-00 | J78: GENERAL MISCELLANEOUS DETAILS - HVAC | K78: MEC | L78: Tabuk | M78: 46111 | O78: 46113 | P78: =IF(M78="","",(IF(O78="",TODAY()-M78,O78-M78)+0)) & " Days " -> 2 Days | Q78: B | AI78: 1 | AN78: Approved with Comments
D79: 66 | E79: MLTX-02-003-ADV-TS9-1-MEC-SDW-0030-00 | F79: 00 | G79: ADV-0030 | H79: SDW | I79: MLTX-02-003-TAB4-ADV-TS9-1-MEC-SDW-0005-00 | J79: GENERAL MISCELLANEOUS DETAILS - HVAC | K79: MEC | L79: Tabuk | M79: 46111 | O79: 46113 | P79: =IF(M79="","",(IF(O79="",TODAY()-M79,O79-M79)+0)) & " Days " -> 2 Days | Q79: B | AI79: 1 | AN79: Approved with Comments
D80: 67 | E80: MLTX-02-003-ADV-TS9-1-MEC-SDW-0030-00 | F80: 00 | G80: ADV-0030 | H80: SDW | I80: MLTX-02-003-TAB4-ADV-TS9-1-MEC-SDW-0006-00 | J80: GENERAL MISCELLANEOUS DETAILS - HVAC | K80: MEC | L80: Tabuk | M80: 46111 | O80: 46113 | P80: =IF(M80="","",(IF(O80="",TODAY()-M80,O80-M80)+0)) & " Days " -> 2 Days | Q80: B | AI80: 1 | AN80: Approved with Comments
D81: 68 | E81: MLTX-02-003-ADV-TS9-1-MEC-SDW-0031-00 | F81: 00 | G81: ADV-0031 | H81: SDW | I81: MLTX-02-003-HAL1-ADV-TS9-1-MEC-SDW-0001-00 | J81: GENERAL NOTES, LEGENDS, SYMBOLS & ABBREVIATIONS HVAC | K81: MEC | L81: Hail | M81: 46114 | O81: 46119 | P81: =IF(M81="","",(IF(O81="",TODAY()-M81,O81-M81)+0)) & " Days " -> 5 Days | Q81: A | AH81: 1 | AN81: Approved
D82: 69 | E82: MLTX-02-003-ADV-TS9-1-MEC-SDW-0031-00 | F82: 00 | G82: ADV-0031 | H82: SDW | I82: MLTX-02-003-HAL1-ADV-TS9-1-MEC-SDW-0002-00 | J82: GENERAL INSTRUMENTATION & CONTROL | K82: MEC | L82: Hail | M82: 46114 | O82: 46119 | P82: =IF(M82="","",(IF(O82="",TODAY()-M82,O82-M82)+0)) & " Days " -> 5 Days | Q82: A | AH82: 1 | AN82: Approved
D83: 70 | E83: MLTX-02-003-ADV-TS9-1-MEC-SDW-0031-00 | F83: 00 | G83: ADV-0031 | H83: SDW | I83: MLTX-02-003-HAL1-ADV-TS9-1-MEC-SDW-0003-00 | J83: TYPICAL GROUND FLOOR PLAN HVAC | K83: MEC | L83: Hail | M83: 46114 | O83: 46119 | P83: =IF(M83="","",(IF(O83="",TODAY()-M83,O83-M83)+0)) & " Days " -> 5 Days | Q83: B | AI83: 1 | AN83: Approved with Comments
D84: 71 | E84: MLTX-02-003-ADV-TS9-1-MEC-SDW-0031-00 | F84: 00 | G84: ADV-0031 | H84: SDW | I84: MLTX-02-003-HAL1-ADV-TS9-1-MEC-SDW-0004-00 | J84: GENERAL MISCELLANEOUS DETAILS - HVAC | K84: MEC | L84: Hail | M84: 46114 | O84: 46119 | P84: =IF(M84="","",(IF(O84="",TODAY()-M84,O84-M84)+0)) & " Days " -> 5 Days | Q84: A | AH84: 1 | AN84: Approved
D85: 72 | E85: MLTX-02-003-ADV-TS9-1-MEC-SDW-0031-00 | F85: 00 | G85: ADV-0031 | H85: SDW | I85: MLTX-02-003-HAL1-ADV-TS9-1-MEC-SDW-0005-00 | J85: GENERAL MISCELLANEOUS DETAILS - HVAC | K85: MEC | L85: Hail | M85: 46114 | O85: 46119 | P85: =IF(M85="","",(IF(O85="",TODAY()-M85,O85-M85)+0)) & " Days " -> 5 Days | Q85: A | AH85: 1 | AN85: Approved
D86: 73 | E86: MLTX-02-003-ADV-TS9-1-MEC-SDW-0031-00 | F86: 00 | G86: ADV-0031 | H86: SDW | I86: MLTX-02-003-HAL1-ADV-TS9-1-MEC-SDW-0006-00 | J86: GENERAL MISCELLANEOUS DETAILS - HVAC | K86: MEC | L86: Hail | M86: 46114 | O86: 46119 | P86: =IF(M86="","",(IF(O86="",TODAY()-M86,O86-M86)+0)) & " Days " -> 5 Days | Q86: A | AH86: 1 | AN86: Approved
D87: 74 | E87: MLTX-02-003-ADV-TS9-1-CVL-SDW-0032-00 | F87: 00 | G87: ADV-0032 | H87: SDW | I87: MLTX-02-003-TAB4-ADV-TS9-1-CV-SDW-0001-00 | J87: SITE LAYOUT - TABUK (BOREHOLES LOCATION) | K87: CVL | L87: Tabuk | M87: 46114 | O87: 46117 | P87: =IF(M87="","",(IF(O87="",TODAY()-M87,O87-M87)+0)) & " Days " -> 3 Days | Q87: B | AI87: 1 | AN87: Approved with Comments
D88: 75 | E88: MLTX-02-003-ADV-TS9-1-CVL-SDW-0033-00 | F88: 01 | G88: ADV-0033 | H88: SDW | I88: MLTX-02-003-QSM3-ADV-TS9-1-CV-SDW-0001-00 | J88: SITE LAYOUT - QASSIM (BOREHOLES LOCATION) | K88: CVL | L88: Qassim | M88: 46114 | O88: 46119 | P88: =IF(M88="","",(IF(O88="",TODAY()-M88,O88-M88)+0)) & " Days " -> 5 Days | Q88: B | R88: 46125 | S88: 46126 | T88: =IF(R88="","",(IF(S88="",TODAY()-R88,S88-R88)+0)) & " Days " -> 1 Days | U88: B | AI88: 1 | AN88: Approved with Comments
D89: 76 | E89: MLTX-02-003-ADV-TS9-1-CVL-SDW-0034-00 | F89: 01 | G89: ADV-0034 | H89: SDW | I89: MLTX-02-003-HAL1-ADV-TS9-1-CV-SDW-0001-00 | J89: SITE LAYOUT - HAIL (BOREHOLES LOCATION) | K89: CVL | L89: Hail | M89: 46114 | O89: 46118 | P89: =IF(M89="","",(IF(O89="",TODAY()-M89,O89-M89)+0)) & " Days " -> 4 Days | Q89: C | R89: 46125 | S89: 46125 | T89: =IF(R89="","",(IF(S89="",TODAY()-R89,S89-R89)+0)) & " Days " -> 0 Days | U89: B | AI89: 1 | AN89: Approved with Comments
D90: 77 | E90: MLTX-02-003-ADV-TS9-1-MEC-SDW-0035-00 | F90: 00 | G90: ADV-0035 | H90: SDW | I90: MLTX-02-003-QSM3-ADV-TS9-1-MEC-SDW-0007-00 | J90: GENERAL NOTES, LEGENDS, SYMBOLS & ABBREVIATIONS - PLUMBING | K90: MEC | L90: Qassim | M90: 46116 | O90: 46119 | P90: =IF(M90="","",(IF(O90="",TODAY()-M90,O90-M90)+0)) & " Days " -> 3 Days | Q90: A | AH90: 1 | AN90: Approved
D91: 78 | E91: MLTX-02-003-ADV-TS9-1-MEC-SDW-0035-00 | F91: 01 | G91: ADV-0035 | H91: SDW | I91: MLTX-02-003-QSM3-ADV-TS9-1-MEC-SDW-0008-00 | J91: GRP WATER TANK PIPING LAYOUT | K91: MEC | L91: Qassim | M91: 46116 | O91: 46119 | P91: =IF(M91="","",(IF(O91="",TODAY()-M91,O91-M91)+0)) & " Days " -> 3 Days | Q91: C | R91: 46121 | S91: 46125 | T91: =IF(R91="","",(IF(S91="",TODAY()-R91,S91-R91)+0)) & " Days " -> 4 Days | U91: B | AI91: 1 | AN91: Approved with Comments
D92: 79 | E92: MLTX-02-003-ADV-TS9-1-MEC-SDW-0035-00 | F92: 02 | G92: ADV-0035 | H92: SDW | I92: MLTX-02-003-QSM3-ADV-TS9-1-MEC-SDW-0009-00 | J92: TYPICAL GROUND FLOOR PLAN - PLUMBING DRAINAGE & WATER SUPPLY | K92: MEC | L92: Qassim | M92: 46116 | O92: 46119 | P92: =IF(M92="","",(IF(O92="",TODAY()-M92,O92-M92)+0)) & " Days " -> 3 Days | Q92: C | R92: 46121 | S92: 46125 | T92: =IF(R92="","",(IF(S92="",TODAY()-R92,S92-R92)+0)) & " Days " -> 4 Days | U92: B | V92: 46190 | W92: 46200 | X92: =IF(V92="","",(IF(W92="",TODAY()-V92,W92-V92)+0)) & " Days " -> 10 Days | Y92: B | AI92: 1 | AN92: Approved with Comments
D93: 80 | E93: MLTX-02-003-ADV-TS9-1-MEC-SDW-0035-00 | F93: 00 | G93: ADV-0035 | H93: SDW | I93: MLTX-02-003-QSM3-ADV-TS9-1-MEC-SDW-0010-00 | J93: GENERAL MISCELLANEOUS DETAILS PLUMBING | K93: MEC | L93: Qassim | M93: 46116 | O93: 46119 | P93: =IF(M93="","",(IF(O93="",TODAY()-M93,O93-M93)+0)) & " Days " -> 3 Days | Q93: A | AH93: 1 | AN93: Approved
D94: 81 | E94: MLTX-02-003-ADV-TS9-1-MEC-SDW-0035-00 | F94: 00 | G94: ADV-0035 | H94: SDW | I94: MLTX-02-003-QSM3-ADV-TS9-1-MEC-SDW-0011-00 | J94: GENERAL MISCELLANEOUS DETAILS PLUMBING | K94: MEC | L94: Qassim | M94: 46116 | O94: 46119 | P94: =IF(M94="","",(IF(O94="",TODAY()-M94,O94-M94)+0)) & " Days " -> 3 Days | Q94: A | AH94: 1 | AN94: Approved
D95: 82 | E95: MLTX-02-003-ADV-TS9-1-MEC-SDW-0036-00 | F95: 00 | G95: ADV-0036 | H95: SDW | I95: MLTX-02-003-HAL1-ADV-TS9-1-MEC-SDW-0007-00 | J95: GENERAL NOTES, LEGENDS, SYMBOLS & ABBREVIATIONS - PLUMBING | K95: MEC | L95: Hail | M95: 46116 | O95: 46119 | P95: =IF(M95="","",(IF(O95="",TODAY()-M95,O95-M95)+0)) & " Days " -> 3 Days | Q95: A | AH95: 1 | AN95: Approved
D96: 83 | E96: MLTX-02-003-ADV-TS9-1-MEC-SDW-0036-00 | F96: 01 | G96: ADV-0036 | H96: SDW | I96: MLTX-02-003-HAL1-ADV-TS9-1-MEC-SDW-0008-00 | J96: GRP WATER TANK PIPING LAYOUT | K96: MEC | L96: Hail | M96: 46116 | O96: 46119 | P96: =IF(M96="","",(IF(O96="",TODAY()-M96,O96-M96)+0)) & " Days " -> 3 Days | Q96: C | R96: 46121 | S96: 46125 | T96: =IF(R96="","",(IF(S96="",TODAY()-R96,S96-R96)+0)) & " Days " -> 4 Days | U96: B | AI96: 1 | AN96: Approved with Comments
D97: 84 | E97: MLTX-02-003-ADV-TS9-1-MEC-SDW-0036-00 | F97: 01 | G97: ADV-0036 | H97: SDW | I97: MLTX-02-003-HAL1-ADV-TS9-1-MEC-SDW-0009-00 | J97: TYPICAL GROUND FLOOR PLAN - PLUMBING DRAINAGE & WATER SUPPLY | K97: MEC | L97: Hail | M97: 46116 | O97: 46119 | P97: =IF(M97="","",(IF(O97="",TODAY()-M97,O97-M97)+0)) & " Days " -> 3 Days | Q97: C | R97: 46121 | S97: 46125 | T97: =IF(R97="","",(IF(S97="",TODAY()-R97,S97-R97)+0)) & " Days " -> 4 Days | U97: B | AI97: 1 | AN97: Approved with Comments
D98: 85 | E98: MLTX-02-003-ADV-TS9-1-MEC-SDW-0036-00 | F98: 00 | G98: ADV-0036 | H98: SDW | I98: MLTX-02-003-HAL1-ADV-TS9-1-MEC-SDW-0010-00 | J98: GENERAL MISCELLANEOUS DETAILS - PLUMBING | K98: MEC | L98: Hail | M98: 46116 | O98: 46119 | P98: =IF(M98="","",(IF(O98="",TODAY()-M98,O98-M98)+0)) & " Days " -> 3 Days | Q98: A | AH98: 1 | AN98: Approved
D99: 86 | E99: MLTX-02-003-ADV-TS9-1-MEC-SDW-0036-00 | F99: 00 | G99: ADV-0036 | H99: SDW | I99: MLTX-02-003-HAL1-ADV-TS9-1-MEC-SDW-0011-00 | J99: GENERAL MISCELLANEOUS DETAILS -PLUMBING | K99: MEC | L99: Hail | M99: 46116 | O99: 46119 | P99: =IF(M99="","",(IF(O99="",TODAY()-M99,O99-M99)+0)) & " Days " -> 3 Days | Q99: A | AH99: 1 | AN99: Approved
D100: 87 | E100: MLTX-02-003-ADV-TS9-1-MEC-SDW-0037-00 | F100: 00 | G100: ADV-0037 | H100: SDW | I100: MLTX-02-003-TAB4-ADV-TS9-1-MEC-SDW-0007-00 | J100: GENERAL NOTES, LEGENDS, SYMBOLS & ABBREVIATIONS - PLUMBING | K100: MEC | L100: Tabuk | M100: 46116 | O100: 46123 | P100: =IF(M100="","",(IF(O100="",TODAY()-M100,O100-M100)+0)) & " Days " -> 7 Days | Q100: B | AI100: 1 | AN100: Approved with Comments
D101: 88 | E101: MLTX-02-003-ADV-TS9-1-MEC-SDW-0037-00 | F101: 00 | G101: ADV-0037 | H101: SDW | I101: MLTX-02-003-TAB4-ADV-TS9-1-MEC-SDW-0008-00 | J101: GRP WATER TANK PIPING LAYOUT | K101: MEC | L101: Tabuk | M101: 46116 | O101: 46123 | P101: =IF(M101="","",(IF(O101="",TODAY()-M101,O101-M101)+0)) & " Days " -> 7 Days | Q101: C | AJ101: 1 | AN101: Revise & Resubmit
D102: 89 | E102: MLTX-02-003-ADV-TS9-1-MEC-SDW-0037-00 | F102: 00 | G102: ADV-0037 | H102: SDW | I102: MLTX-02-003-TAB4-ADV-TS9-1-MEC-SDW-0009-00 | J102: TYPICAL GROUND FLOOR PLAN - PLUMBING DRAINAGE & WATER SUPPLY | K102: MEC | L102: Tabuk | M102: 46116 | O102: 46123 | P102: =IF(M102="","",(IF(O102="",TODAY()-M102,O102-M102)+0)) & " Days " -> 7 Days | Q102: B | AI102: 1 | AN102: Approved with Comments
D103: 90 | E103: MLTX-02-003-ADV-TS9-1-MEC-SDW-0037-00 | F103: 00 | G103: ADV-0037 | H103: SDW | I103: MLTX-02-003-TAB4-ADV-TS9-1-MEC-SDW-0010-00 | J103: GENERAL MISCELLANEOUS DETAILS PLUMBING | K103: MEC | L103: Tabuk | M103: 46116 | O103: 46123 | P103: =IF(M103="","",(IF(O103="",TODAY()-M103,O103-M103)+0)) & " Days " -> 7 Days | Q103: B | AI103: 1 | AN103: Approved with Comments
...

Sheet MSA
Y3: Approved = A | AA3: =SUM(AC14:AC633) -> 0
G4: P030 - (MLTX-02-003) - Playgrounds Initiative at (Qassim Oasis , Hail and Tabuk Industrial City) | Y4: Approved with Comments = B | AA4: =SUM(AD14:AD633) -> 1
Y5: Revise & Resubmit = C | AA5: =SUM(AE14:AE633) -> 3
G6: Material Source Approval (MSA) - Submissions & Approvals | Y6: Under PMC Review / For Info. / Rejected / Cancelled / Recalled = D | AA6: =SUM(AF14:AF633) -> 0
Y7: Under Review = UR | AA7: =SUM(AG14:AG633) -> 0
Y8: Delayed with ADV | AA8: =COUNTIF(M14:M20,"Delayed") -> 0
Y9: Delayed with Egis | AA9: =SUM(AH14:AH633) -> 9
Y10: Total Number of Submittals | AA10: =SUM(AA3:AA9) -> 13
L12: 1st Submittal - Rev-00 | Q12: 2nd Submittal - Rev-01 | U12: 3rd Submittal - Rev-02 | Z12: 4th Submittal - Rev-03 | AC12: =TODAY() -> 46306
B13: Transmittle # | C13: Location Area / Floor | D13: SI No. | E13: Transmittal Number | F13: Latest Rev.# | G13: ADV Reference Number | H13: Doc Type | I13: Description | J13: Discipline | K13: Site | L13: Actual Submission Date | M13: Delayed | N13: Date of Return Egis | O13: Duration with Egis | P13: Code | Q13: Actual Submission Date | R13: Date of Return Egis | S13: Duration with Egis | T13: Code | U13: Actual Submission Date | V13: Date of Return Egis | W13: Duration with Egis | X13: Code | Y13: Actual Submission Date | Z13: Date of Return Egis | AA13: Duration with Egis | AB13: Code | AC13: A | AD13: B | AE13: C | AF13: D | AG13: UR | AH13: Delayed with Egis | AI13: Remarks
D14: 1 | E14: MLTX-02-003-ADV-MSA-0001-00 | F14: 00 | G14: ADV-0001 | H14: MSA | I14: Material Source Approval "Al-Omaier Trading & contracting. Co" for Backfilling Materials | K14: Hail | L14: 46159 | N14: 46187 | O14: =IF(L14="","",(IF(N14="",TODAY()-L14,N14-L14)+0)) & " Days " -> 28 Days | P14: B | AD14: 1 | AI14: Approved with Comments
D15: 2 | E15: MLTX-02-003-ADV-MSA-0002-00 | F15: 00 | G15: ADV-0002 | H15: MSA | I15: Material Source Approval "Al-Sayigh Crusher" for A-1-a fill material | K15: Qassim | L15: 46162 | N15: 46191 | O15: =IF(L15="","",(IF(N15="",TODAY()-L15,N15-L15)+0)) & " Days " -> 29 Days | P15: C | AE15: 1 | AI15: Revise & Resubmit
D16: 3 | E16: MLTX-02-003-ADV-MSA-0003-00 | F16: 00 | G16: ADV-0003 | H16: MSA | I16: Material Source Approval "Al-Sayigh Crusher" for A-1-b fill material | K16: Qassim | L16: 46162 | O16: =IF(L16="","",(IF(N16="",TODAY()-L16,N16-L16)+0)) & " Days " -> 144 Days | P16: UR | AH16: 1 | AI16: Delayed with Egis
D17: 4 | E17: MLTX-02-003-ADV-MSA-0004-00 | F17: 00 | G17: ADV-0004 | H17: MSA | I17: Material Source Approval "ASAS Al-Mohileb Crusher" A-1-a fill material | K17: Tabuk | L17: 46163 | O17: =IF(L17="","",(IF(N17="",TODAY()-L17,N17-L17)+0)) & " Days " -> 143 Days | P17: UR | AH17: 1 | AI17: Delayed with Egis
D18: 5 | E18: MLTX-02-003-ADV-MSA-0005-00 | F18: 00 | G18: ADV-0005 | H18: MSA | I18: Material Source Approval "Al-Sayigh Crusher" for Aggregate Base Course Material | K18: Qassim | L18: 46194 | O18: =IF(L18="","",(IF(N18="",TODAY()-L18,N18-L18)+0)) & " Days " -> 112 Days | P18: UR | AH18: 1 | AI18: Delayed with Egis
D19: 6 | E19: MLTX-02-003-ADV-MSA-0006-00 | F19: 00 | G19: ADV-0006 | H19: MSA | I19: Material Source Approval (MSA) of “ASAS Al-Mohelib Crusher” for Sub-Base Material | K19: Tabuk | L19: 46204 | O19: =IF(L19="","",(IF(N19="",TODAY()-L19,N19-L19)+0)) & " Days " -> 102 Days | P19: UR | AH19: 1 | AI19: Delayed with Egis
D20: 7 | E20: MLTX-02-003-ADV-MSA-0007-00 | F20: 00 | G20: ADV-0007 | H20: MSA | I20: Material Source Approval (MSA) of “Expert Future for Asphalt Co.” for the Aggregate Base Course | K20: Tabuk | L20: 46219 | O20: =IF(L20="","",(IF(N20="",TODAY()-L20,N20-L20)+0)) & " Days " -> 87 Days | P20: UR | AH20: 1 | AI20: Delayed with Egis
D21: 8 | E21: MLTX-02-003-ADV-MSA-0008-00 | F21: 00 | G21: ADV-0008 | H21: MSA | I21: Material Source Approval (MSA) of “Asas Almohaileb for Ready Mix Concrete” for Concrete Mix Design C35 OPC/SRC | K21: Tabuk | L21: 46219 | O21: =IF(L21="","",(IF(N21="",TODAY()-L21,N21-L21)+0)) & " Days " -> 87 Days | P21: UR | AH21: 1 | AI21: Delayed with Egis
D22: 9 | E22: MLTX-02-003-ADV-MSA-0009-00 | F22: 00 | G22: ADV-0009 | H22: MSA | I22: Material Source Approval (MSA) of “Al- Fouzan Ready-mix & Cement Products” for Ready-mix Concrete C20 CRS, C35 CRS | K22: Qassim | L22: 46230 | O22: =IF(L22="","",(IF(N22="",TODAY()-L22,N22-L22)+0)) & " Days " -> 76 Days | P22: UR | AH22: 1 | AI22: Delayed with Egis
D23: 10 | E23: MLTX-05-047-ADV-MSA-0010-00 | F23: 00 | G23: ADV-0010 | H23: MSA | I23: MSA material source approval of Bituminous base course class B from Expert future asphalt patch plant for TABUK project. | K23: Tabuk | L23: 46282 | O23: =IF(L23="","",(IF(N23="",TODAY()-L23,N23-L23)+0)) & " Days " -> 24 Days | P23: UR | AH23: 1 | AI23: Delayed with Egis
D24: 11 | E24: MLTX-05-047-ADV-MSA-0011-00 | F24: 00 | G24: ADV-0011 | H24: MSA | I24: MSA materials source approval of Bituminous Wearing course class C from EPAERT FUTURE PATCH PLANT for Tabuk playgrounds project | K24: Tabuk | L24: 46282 | N24: 46293 | O24: =IF(L24="","",(IF(N24="",TODAY()-L24,N24-L24)+0)) & " Days " -> 11 Days | P24: C | AE24: 1 | AI24: Revise & Resubmit
D25: 12 | E25: MLTX-05-047-ADV-MSA-0012-00 | F25: 00 | G25: ADV-0012 | H25: MSA | I25: material source approval of Bituminous Base Course class B from SHIBH Aljazeera Asphalt patch plant for Qasim project | K25: Qassim | L25: 46284 | O25: =IF(L25="","",(IF(N25="",TODAY()-L25,N25-L25)+0)) & " Days " -> 22 Days | P25: UR | AH25: 1 | AI25: Delayed with Egis
D26: 13 | E26: MLTX-05-047-ADV-MSA-0013-00 | F26: 00 | G26: ADV-0013 | H26: MSA | I26: MSA for Bituminous Wearing Course class C (BWC-C) from SHIBH ALJAZEERA asphalt patch plant for playgrounds project at QASSIM. | K26: Qassim | L26: 46284 | N26: 46287 | O26: =IF(L26="","",(IF(N26="",TODAY()-L26,N26-L26)+0)) & " Days " -> 3 Days | P26: C | AE26: 1 | AI26: Revise & Resubmit
D27: 14
